<svg version="1.1" id="Layer_1" xmlns="http://www.w3.org/2000/svg" xmlns:xlink="http://www.w3.org/1999/xlink" x="0px" y="0px"
	 width="100%" viewBox="0 0 1024 1024" enable-background="new 0 0 1024 1024" xml:space="preserve">
<path fill="#020101" opacity="1.000000" stroke="none" 
	d="
M1025.000000,372.000000 
	C1025.000000,588.500000 1024.988770,804.500000 1025.093628,1020.499939 
	C1025.095459,1024.249268 1024.249146,1025.094238 1020.500000,1025.093140 
	C682.166687,1024.992798 343.833344,1024.992920 5.500028,1025.093262 
	C1.750903,1025.094360 0.905801,1024.249146 0.906913,1020.500000 
	C1.007246,682.166687 1.007246,343.833344 0.906913,5.500028 
	C0.905801,1.750904 1.750901,0.905800 5.500027,0.906912 
	C343.833344,1.007255 682.166687,1.007255 1020.500000,0.906912 
	C1024.249146,0.905800 1025.098022,1.750486 1025.094482,5.500088 
	C1024.980103,127.499985 1025.000000,249.500000 1025.000000,372.000000 
z"/>
<path fill="#F7F6F3" opacity="1.000000" stroke="none" 
	d="
M753.500610,197.559174 
	C751.886536,203.552383 750.122620,209.028778 747.123779,214.383850 
	C746.722778,217.370209 744.841431,219.082214 742.975708,221.200195 
	C741.912476,222.249664 741.009094,222.958984 739.803650,223.854736 
	C739.133179,224.345428 738.744751,224.625534 738.061890,225.132874 
	C732.279114,229.606461 725.764954,231.117111 718.742920,232.383667 
	C715.301941,232.571365 712.263245,232.367355 708.806396,232.404785 
	C707.833069,232.412827 707.277283,232.411972 706.305664,232.409454 
	C698.737427,231.988968 691.566589,231.703094 684.265076,229.423431 
	C683.386108,229.125137 682.893982,228.939529 682.045166,228.612289 
	C681.202148,228.332153 680.722290,228.175385 679.890808,227.897690 
	C673.329041,225.692413 666.901855,224.261612 660.608582,221.410660 
	C659.890503,221.068130 659.756897,220.439499 659.342712,220.595230 
	C662.163635,230.595413 671.972595,234.317062 677.781372,241.947952 
	C682.122131,247.069977 686.376526,251.818283 689.792480,257.666260 
	C695.464722,266.325043 699.503113,275.368286 702.997559,285.106445 
	C704.900513,291.474609 706.479736,297.517181 707.231079,304.179749 
	C707.632080,313.159546 708.094971,321.721558 706.321411,330.623718 
	C704.506592,339.942932 702.263672,348.695587 698.317749,357.333710 
	C694.357483,364.460358 690.300842,371.064453 684.828064,377.137726 
	C682.486389,379.964844 680.381958,382.725128 677.615295,384.391968 
	C671.003601,388.375214 667.490906,394.804321 664.386292,401.215820 
	C662.005981,406.131470 659.144653,409.410034 653.839661,410.532074 
	C652.871338,410.736908 652.081116,411.422791 651.078125,412.334778 
	C647.104431,415.936066 645.325684,420.975891 640.750427,424.044556 
	C635.525452,428.707611 630.231079,432.614899 623.898376,434.880219 
	C621.546631,435.721527 621.287109,437.563324 621.303101,439.665588 
	C621.318420,441.669556 621.746338,443.598907 622.218079,445.874451 
	C623.330688,450.098694 626.868408,451.225891 630.125671,453.150879 
	C634.077393,455.922424 637.049133,455.148773 639.942261,451.855133 
	C645.207336,445.861328 651.906372,441.355621 657.304138,435.470703 
	C659.017395,433.602814 660.471008,431.781006 660.886353,429.124115 
	C662.423706,419.291840 668.131531,411.727173 675.023193,405.122803 
	C678.598267,401.696716 682.230469,398.266724 686.303345,394.831360 
	C692.353882,389.906494 698.328430,385.452484 704.397827,380.553589 
	C713.544189,372.936401 722.922913,366.182007 732.198853,358.740601 
	C734.727356,357.068970 736.795044,355.340851 739.296021,353.650208 
	C740.873291,352.680878 742.095215,351.786072 743.492310,350.581024 
	C745.369751,349.342529 747.018799,348.340271 748.617798,346.725006 
	C750.599304,345.589844 752.311462,344.635101 754.090576,343.166565 
	C756.807434,340.989929 759.555908,339.456024 762.439636,337.518311 
	C767.114380,334.630188 771.310242,331.628326 775.904175,328.625000 
	C776.534424,328.172668 776.898865,327.922699 777.539978,327.495300 
	C779.112366,326.537506 780.387878,325.723053 781.967896,324.791931 
	C782.808167,324.334076 783.390808,324.077362 784.225708,323.617462 
	C784.681396,323.347290 784.863525,323.237549 785.319641,322.962036 
	C787.659546,321.603088 789.610840,320.255035 791.567261,318.344238 
	C796.718018,315.413544 801.433716,312.401489 806.628479,309.476318 
	C807.192139,309.219269 807.428223,309.133820 808.036133,308.963318 
	C809.900452,308.679993 811.371582,308.771545 812.810974,309.225494 
	C819.252747,311.257172 821.428772,317.196289 817.831421,322.895844 
	C816.674988,324.728088 815.122253,326.210754 813.367798,328.013123 
	C808.954773,332.108124 804.479675,335.571411 800.118652,339.685455 
	C797.093445,341.860809 794.767700,344.345123 791.769897,346.543518 
	C786.207458,351.096649 781.445801,356.042755 775.884399,360.600983 
	C770.837036,365.049103 765.940369,369.151947 761.024536,373.747009 
	C757.929321,376.223145 754.973999,378.330719 752.109497,381.089172 
	C751.701904,381.494934 751.534668,381.653748 751.104675,382.039001 
	C750.659241,382.407471 750.476501,382.549438 750.010498,382.891388 
	C743.847229,388.252899 737.449158,392.801453 731.529053,398.457214 
	C723.443970,404.028442 716.655701,410.619537 709.533203,416.795868 
	C706.784302,419.179565 704.067749,421.612579 701.332703,424.019562 
	C700.424133,424.819183 698.887085,425.799500 700.164062,427.261322 
	C701.231934,428.483765 702.603638,427.766327 703.776855,427.051819 
	C704.343445,426.706757 704.881897,426.316406 705.403564,425.907532 
	C715.055664,418.342133 724.746338,410.824524 734.338867,402.628967 
	C740.634644,397.837921 745.981018,392.454285 752.259521,387.654297 
	C755.569275,384.785187 758.911255,382.497101 762.161987,379.560822 
	C766.299866,375.097137 771.646729,372.644257 775.855103,368.267853 
	C776.263855,367.881012 776.430664,367.730377 776.853516,367.362488 
	C777.451904,366.854279 777.791321,366.559875 778.373047,366.024048 
	C783.168579,362.220978 787.881958,358.857117 792.349304,354.644073 
	C795.462280,352.580566 797.790771,350.123688 800.566650,347.660217 
	C807.113708,342.930969 813.084351,338.010376 819.599365,333.193420 
	C823.324707,330.713837 826.809631,330.528748 829.851318,333.419312 
	C832.884949,336.302246 833.473572,339.927826 831.876892,343.856506 
	C831.255005,345.386749 830.536926,346.862915 829.467346,348.572418 
	C827.245911,351.968658 824.669373,354.572021 821.802368,357.354523 
	C821.422302,357.739044 821.269409,357.888947 820.887146,358.256012 
	C820.507263,358.615662 820.356628,358.758118 819.773193,359.333435 
	C819.205200,359.918457 819.070068,360.070618 818.746094,360.463013 
	C818.198364,361.212616 817.855652,361.732697 817.349121,362.534973 
	C815.154785,365.181976 812.726807,367.202209 810.877686,370.164062 
	C808.837097,372.402283 806.841248,374.213776 804.779297,376.430664 
	C801.714905,379.473297 798.655701,382.079437 796.607483,385.993164 
	C794.524536,387.840912 792.603516,389.374786 790.748291,391.483398 
	C783.905640,398.133514 777.587708,404.829834 770.625366,411.364014 
	C765.783813,414.707733 762.379150,419.079315 758.137573,423.065674 
	C757.728149,423.475922 757.559814,423.636200 757.126831,424.024963 
	C756.677795,424.396698 756.493469,424.539948 756.023193,424.884888 
	C748.199402,431.671173 740.616211,438.203430 732.775269,444.981140 
	C723.895386,451.820587 715.380676,458.579590 704.439941,461.981079 
	C698.910645,463.199585 693.729431,464.507935 688.378174,464.254730 
	C681.942322,463.950226 678.074768,468.294189 673.995544,472.094940 
	C671.957092,473.994171 674.297424,475.008209 675.603760,475.735718 
	C683.277588,480.009338 690.490356,485.095276 698.836121,488.894562 
	C703.361145,490.679108 707.291077,492.914276 711.780273,494.774963 
	C714.028015,495.754150 715.673035,497.111145 717.955872,498.018433 
	C720.859375,499.218536 723.460327,500.243866 726.162109,501.872925 
	C731.857300,504.775787 736.914612,508.056000 742.191528,511.635406 
	C744.915344,513.445984 747.242188,515.222534 749.901245,517.108887 
	C752.107910,518.744446 753.575745,520.732361 755.941650,522.176086 
	C757.289124,523.136353 758.175659,524.128784 759.478577,525.145996 
	C763.445496,527.874634 766.282471,531.458252 770.382202,534.038574 
	C777.691345,539.506653 783.974304,545.602783 790.364624,552.095947 
	C794.321960,556.721741 799.209534,559.965759 802.773376,564.961853 
	C805.108276,568.147156 807.710693,570.677673 809.973511,573.909912 
	C810.433044,574.528015 810.671875,574.894836 811.071655,575.542175 
	C811.367126,575.991821 811.486755,576.170532 811.792847,576.612854 
	C812.235229,577.228882 812.489197,577.582703 812.939636,578.205811 
	C816.049316,582.260010 818.580994,586.310486 821.508728,590.504822 
	C823.700562,594.667480 826.178589,598.264160 828.448486,602.389526 
	C828.730896,603.168701 828.807617,603.635071 828.774292,604.466675 
	C828.557861,605.277710 828.286987,605.658447 827.540527,605.938965 
	C812.694275,586.797302 797.174316,568.544006 779.258484,552.545227 
	C758.680237,534.169006 738.432251,514.913147 712.329590,504.559723 
	C695.797729,498.002472 681.469055,487.706268 665.563782,480.234100 
	C663.034241,479.045746 660.715637,477.322052 657.437073,477.053741 
	C656.852478,477.056702 656.640564,477.045044 656.466919,476.717407 
	C663.355835,469.564117 670.984558,463.642548 678.482727,457.557678 
	C680.261780,456.113953 682.057556,455.964325 684.034241,456.082642 
	C698.078003,456.923309 710.246948,452.007996 720.971375,443.460632 
	C756.373352,415.245331 789.011292,384.160767 817.779053,349.127838 
	C818.989868,347.653351 820.662476,346.334808 820.834229,344.131592 
	C818.978943,342.777313 818.051697,344.580322 817.041260,345.337067 
	C797.165039,360.222778 778.544556,376.650024 759.373596,392.402924 
	C742.392273,406.356537 725.517639,420.442078 708.019714,433.757141 
	C704.182434,436.677063 700.297241,437.413635 695.957825,435.185974 
	C689.585449,431.914673 688.501099,425.682587 693.578186,420.542175 
	C707.187622,406.763092 722.532471,394.971222 737.334900,382.560394 
	C760.051147,363.514221 782.681824,344.369263 804.565796,324.363190 
	C805.521240,323.489746 807.823303,322.643982 806.428955,321.021820 
	C805.234314,319.631989 803.801453,321.538391 802.628784,322.204346 
	C766.753540,342.578552 734.020081,367.426300 701.827454,393.046143 
	C694.913940,398.548218 688.297668,404.378815 681.823303,410.387329 
	C675.261353,416.477142 670.791260,423.686646 669.542603,432.643005 
	C669.200439,435.097626 668.184326,436.855865 666.349731,438.529358 
	C634.846741,467.265289 603.671814,496.366180 570.963928,523.754700 
	C567.518005,526.640198 564.264587,529.754578 560.876343,532.710571 
	C559.833984,533.619995 558.621826,535.354614 557.254822,533.320923 
	C555.991089,531.440796 558.246094,531.313660 559.085876,530.577759 
	C583.512024,509.174927 607.958374,487.795166 632.393127,466.402039 
	C632.745789,466.093292 632.991516,465.662384 633.762146,464.687622 
	C626.908142,462.721466 622.098877,457.076141 614.937744,456.367249 
	C613.662720,456.241028 613.697632,455.466064 613.663635,454.743134 
	C613.295471,446.912750 610.974243,439.330261 610.813965,431.457153 
	C610.757080,428.665466 611.664307,428.113220 614.310669,427.618073 
	C629.023438,424.865326 639.330994,416.164551 646.340515,403.659119 
	C645.836853,401.698120 644.588318,402.170685 643.741455,401.867462 
	C642.984192,401.596344 642.190247,401.427582 641.325317,401.189697 
	C641.695190,399.188751 643.522827,398.551849 644.248779,397.185638 
	C645.932739,394.016571 647.555054,393.583221 650.625488,395.951080 
	C653.986023,398.542572 659.736145,395.002808 660.077576,390.118805 
	C660.263489,387.459564 661.245605,385.810425 663.288696,384.393158 
	C709.458557,352.365601 706.402649,287.533936 675.187012,251.675674 
	C670.911255,246.764053 666.466553,242.043625 661.467712,237.862366 
	C657.986206,234.950317 654.510559,232.570801 653.549561,227.184875 
	C652.551575,221.591873 644.210632,218.130219 639.003601,220.247742 
	C637.068726,221.034607 636.017151,220.452698 634.535217,219.612900 
	C595.087769,197.258316 551.451477,197.657715 512.846008,226.718369 
	C511.508301,227.725342 510.590698,228.546188 508.529633,227.651886 
	C488.213165,218.836441 467.056671,212.373627 446.262756,205.022247 
	C447.087128,204.027542 447.704742,203.798691 448.757721,203.343735 
	C446.765533,203.096039 445.095825,203.364746 443.303284,202.490051 
	C442.900696,202.083267 442.791809,201.873672 442.870911,201.363770 
	C448.370148,200.682281 453.681702,200.305267 458.992523,199.918457 
	C462.399750,199.670303 465.500488,198.679520 468.087769,195.849335 
	C468.549591,194.394806 468.091553,193.224472 468.352753,192.070068 
	C469.170837,188.454544 471.374481,187.240891 473.945312,189.782852 
	C482.571136,198.311813 493.187164,196.882278 503.575958,196.139404 
	C514.882080,195.330917 526.139954,195.195648 537.431030,196.181213 
	C547.033752,197.019409 556.681702,196.694275 566.317139,197.306839 
	C580.427795,198.203918 594.458374,199.745758 608.516724,201.080139 
	C610.839966,201.300644 613.146301,201.617630 615.476929,201.336929 
	C622.085144,200.541031 625.973083,196.487778 626.439270,189.853699 
	C626.672424,186.535782 626.292175,183.192795 626.719666,179.884323 
	C626.936279,178.208115 627.323547,176.400284 629.541626,176.445572 
	C631.741699,176.490494 631.982971,178.339859 632.306458,179.987091 
	C632.402344,180.475174 632.471313,180.983643 632.428284,181.476715 
	C631.421387,193.020248 637.829041,199.757523 647.330505,204.490097 
	C654.769897,208.195526 662.028381,212.300034 670.075134,214.658051 
	C671.652405,215.120224 673.308777,215.541290 674.031982,217.178192 
	C688.906616,222.531616 704.361267,226.544937 720.552856,222.926376 
	C737.305420,219.182434 749.328308,204.331863 749.953491,187.078186 
	C750.194885,180.415970 750.528198,173.732910 749.356567,166.638519 
	C755.265381,172.389725 753.840576,179.253799 754.091187,186.198883 
	C756.215942,190.238998 755.089172,193.728668 753.500610,197.559174 
z"/>
<path fill="#F8F7F4" opacity="1.000000" stroke="none" 
	d="
M382.730286,206.116074 
	C384.798920,205.121719 386.559845,204.136246 388.585083,202.940063 
	C389.169739,202.676575 389.490051,202.623810 390.269470,202.733643 
	C389.153076,210.855927 392.943542,217.169479 397.327332,223.087830 
	C404.771759,233.138260 414.583496,240.612061 425.038849,247.251251 
	C439.560974,256.472839 454.933136,263.928162 471.369263,269.118042 
	C472.928741,269.610474 474.428253,270.292664 476.607239,271.140167 
	C470.256226,277.279663 462.539917,279.049438 454.915802,280.919250 
	C451.530243,281.749573 447.993683,281.971313 444.616364,282.827087 
	C435.986176,285.013885 433.211090,290.859802 436.726471,299.069458 
	C437.183655,300.137177 437.655487,301.207458 438.227631,302.215759 
	C442.203705,309.223053 442.104767,309.446838 433.863617,310.883789 
	C431.405823,311.312347 428.866608,311.423767 426.482330,312.097046 
	C418.362946,314.389832 413.873230,321.486664 415.656006,329.735443 
	C416.233856,332.409027 415.437897,333.024689 413.281921,333.866272 
	C404.152832,337.429688 402.160034,342.449036 406.137207,351.262024 
	C409.208435,358.067535 407.999146,363.243988 402.121704,368.067871 
	C399.156464,370.501556 396.183075,372.917023 393.769806,375.927979 
	C385.723145,385.967743 387.544647,398.576813 398.051819,405.983093 
	C404.094971,410.242767 411.093964,411.633789 418.152130,412.938873 
	C430.347412,415.193848 442.028229,418.919586 452.527527,425.699646 
	C462.954559,432.433136 469.597809,441.055756 468.318604,454.548920 
	C467.504517,463.135803 468.170654,471.861084 468.122101,480.524048 
	C468.112518,482.230621 467.869965,483.935883 467.119202,485.680145 
	C465.333527,482.123108 464.987152,478.335815 464.934601,474.531708 
	C464.892914,471.516388 464.508545,470.115234 461.062561,472.112061 
	C443.358459,482.371063 425.610992,492.477661 409.865479,505.788147 
	C403.551636,511.125519 396.149658,515.171021 389.279846,519.858582 
	C387.540527,521.045410 386.159760,521.117249 384.390289,519.712158 
	C372.108795,509.959839 360.414551,499.597351 349.953369,487.868652 
	C348.093536,485.783417 348.102692,484.621521 350.276886,482.891846 
	C352.610962,481.035004 354.694763,478.836578 356.742126,476.650787 
	C368.202606,464.415283 369.681580,450.056366 360.339203,436.121216 
	C345.216614,413.564148 328.242401,392.374329 311.454132,371.054718 
	C302.698303,359.935638 293.979187,348.787476 285.280884,337.623291 
	C278.733490,329.219696 273.106476,327.530151 263.679657,332.395050 
	C235.761520,346.802704 207.988251,361.491119 180.160812,376.074493 
	C179.424652,376.460266 178.761475,377.029297 177.989319,377.295776 
	C168.605103,380.534332 166.617004,387.289978 174.269150,396.099243 
	C201.794556,427.786835 229.390823,459.378296 258.385071,489.767761 
	C275.519226,507.726379 294.792084,511.021759 316.923431,502.238770 
	C321.274139,500.512177 323.752014,501.385254 326.865936,504.252563 
	C335.425476,512.134338 344.253845,519.724182 353.541290,527.929138 
	C335.067535,532.067749 317.752533,537.565918 300.348907,544.014526 
	C298.721954,543.534851 297.922607,542.638245 297.561279,540.981201 
	C302.291962,536.339355 308.466522,535.043701 314.375732,532.387512 
	C322.227570,529.662109 329.814484,527.288330 338.148102,525.115967 
	C332.909088,519.685608 327.168854,515.592712 322.140503,510.738678 
	C320.768921,509.414612 319.038635,509.990814 317.442261,510.616547 
	C313.416229,512.194580 309.271240,513.373657 304.668579,514.329468 
	C294.070587,516.778320 284.300659,514.429321 274.218811,511.407043 
	C261.715759,506.077148 253.092422,496.560181 244.376373,487.182861 
	C242.910599,485.605835 241.636871,483.841339 239.806488,482.102295 
	C235.124573,477.064911 230.111282,472.819489 226.024094,467.269165 
	C225.641617,466.885071 225.490402,466.733948 224.883850,466.160645 
	C224.272217,465.611328 224.115936,465.484192 223.722290,465.174927 
	C222.859238,464.517975 222.282806,463.990997 221.610809,463.160339 
	C221.336334,462.783508 221.232605,462.630798 220.821381,462.033142 
	C220.404053,461.449005 220.294189,461.309845 219.836609,460.773163 
	C219.372665,460.244049 219.256454,460.112396 218.973358,459.777405 
	C218.704376,459.431976 218.602295,459.289886 218.362244,458.925964 
	C218.048981,458.404297 217.869690,458.106873 217.528412,457.604309 
	C217.140869,457.127380 216.904114,456.864685 216.454376,456.427429 
	C215.961029,456.001740 215.666122,455.765961 215.117035,455.369476 
	C213.395859,454.288666 212.302475,453.022064 211.265533,451.255981 
	C208.036957,446.653992 203.827103,443.352661 200.432617,438.876160 
	C195.117142,432.505646 190.062500,426.362854 183.996521,420.675232 
	C181.740509,418.055237 180.323730,415.196350 177.676514,412.889862 
	C175.458084,410.552063 174.085739,407.935913 171.604675,405.817993 
	C168.576523,402.056274 164.994522,399.101807 163.542145,394.318298 
	C161.026581,385.924103 162.739563,379.158203 169.871857,373.747284 
	C170.664246,371.782196 172.142502,370.986664 173.642441,370.290680 
	C179.504883,367.570557 184.963547,364.117493 190.948608,360.870239 
	C197.415833,358.112640 202.871582,354.200256 209.277557,351.351288 
	C214.933929,348.519470 220.049515,345.410828 226.081024,342.552063 
	C226.897125,342.109039 227.104431,342.002899 227.625885,341.742828 
	C233.959259,338.957397 239.442184,335.337372 245.523773,332.068481 
	C252.072739,329.755280 257.332062,325.622925 263.822144,323.153870 
	C265.873840,322.440369 267.596954,321.950714 269.774170,321.689819 
	C273.033813,321.560455 275.884460,321.680817 279.027344,322.608429 
	C282.668579,323.887360 285.257599,326.055237 287.928284,328.709534 
	C288.810272,329.604126 289.396423,330.298096 290.283875,331.164062 
	C291.144257,332.018280 291.738556,332.667938 292.579468,333.539215 
	C294.531464,336.338043 296.712280,338.539154 298.715027,341.304871 
	C303.112732,346.652893 307.001312,351.975830 311.373230,357.353577 
	C313.782745,360.789825 316.379639,363.650940 318.825073,367.059998 
	C321.737518,371.023499 324.444153,374.713287 327.545929,378.543976 
	C340.082336,394.855377 353.096863,410.362610 364.437744,427.142548 
	C365.737640,429.065857 367.169159,430.897003 368.341614,433.332153 
	C371.686951,438.660553 373.990173,444.004364 374.996887,450.282410 
	C375.587067,453.612823 375.465332,456.575684 375.288818,459.934998 
	C374.829041,462.633148 373.924194,464.787537 373.094879,467.356750 
	C371.581116,470.540314 369.757385,473.114380 367.999329,476.138580 
	C366.402466,478.088562 365.186890,479.886139 363.713562,481.483246 
	C359.408112,486.150452 359.410645,486.170258 363.742706,490.518402 
	C369.034851,495.830231 374.342926,501.126251 379.646759,506.426422 
	C385.624146,512.399658 385.625427,512.398376 392.477417,506.792908 
	C396.897858,504.272858 401.216522,502.234741 405.001007,498.727722 
	C406.418518,497.390869 407.579590,496.278992 409.196411,495.176727 
	C413.426300,493.125061 416.535126,490.123077 420.133301,487.212219 
	C422.849640,485.784424 425.074066,484.222137 427.555481,482.421570 
	C433.005066,479.088593 437.781464,475.337341 443.449188,472.339050 
	C447.979950,469.678162 452.356201,467.441132 456.679962,464.436737 
	C461.230713,462.597992 458.391296,459.236664 458.814697,456.298096 
	C461.382294,446.903351 455.999817,441.138947 450.160095,435.838226 
	C444.711548,430.892548 437.981750,427.951447 430.877319,425.070282 
	C427.953979,424.002502 425.292816,423.434143 422.182037,423.133484 
	C416.906128,421.467438 411.783356,420.807129 406.432556,419.452881 
	C403.347443,418.726776 400.876404,417.434113 397.939575,416.316498 
	C393.104584,413.464600 388.782806,410.558899 385.269592,406.049255 
	C379.458923,397.338318 377.602509,388.455719 381.728638,378.465576 
	C385.023865,372.159241 389.100830,366.913147 394.318542,362.699585 
	C397.564392,360.078461 398.329407,357.142975 396.730072,353.487640 
	C392.583923,344.011444 395.420990,336.355896 402.830048,329.910370 
	C404.891815,328.116730 406.506714,326.225555 406.915955,323.343414 
	C408.327820,313.401001 414.424561,307.261993 423.555511,304.071014 
	C427.041901,302.852600 427.684204,301.476105 426.594360,297.930511 
	C424.685913,291.721893 427.248413,286.230225 430.942596,280.853394 
	C437.271454,274.608093 445.378632,273.987915 454.123901,272.183777 
	C444.568481,268.644623 436.619446,263.824799 428.047791,259.449829 
	C425.853729,258.352203 424.133270,257.136414 421.991150,255.950500 
	C415.034363,251.547623 409.149506,246.320618 402.781860,241.156052 
	C399.748627,238.909363 397.233582,236.605270 394.761597,233.762268 
	C393.522552,231.809341 392.267090,230.303864 390.603027,228.706238 
	C389.218628,227.113556 388.599335,225.420486 387.337555,223.739319 
	C386.555267,222.770660 385.992706,222.056839 385.314636,221.000748 
	C383.159210,215.601685 383.142700,215.571228 378.383942,218.151093 
	C372.675201,221.245987 366.233185,222.293228 359.943726,224.846832 
	C350.494537,227.691010 341.049835,229.166336 331.750916,232.634171 
	C329.192322,233.505310 326.978302,234.189011 324.439148,235.133820 
	C318.973755,236.585831 314.020782,238.453033 308.395294,239.303131 
	C306.671387,239.386978 305.343842,239.346771 303.620148,239.373169 
	C302.170654,239.377319 301.118622,239.341263 299.674988,239.289673 
	C293.154877,238.518417 288.843628,235.111420 285.497284,229.656906 
	C284.358093,227.750809 283.876160,225.988052 283.089233,223.922729 
	C282.475128,221.221054 281.354279,218.940140 282.637085,216.147156 
	C282.863953,208.438217 282.891296,201.078751 282.878632,193.236755 
	C280.613892,189.115845 281.172150,185.331985 282.457794,181.081757 
	C282.767639,178.670685 282.835358,176.696060 282.982269,174.727341 
	C283.265289,170.935074 281.354156,166.770645 286.202240,163.910110 
	C287.997009,162.851120 288.081787,159.368408 288.060699,156.685669 
	C287.954803,143.219086 287.976410,129.751282 288.010529,116.284058 
	C288.014587,114.673615 287.554230,112.983704 288.478180,111.310722 
	C289.767181,112.788879 289.073059,114.454498 289.074005,115.946030 
	C289.095093,148.367233 289.079041,180.788513 289.012512,213.209656 
	C289.001190,218.725647 290.246918,223.718369 294.382263,228.001450 
	C302.194489,231.392639 309.493927,230.485474 316.740479,227.207809 
	C318.531128,226.397888 320.474396,225.777924 322.878845,226.254227 
	C342.211578,219.472290 362.640961,217.384247 380.901611,207.553452 
	C381.320465,206.637924 381.807922,206.309280 382.730286,206.116074 
z"/>
<path fill="#090605" opacity="1.000000" stroke="none" 
	d="
M674.069702,217.273743 
	C662.044922,214.120956 651.333557,208.791306 641.090698,202.561737 
	C634.397583,198.491013 630.592651,192.489670 631.129700,184.280731 
	C631.238220,182.621674 631.185059,180.948013 631.128357,179.283752 
	C631.097046,178.363632 631.402344,177.060516 629.994995,176.951935 
	C628.396484,176.828629 628.201599,178.136444 628.185486,179.335434 
	C628.151855,181.833923 628.196838,184.333374 628.197693,186.832428 
	C628.201904,198.643417 622.408508,204.114151 610.782227,202.846390 
	C586.602539,200.209793 562.377502,198.514557 538.061523,197.598053 
	C524.562561,197.089249 511.123657,197.768646 497.664337,197.886642 
	C487.609924,197.974777 477.908508,198.189133 471.040314,188.126007 
	C470.094513,191.050354 469.447723,193.050217 468.509460,195.294601 
	C461.699371,189.873718 454.207062,189.051620 446.129456,191.072571 
	C445.190674,191.307434 444.031616,191.814713 443.289734,191.485580 
	C439.929718,189.994919 436.618713,190.243744 433.134857,190.915344 
	C431.282013,191.272522 429.012604,191.471893 428.053925,188.521698 
	C429.200104,186.239456 431.222626,185.987991 433.175201,185.690933 
	C439.224762,184.770630 445.306030,184.070770 451.402252,183.584793 
	C458.236664,183.039993 458.557312,182.805969 458.549011,175.494583 
	C458.434845,173.084549 458.574188,171.094696 458.493958,168.675598 
	C458.536469,167.675491 458.556366,167.104355 458.510803,166.104614 
	C458.620911,161.414398 458.249908,157.138962 458.899292,152.490601 
	C459.126648,151.856842 459.245087,151.618576 459.631042,151.095490 
	C462.702087,150.393539 463.556702,152.728073 464.690460,154.413528 
	C468.858337,160.609772 473.105743,166.741547 478.107910,172.777893 
	C478.543274,173.215088 478.718323,173.392303 479.422058,174.124542 
	C480.125183,174.875198 480.299683,175.070847 480.731171,175.575317 
	C481.148804,176.105148 481.309448,176.326157 481.752502,176.853088 
	C484.269592,179.824249 487.236633,180.535187 490.556122,180.459259 
	C503.043304,180.173660 515.531006,180.399155 528.027466,180.068192 
	C540.305115,179.743027 552.654297,180.735809 564.909119,181.869507 
	C579.496948,183.219025 594.127747,184.166336 608.655762,186.210159 
	C614.956299,187.096558 616.361572,185.585373 616.439026,179.181274 
	C616.505493,173.682846 616.447876,168.182877 616.445251,162.683685 
	C616.443665,159.386612 615.371460,157.704666 611.654480,157.230347 
	C598.930603,155.606613 586.131775,154.740936 572.981201,153.031067 
	C571.178467,152.301239 570.073792,151.285080 568.545227,150.124084 
	C565.752075,143.388306 567.408386,141.083176 574.193359,141.703781 
	C584.417908,142.638992 594.656128,143.421371 605.281372,144.464172 
	C606.706177,144.524155 607.743896,144.683899 608.762573,143.513733 
	C610.355225,137.986572 609.263611,132.667358 609.598450,127.007797 
	C609.520142,123.462288 610.711914,120.417488 610.373901,116.850052 
	C610.690552,114.773819 611.659363,113.585587 613.467285,112.595306 
	C615.115601,112.066376 616.327820,112.428253 617.875488,112.967026 
	C620.669922,114.121376 623.226501,114.863365 625.725281,115.765625 
	C630.548706,117.507225 634.544312,116.731224 637.599487,111.858780 
	C637.967773,111.368309 638.130249,111.180183 638.586365,110.752289 
	C639.109985,110.399834 639.339844,110.287148 639.942871,110.069702 
	C641.367004,109.793022 642.394287,109.878014 643.732422,110.448334 
	C644.618286,111.250229 644.819275,111.977715 644.772827,113.142662 
	C644.687134,114.108032 643.735352,114.606674 644.702759,115.614326 
	C646.076843,121.074936 644.637756,126.458435 646.429321,131.888229 
	C646.680664,132.653244 646.832886,133.079865 647.132263,133.794464 
	C647.365051,134.274811 647.458130,134.464462 647.685974,134.936218 
	C647.993469,135.590088 648.161682,135.963837 648.450317,136.613037 
	C648.647949,137.071747 648.719971,137.257294 648.885986,137.723923 
	C649.158264,138.563370 649.333801,139.122833 649.740173,139.906769 
	C650.288879,140.847488 650.703369,141.524231 651.376953,142.393784 
	C652.065979,143.281067 652.596863,143.902863 653.396484,144.706635 
	C654.498169,146.109283 655.436829,147.232147 656.920410,148.268341 
	C657.815613,149.039673 658.390015,149.687820 659.352783,150.403107 
	C660.857605,151.623962 662.090698,152.650925 663.925415,153.450577 
	C670.715332,156.732254 677.313721,159.468033 684.209290,161.470993 
	C688.054443,162.587906 691.803894,163.992218 695.113708,166.311981 
	C697.323486,167.860703 698.626953,169.951233 697.798889,172.735474 
	C696.998840,175.425674 694.578308,175.309891 692.441895,175.347549 
	C685.637817,175.467468 679.315796,173.661804 673.128418,170.064362 
	C670.112122,162.923996 663.462708,162.250168 657.323364,160.112671 
	C656.042358,159.666687 655.290161,159.078964 654.466492,158.022339 
	C653.033691,155.658493 652.053284,153.115311 648.610657,155.109344 
	C647.090942,157.477203 647.442261,159.838699 647.302979,162.123642 
	C646.949463,167.923416 645.424744,173.482864 643.847473,179.036591 
	C641.937378,185.762115 642.181396,186.242325 648.487549,189.236649 
	C649.530640,189.731918 650.588867,190.190323 652.005371,190.714462 
	C652.992615,191.086639 653.632324,191.370850 654.611816,191.721832 
	C655.143555,191.913986 655.352539,191.996506 655.862244,192.224197 
	C657.616943,193.284760 658.989380,194.338470 660.897339,195.109039 
	C661.980469,195.569977 662.777954,195.881683 663.883423,196.301178 
	C665.150391,196.920364 666.026367,197.594864 667.417603,197.977112 
	C671.486511,199.067139 674.734802,201.485321 679.017212,201.980698 
	C680.013794,202.219681 680.653076,202.457016 681.624756,202.765244 
	C682.161316,202.937973 682.374451,203.011459 682.901611,203.208344 
	C683.629700,203.508881 684.043518,203.686386 684.777588,203.976013 
	C687.619141,205.127716 690.712402,204.386398 693.036621,206.883057 
	C692.682373,211.113235 689.696777,210.980530 686.847717,210.985703 
	C684.871033,210.989288 682.799744,211.225113 680.936401,210.731567 
	C676.715515,209.613541 674.870850,210.675919 675.773254,215.250534 
	C675.941772,216.105209 675.294434,216.776749 674.069702,217.273743 
z"/>
<path fill="#FCF8EA" opacity="1.000000" stroke="none" 
	d="
M648.835327,561.257568 
	C667.056885,556.996094 685.009583,552.971924 703.244995,550.445618 
	C711.462158,549.307251 719.729065,548.702209 727.402954,554.029663 
	C730.141235,555.544189 732.752747,556.807007 732.934753,560.513428 
	C732.814575,561.125854 732.735596,561.361755 732.450439,561.903320 
	C726.164124,564.995056 724.418823,558.740417 719.922546,556.303955 
	C723.093079,560.125488 725.525208,563.589661 721.339417,567.802307 
	C717.212036,568.806580 713.414368,568.635864 709.245667,568.035522 
	C707.161133,567.150574 707.319031,565.688110 707.298401,564.136475 
	C707.200134,556.744629 705.595215,555.399719 698.376099,556.609497 
	C696.940796,556.850098 695.391296,556.808228 694.120667,557.713196 
	C695.200684,561.182312 699.593811,562.704712 699.115479,567.173340 
	C692.351562,569.722229 685.455261,569.475220 678.727661,570.255127 
	C664.184387,571.940918 649.840637,574.751343 635.437988,577.247803 
	C632.614746,577.737183 630.660339,579.225708 629.112671,581.610107 
	C622.412842,591.931702 616.641418,602.796814 610.399353,613.385498 
	C608.874084,615.972717 607.307251,618.502563 604.943481,620.930725 
	C600.887634,622.492004 597.988159,619.640137 594.826538,618.707336 
	C589.539795,617.147583 586.174622,618.168152 583.567139,623.221191 
	C582.172180,626.336304 580.112244,628.719788 579.166016,632.066284 
	C578.493042,634.033752 577.903564,635.647156 577.191772,637.619995 
	C575.259644,642.333130 574.451355,646.907959 573.949585,651.971069 
	C573.138794,653.726440 572.167114,654.642212 570.118469,654.273865 
	C568.417786,652.337097 568.600159,650.318237 568.739990,647.906372 
	C568.963623,646.699585 569.013184,645.887573 569.257874,644.715942 
	C571.838440,639.415527 573.320557,634.126343 575.116333,628.565430 
	C576.670532,625.469543 577.884949,622.614807 579.172485,619.409546 
	C579.501587,618.661072 579.664307,618.219482 580.041138,617.489258 
	C581.942627,613.882324 583.958069,610.732239 585.588257,606.976257 
	C588.851807,599.419495 593.980164,593.124878 596.296021,584.796814 
	C592.083008,585.119324 588.455627,585.614868 584.848267,585.197815 
	C579.585022,584.589233 576.863220,580.807190 578.027710,575.262817 
	C588.239502,578.305298 597.035095,573.548767 606.156738,571.196716 
	C607.604187,570.823486 607.899902,569.296875 608.602783,568.206421 
	C612.376160,562.352417 616.534180,556.794678 621.126953,551.551147 
	C626.136597,545.831848 632.404419,542.453979 640.202698,541.078979 
	C644.661926,540.040039 648.805847,540.399292 652.907349,540.797363 
	C654.647217,540.966248 656.790466,541.419678 657.325317,543.493103 
	C657.878052,545.636047 656.070923,546.768921 654.593018,547.815491 
	C649.510864,551.414429 645.262085,555.763672 642.107849,561.543335 
	C641.926453,562.237915 641.648804,562.728699 641.969849,562.965881 
	C642.495789,563.354614 641.804688,563.126770 642.458008,562.401489 
	C644.571777,561.286682 646.601013,561.659119 648.835327,561.257568 
z"/>
<path fill="#8A1101" opacity="1.000000" stroke="none" 
	d="
M208.097443,621.755859 
	C200.844971,631.753723 193.653564,641.463745 186.898422,652.270691 
	C180.479019,640.867249 175.714081,629.743286 171.364166,618.441406 
	C162.073349,594.302246 155.543915,569.405273 151.240891,543.915283 
	C150.964645,542.278748 150.945206,540.598938 150.812714,538.501953 
	C151.051941,530.897339 154.657684,524.400574 154.749542,517.136414 
	C154.819336,511.616425 158.303787,509.323395 165.616409,509.390625 
	C167.733002,511.365356 167.842026,513.762878 168.347351,515.998413 
	C171.264389,528.903259 173.807724,541.896973 177.699310,554.971497 
	C184.688385,577.008362 193.462677,597.797363 205.984665,616.871826 
	C206.901428,618.268311 207.742569,619.703369 208.097443,621.755859 
z"/>
<path fill="#D52604" opacity="1.000000" stroke="none" 
	d="
M828.212280,349.374084 
	C828.929871,347.088440 830.010681,345.232269 830.763000,343.251343 
	C832.027222,339.922333 831.736084,336.708435 829.013550,334.164062 
	C826.427490,331.747284 823.599487,332.362732 820.489868,334.028198 
	C816.500427,333.756775 814.760620,330.600891 812.071960,328.336670 
	C813.143799,326.626556 814.436462,325.339478 815.482178,323.875946 
	C817.398254,321.194061 819.766663,318.416840 817.831909,314.874939 
	C815.927673,311.388824 812.812073,309.721680 808.313965,310.285736 
	C809.861816,307.071167 809.381409,304.262024 807.462646,300.993805 
	C799.447083,287.340546 790.828003,274.151459 780.017700,262.509735 
	C779.098450,261.519836 778.406311,260.428772 777.713745,259.281891 
	C774.778442,254.420944 771.565369,250.061905 766.093262,247.362137 
	C761.649353,245.169678 759.553955,240.038635 755.968750,236.577652 
	C751.068359,231.846985 746.917542,226.376846 741.915894,221.248138 
	C743.348938,218.985062 744.936890,217.041382 746.825867,214.913391 
	C761.214905,225.923935 774.030640,238.458893 786.291504,251.604843 
	C803.845459,270.426117 818.708435,291.216858 831.979004,313.583038 
	C832.856018,315.962128 833.335754,318.071838 832.901184,320.249207 
	C832.318787,323.166534 832.793457,325.867157 834.186279,328.456573 
	C834.500732,329.041199 834.859680,329.679932 834.868042,330.323761 
	C835.017334,341.835083 841.108704,351.612549 844.217712,362.256104 
	C849.727051,381.116852 853.439392,400.430878 858.918762,419.295929 
	C859.897949,422.667328 860.267334,426.519653 858.329895,429.546997 
	C853.556702,437.005737 854.414612,445.453308 854.828979,453.284515 
	C855.485413,465.690674 854.409485,477.858490 853.097107,490.081696 
	C852.812622,492.730835 852.448486,495.364166 852.413208,498.460419 
	C852.420837,501.558685 852.348755,504.203522 849.754639,506.398315 
	C846.981262,507.223969 845.404053,505.780670 843.541992,504.063721 
	C843.021606,495.800049 842.975525,487.892731 844.614319,480.141541 
	C845.274597,477.018463 845.883484,474.022980 845.068848,470.456360 
	C844.959961,462.740936 845.677856,455.472198 845.551453,448.160126 
	C845.267090,431.713989 844.711243,415.312469 841.508484,399.106934 
	C839.285095,387.857208 836.045959,376.859100 833.404419,365.713379 
	C832.639343,362.485321 831.627136,359.316620 831.132141,356.020844 
	C830.783447,353.699615 830.268311,351.433380 828.212280,349.374084 
z"/>
<path fill="#8A1101" opacity="1.000000" stroke="none" 
	d="
M828.203979,605.194092 
	C827.928345,604.466309 827.792480,604.054932 827.550842,603.333191 
	C831.404358,602.195557 833.216003,599.353271 835.033875,595.965759 
	C842.297791,582.429993 847.657227,568.136536 852.176575,553.535461 
	C854.627686,545.616333 856.494446,537.500366 858.439697,529.426208 
	C858.867126,527.651978 859.075928,525.816772 860.353394,523.937988 
	C864.697083,520.710388 869.796631,519.001343 872.009216,513.786987 
	C872.642334,512.294922 874.285522,511.854797 875.852844,512.625244 
	C877.588745,513.478577 878.334534,515.182007 877.538452,516.787598 
	C873.563843,524.804199 877.135620,532.573181 878.210205,540.780151 
	C876.613037,557.338074 872.914062,573.152100 868.525757,588.806396 
	C863.992676,604.976990 857.766357,620.551331 851.341736,636.042908 
	C850.796265,637.358276 849.983582,638.562683 848.919189,640.504272 
	C843.282410,630.728638 837.979370,621.595337 831.888672,612.580078 
	C830.713501,609.971069 828.917969,608.054810 828.203979,605.194092 
z"/>
<path fill="#F59D0E" opacity="1.000000" stroke="none" 
	d="
M762.148926,844.030701 
	C738.978516,840.491333 715.988586,836.649902 692.838196,833.833313 
	C653.786133,829.082031 614.585693,826.331787 575.287170,824.771790 
	C533.144531,823.098877 491.010040,823.259888 448.411316,824.913452 
	C445.478577,823.480713 443.059204,823.653259 440.387939,824.497070 
	C435.595428,826.011169 430.446686,823.990784 425.361023,825.921021 
	C424.434052,826.529907 423.702423,826.481812 422.612640,826.450012 
	C420.335968,825.818481 418.397522,825.910278 416.091370,826.310913 
	C414.965790,826.499878 414.199493,826.488892 413.046814,826.338989 
	C409.163513,825.528564 405.814056,826.938965 402.368469,826.957397 
	C398.065491,826.980408 396.702301,825.720459 397.031860,821.447266 
	C399.306763,819.600281 401.649750,819.567810 403.983612,819.422852 
	C428.044861,817.928711 452.087524,816.565857 476.219788,816.029236 
	C500.514435,815.489014 524.820435,815.011536 549.071228,815.672058 
	C570.976257,816.268799 592.901611,817.595520 614.803833,819.002869 
	C636.879395,820.421265 658.827454,823.163269 680.904297,824.356445 
	C687.597229,824.718079 693.989258,826.813354 700.617432,827.428345 
	C711.879456,828.473450 723.112366,829.750183 734.334351,831.162292 
	C742.937439,832.244934 751.176697,835.034180 760.107178,836.519165 
	C762.547668,838.668213 761.980896,841.293518 762.148926,844.030701 
z"/>
<path fill="#F47C05" opacity="1.000000" stroke="none" 
	d="
M761.291321,838.257629 
	C750.210815,836.561707 739.790955,833.189636 728.935059,831.944580 
	C714.990540,830.345398 700.936646,829.645813 687.129150,826.861389 
	C677.534851,824.926575 667.722290,824.986633 658.017517,824.058533 
	C642.218140,822.547668 626.390076,821.315002 610.559814,820.161499 
	C605.441895,819.788574 600.315491,819.414429 595.201660,819.117371 
	C583.110291,818.414734 570.944336,818.819824 558.879700,817.871216 
	C536.443481,816.107239 513.992249,816.879089 491.574463,817.202026 
	C474.973267,817.441040 458.342682,817.431274 441.761169,818.167786 
	C428.058197,818.776428 414.437073,821.034668 400.666718,821.101990 
	C399.711609,821.106628 398.759064,821.630615 397.391022,821.986694 
	C395.840088,823.360596 394.446838,824.325684 392.702057,824.312500 
	C384.420502,824.249939 376.222229,826.386353 367.499146,825.121399 
	C363.548767,822.237671 365.363617,820.845947 368.754730,819.568481 
	C390.727478,816.732727 412.497650,815.442078 434.264160,814.304871 
	C482.845154,811.766479 531.462708,811.639893 580.064941,813.490356 
	C614.500549,814.801514 648.903259,816.965088 683.134399,821.091553 
	C716.669128,825.134094 750.144714,829.633484 783.518372,837.152405 
	C782.356506,839.582214 782.325195,841.161865 784.841675,843.216553 
	C787.144104,845.096558 789.467468,847.243225 791.009155,850.036133 
	C788.039429,849.801636 785.300293,849.310730 782.231323,848.669922 
	C775.693665,844.029419 768.526550,841.485229 761.291321,838.257629 
z"/>
<path fill="#E82E03" opacity="1.000000" stroke="none" 
	d="
M200.697311,437.876953 
	C204.735947,441.939758 208.363220,445.925568 212.109573,450.212585 
	C212.511230,451.618073 211.998489,452.851166 212.828537,453.873352 
	C218.737183,461.149750 217.088379,469.519531 214.971817,477.206268 
	C212.712387,485.411713 215.357635,491.871155 219.336288,498.309784 
	C220.660187,500.452301 221.978638,502.449036 222.521606,504.962952 
	C223.924805,511.459686 225.925140,517.625366 229.140945,523.633118 
	C232.302414,529.539490 232.995285,536.709045 236.553696,542.586426 
	C240.944351,549.838440 243.402054,558.117920 248.829376,565.234619 
	C249.747330,570.031860 244.536041,569.883240 243.143158,573.207275 
	C242.971634,573.548462 242.786148,573.947449 242.667557,573.956238 
	C242.182663,573.797180 241.799225,573.691895 241.225555,573.895020 
	C241.052628,574.140259 241.051132,574.055542 241.092270,574.065674 
	C240.824615,574.221069 240.553726,574.417419 240.211426,574.899353 
	C240.095749,575.125183 240.020279,575.021362 240.073151,575.057739 
	C239.815964,575.229919 239.548447,575.424377 239.209381,575.901123 
	C239.095276,576.124878 239.059402,575.999634 239.095322,576.053955 
	C237.440262,577.178406 236.434341,579.209473 233.863251,579.575195 
	C230.834961,578.743103 229.362762,576.587097 228.524368,574.297729 
	C224.702713,563.861816 219.057388,554.255920 214.940582,543.968689 
	C213.469238,540.291992 212.299149,536.480713 211.539307,532.160522 
	C209.089310,523.992737 206.101456,516.255554 204.854538,508.316498 
	C203.032394,496.715332 200.877426,485.148682 199.496414,473.460754 
	C198.364960,463.884766 197.848755,454.304199 197.609131,444.694183 
	C197.545609,442.147064 197.101776,439.198914 200.697311,437.876953 
z"/>
<path fill="#941302" opacity="1.000000" stroke="none" 
	d="
M166.299561,509.680481 
	C157.521469,510.668152 156.088013,512.235413 155.976303,520.404541 
	C155.892334,526.545837 152.612854,531.936890 151.221771,537.972046 
	C149.936356,537.080627 150.091003,535.866211 150.103958,534.332642 
	C150.228149,533.798645 150.318298,533.622864 150.212479,533.224854 
	C149.696976,530.928772 149.377457,528.854980 149.086365,526.380493 
	C149.213684,525.806763 149.312576,525.633545 149.218109,525.232117 
	C148.713593,522.272522 148.402435,519.541138 148.131592,516.389526 
	C148.256363,515.807556 148.340836,515.645752 148.279068,515.252380 
	C146.331787,500.310028 147.108276,485.595123 148.132095,470.422485 
	C148.277298,469.814362 148.353256,469.663666 148.335358,469.277954 
	C149.801529,444.751556 154.171143,420.958618 160.922714,397.588837 
	C161.293594,396.305084 161.717850,395.041382 163.219238,394.077576 
	C166.351288,397.386993 169.102570,400.792419 171.969208,404.507935 
	C172.748703,406.836243 172.170654,408.764587 171.684631,410.709351 
	C167.581741,427.126587 167.060928,443.982361 165.528046,460.718292 
	C164.183884,475.393707 164.953537,489.962555 167.258286,504.484802 
	C167.521484,506.143250 167.461395,507.815308 166.299561,509.680481 
z"/>
<path fill="#F45B04" opacity="1.000000" stroke="none" 
	d="
M790.796509,850.265015 
	C786.760132,848.792297 785.313660,844.435608 781.648804,842.272522 
	C778.864563,840.628967 779.622559,838.120728 783.609131,837.515930 
	C801.811707,840.921997 819.617859,845.075928 836.920105,851.057678 
	C840.981934,852.461914 841.979736,852.068665 841.927063,847.623535 
	C841.675476,826.396790 846.202942,806.371155 857.654297,788.192688 
	C861.087891,782.741943 865.135986,777.791016 870.181763,772.867371 
	C865.799316,771.737122 862.149658,770.795898 858.204834,769.661743 
	C857.512451,767.720581 854.187866,769.204651 854.691589,766.764282 
	C855.127441,764.652649 857.295532,764.644409 858.981079,764.173889 
	C860.756775,763.678223 862.522034,764.555603 864.699219,764.145325 
	C869.500183,764.354492 872.962097,767.328064 877.176331,768.210754 
	C879.907654,768.782776 882.584900,769.558533 885.390564,769.762390 
	C887.261841,769.898376 888.921814,770.543274 890.040283,772.676758 
	C882.702759,781.371643 874.417358,788.967468 868.385986,798.870972 
	C867.557556,799.676208 866.915100,800.658875 866.154724,800.418457 
	C861.406250,798.917297 860.001587,802.504700 858.402832,805.513977 
	C854.436646,812.978882 853.772217,821.437683 851.559570,829.427185 
	C849.068420,838.422119 847.651123,847.527954 849.183899,857.027588 
	C850.242554,863.589233 848.030151,865.905823 842.755859,865.199951 
	C842.361633,865.136475 842.248108,865.271973 842.165588,865.240356 
	C841.634766,864.488159 840.831299,864.494141 839.778687,864.185669 
	C826.823914,860.615845 814.235107,857.121521 801.361694,853.399719 
	C800.358154,852.105774 799.125183,852.702820 797.827148,852.179932 
	C797.448608,852.074768 797.242737,852.231018 797.140564,852.151855 
	C796.545776,851.439087 795.754395,851.497498 794.746094,851.165283 
	C794.391113,851.094482 794.316528,851.278870 794.218384,851.263062 
	C793.483948,850.236938 792.410034,850.580994 791.161011,850.287048 
	C790.816895,850.171875 790.814453,850.237488 790.796509,850.265015 
z"/>
<path fill="#F7F7F7" opacity="1.000000" stroke="none" 
	d="
M523.019958,748.877441 
	C528.807495,747.774841 531.719604,750.044861 534.203735,754.870605 
	C538.039185,762.321533 542.887817,769.250916 547.306763,776.401489 
	C547.783203,776.335022 548.259705,776.268494 548.736206,776.201965 
	C548.736206,770.044373 548.728516,763.886719 548.737976,757.729126 
	C548.752441,748.318359 548.750549,748.408752 558.241455,749.133362 
	C560.491333,749.305176 560.929993,750.033203 560.878784,752.136108 
	C560.518677,766.940857 560.245300,781.748230 560.072937,796.556335 
	C560.048279,798.678833 559.552979,799.399780 557.331238,799.449402 
	C551.837830,799.571960 547.560669,799.003479 544.679321,792.856201 
	C540.789734,784.557983 535.349365,776.986694 529.734741,769.283813 
	C529.734741,777.658203 529.515442,786.040833 529.833069,794.403198 
	C529.978333,798.228516 528.830933,799.558167 525.121582,798.998169 
	C523.655334,798.776794 522.129761,798.885559 520.634399,798.937317 
	C518.893372,798.997498 517.942017,798.639221 517.959534,796.486206 
	C518.081421,781.510010 518.139343,766.532288 518.051208,751.556091 
	C518.028076,747.627869 520.800293,749.329224 523.019958,748.877441 
z"/>
<path fill="#F7F7F7" opacity="1.000000" stroke="none" 
	d="
M786.622498,821.478210 
	C785.976746,825.233765 783.772339,823.105103 782.322388,823.039978 
	C777.594788,822.827393 774.606689,821.352600 773.060303,815.834167 
	C770.495483,806.681458 766.354370,797.970520 762.355103,787.737610 
	C760.676941,797.721558 759.206909,806.186401 757.855286,814.670044 
	C757.416321,817.425598 756.819580,819.446289 753.271729,818.180481 
	C751.576660,817.575684 749.698364,817.346191 747.886169,817.242798 
	C745.650879,817.115234 745.728210,816.047974 746.048767,814.282898 
	C748.662415,799.891296 751.250732,785.494080 753.657227,771.066956 
	C754.092896,768.454895 754.616394,767.813293 757.583618,767.895569 
	C764.205505,768.079285 767.363342,771.126587 769.308350,777.297913 
	C771.738892,785.009766 775.259949,792.377930 779.226685,799.886902 
	C780.539612,792.640747 782.049683,785.422607 783.084595,778.136902 
	C783.625549,774.328308 784.625732,772.897705 788.868408,773.946960 
	C795.842163,775.671448 795.754333,775.321045 794.290649,782.445740 
	C791.649597,795.301697 789.228821,808.202942 786.622498,821.478210 
z"/>
<path fill="#F8F7F4" opacity="1.000000" stroke="none" 
	d="
M276.895142,458.095215 
	C279.334839,461.067047 281.585693,463.736542 283.754944,466.470856 
	C285.675995,468.892212 287.589630,471.505524 284.626160,474.346344 
	C281.605560,477.241852 277.962769,478.367279 274.223846,475.869507 
	C272.046906,474.415222 270.187012,472.400085 268.426422,470.421967 
	C247.751495,447.192871 227.058914,423.978607 206.563400,400.591827 
	C204.061569,397.737122 198.980255,394.620544 204.077789,389.811371 
	C208.631638,385.515198 214.448715,385.921204 218.962952,391.010468 
	C229.665329,403.076294 240.255325,415.242981 250.798157,427.448853 
	C259.491364,437.513367 268.051666,447.692688 276.895142,458.095215 
z"/>
<path fill="#F8F7F4" opacity="1.000000" stroke="none" 
	d="
M267.259369,422.755249 
	C256.103699,409.714691 245.138260,396.978729 234.291962,384.142120 
	C231.910416,381.323547 228.444275,378.313690 232.639404,374.353027 
	C236.776764,370.446899 242.302170,370.280182 245.976456,374.476044 
	C255.838684,385.738220 265.471252,397.204132 275.073273,408.690887 
	C286.488403,422.346680 297.803680,436.086334 309.097626,449.842712 
	C311.458130,452.717896 314.881256,455.690216 310.584991,459.585358 
	C306.816650,463.001953 301.908539,462.689758 298.213257,458.489380 
	C287.882690,446.746918 277.720856,434.856018 267.259369,422.755249 
z"/>
<path fill="#F7F7F7" opacity="1.000000" stroke="none" 
	d="
M427.832336,765.013062 
	C428.562256,776.288635 429.131989,787.096191 430.057922,797.873230 
	C430.312012,800.830627 430.016388,801.860840 426.701172,801.925415 
	C417.548218,802.103760 417.551849,802.286682 417.105347,793.032471 
	C416.536163,781.235901 416.549561,781.409424 404.742188,782.325012 
	C400.812775,782.629639 399.190216,783.590332 399.926636,787.823059 
	C400.636444,791.903137 400.483063,796.126648 401.030823,800.244263 
	C401.370667,802.799072 400.796143,803.734314 398.084656,803.988892 
	C389.568726,804.788513 389.405670,804.923218 388.637115,796.499939 
	C387.427429,783.242310 386.522095,769.957214 385.374573,756.693542 
	C385.200073,754.676758 385.796448,753.891907 387.731842,753.968567 
	C388.063293,753.981750 388.397766,753.950989 388.729370,753.922852 
	C397.571686,753.171509 397.571625,753.171021 398.060272,762.049561 
	C398.639313,772.570923 398.639313,772.570862 409.248840,771.952271 
	C415.732208,771.574280 415.726562,771.574707 415.285248,765.334961 
	C415.179535,763.840515 415.112610,762.343079 415.049469,760.846069 
	C414.674927,751.963379 414.684723,752.056885 423.433289,751.340271 
	C426.097687,751.122070 427.405914,751.392822 427.250519,754.568909 
	C427.088837,757.873474 427.593292,761.210632 427.832336,765.013062 
z"/>
<path fill="#C21F02" opacity="1.000000" stroke="none" 
	d="
M851.326416,499.231506 
	C851.747131,490.279785 852.677063,481.562103 853.152954,472.819672 
	C853.460999,467.161316 854.739319,461.537903 853.270508,455.756012 
	C852.475159,452.625183 852.669922,449.176392 853.499084,445.872314 
	C853.895813,444.291321 854.398682,442.369629 853.859497,440.991089 
	C852.349243,437.130157 854.086243,434.103241 855.975769,431.256775 
	C858.738953,427.094055 858.419434,422.826721 857.235718,418.410126 
	C854.710693,408.988739 851.580688,399.690948 849.692261,390.145935 
	C846.399292,373.501953 841.678284,357.363983 835.077759,341.752167 
	C834.232300,339.752502 833.830322,337.638489 833.980042,335.424255 
	C834.069397,334.102570 834.471375,332.364105 833.820374,331.501892 
	C829.841614,326.232239 831.536804,320.478271 832.016418,314.368713 
	C839.438171,324.873322 844.814392,336.868378 850.160278,349.250061 
	C850.697449,350.957672 850.668274,352.349335 849.521912,353.256042 
	C845.834473,356.172485 846.694153,359.689850 848.250854,363.124695 
	C854.241882,376.343384 856.519104,390.635162 860.440674,404.872864 
	C863.144592,413.422913 863.872375,421.851349 864.340454,430.339386 
	C864.752136,437.803558 866.388062,445.135101 866.756104,452.630035 
	C867.058044,458.780090 867.444458,464.922089 867.457520,471.508728 
	C867.373291,476.196106 867.989563,480.502747 866.434631,485.052612 
	C863.414062,489.807770 859.372498,493.204803 856.323364,497.438873 
	C855.270386,498.900970 853.662903,499.853058 851.326416,499.231506 
z"/>
<path fill="#F6A110" opacity="1.000000" stroke="none" 
	d="
M583.001038,732.694458 
	C583.995911,733.453613 585.551086,734.018372 583.817871,734.826843 
	C582.859131,735.274048 581.526001,734.965576 580.364258,734.924072 
	C509.590302,732.397766 438.902954,734.079773 367.850922,739.213135 
	C365.687836,739.400452 363.647461,740.363708 362.580750,738.250977 
	C361.523224,736.156372 363.164764,734.534729 364.578583,732.570435 
	C366.732483,730.871521 368.885132,730.655762 371.038330,730.372681 
	C386.713806,728.311951 402.494965,727.538330 418.264709,727.525208 
	C430.716217,727.514832 443.207092,727.033813 455.578674,726.545776 
	C472.127350,725.893066 488.722870,725.216370 505.250519,725.215454 
	C523.344360,725.214478 541.481506,724.635925 560.004639,725.976685 
	C564.750793,730.234802 569.833679,732.056702 575.827393,731.577454 
	C578.099731,731.395874 580.494263,731.205200 583.001038,732.694458 
z"/>
<path fill="#F6F6F6" opacity="1.000000" stroke="none" 
	d="
M510.732971,758.539551 
	C512.526611,766.615845 511.754059,773.587341 504.451019,778.236145 
	C502.439484,779.516602 503.297150,780.553772 504.048370,781.840515 
	C507.285492,787.385498 510.528656,792.927002 513.758728,798.451172 
	C513.284485,798.747437 513.171082,798.870300 513.040527,798.892578 
	C504.457916,800.353394 497.431519,799.028259 494.882690,789.125732 
	C494.440277,787.406921 492.994324,785.967590 492.381073,784.266174 
	C491.584686,782.056702 490.099121,781.738892 488.087372,781.944031 
	C485.303589,782.227905 486.396271,784.319153 486.304016,785.749878 
	C486.186554,787.571228 486.323029,789.411255 486.389160,791.241821 
	C486.702881,799.927551 486.155334,800.353271 477.236938,799.506531 
	C475.264496,799.319275 474.781525,798.665039 474.752106,796.792908 
	C474.516663,781.808472 474.222260,766.824524 473.826508,751.843567 
	C473.772003,749.778748 474.471649,749.285339 476.359039,749.282227 
	C483.019653,749.271240 489.694702,748.820862 496.336182,749.133667 
	C502.598602,749.428650 508.084076,751.635010 510.732971,758.539551 
z"/>
<path fill="#F7F7F7" opacity="1.000000" stroke="none" 
	d="
M252.828522,778.936707 
	C259.345642,769.909424 267.875946,766.554443 278.290161,769.015564 
	C289.362335,771.632202 293.866272,780.229797 295.809601,790.364075 
	C299.061340,807.322021 290.398010,819.083435 274.047852,820.487366 
	C266.048584,821.174255 259.322174,818.192139 255.084000,811.721924 
	C248.441498,801.581238 246.479706,790.598022 252.828522,778.936707 
z"/>
<path fill="#F7850A" opacity="1.000000" stroke="none" 
	d="
M119.761337,474.239563 
	C119.936325,473.941254 119.926361,473.479584 120.017700,473.267517 
	C123.620880,475.698151 124.814026,479.693451 125.488678,483.623871 
	C127.230759,493.772949 127.637581,504.084656 128.416138,514.339233 
	C129.900620,533.891968 131.650604,553.389587 136.657730,572.433716 
	C137.156616,574.331238 137.317703,576.427795 139.636902,577.801514 
	C140.001831,578.001709 139.999390,578.000000 139.999573,577.997620 
	C140.680740,578.708069 140.390900,579.645203 140.759552,580.740234 
	C140.946808,581.007080 141.005066,581.026001 140.984314,581.048523 
	C142.826996,596.281433 146.759933,610.919556 153.158859,624.862549 
	C154.130753,626.980286 155.278351,629.049866 155.846497,631.295166 
	C158.365875,641.251770 163.809601,649.869019 168.450150,658.831238 
	C172.343582,666.350647 176.481171,673.741699 179.618790,681.621338 
	C180.369354,683.506348 182.023056,684.821594 182.550812,687.180420 
	C181.726898,689.735779 179.784683,690.422180 177.473831,691.037476 
	C175.007065,688.990601 174.184540,686.253784 172.717133,683.512085 
	C173.110687,679.582336 170.369446,677.737183 168.223114,675.211670 
	C166.388748,672.159363 164.787415,669.339783 163.128403,666.170593 
	C162.314957,665.218018 162.565903,664.090515 161.619339,663.214050 
	C137.645996,616.048523 123.563950,566.448975 119.938141,513.481873 
	C119.125641,511.657104 119.680832,510.152008 119.556747,508.358246 
	C119.510887,506.609955 119.414185,505.224915 119.353508,503.423523 
	C119.656097,496.959717 119.466858,490.909790 119.420837,484.434387 
	C119.401009,482.278564 119.449730,480.549347 119.581535,478.396210 
	C119.389977,476.833130 119.521217,475.684753 119.761337,474.239563 
z"/>
<path fill="#F8F7F4" opacity="1.000000" stroke="none" 
	d="
M263.140137,358.135071 
	C268.328979,355.050873 272.235870,356.253113 275.673553,360.506592 
	C295.531708,385.077301 315.898987,409.242096 334.777496,434.592865 
	C339.068085,440.354431 339.087555,442.266113 335.378143,445.122223 
	C331.380402,448.200500 327.686310,447.529480 323.824768,442.813873 
	C303.487000,417.978027 283.180115,393.116791 262.871826,368.256805 
	C260.197296,364.982788 257.716797,361.664459 263.140137,358.135071 
z"/>
<path fill="#FBF5DD" opacity="1.000000" stroke="none" 
	d="
M396.956757,623.186279 
	C397.806824,622.361633 398.395081,621.759033 399.219635,621.059326 
	C399.896698,620.880920 400.283813,620.690491 400.792633,620.111206 
	C400.967987,619.831360 400.956451,619.960083 400.893402,619.945923 
	C401.172974,619.781555 401.464661,619.563171 401.910889,619.090698 
	C410.748901,611.572083 420.529144,607.025452 432.009766,606.674072 
	C440.078491,606.427124 446.579437,609.516235 451.387238,616.059570 
	C459.324402,606.034119 469.918152,601.901123 484.152954,607.824829 
	C486.693451,609.444031 484.974701,610.588196 483.985901,611.411438 
	C479.442841,615.193970 475.631836,619.660034 471.459717,624.263550 
	C468.449402,624.846985 468.567780,623.062500 468.761200,621.318665 
	C469.005829,619.112854 470.078857,617.253540 471.295685,615.438232 
	C471.983978,614.411499 473.430450,613.326599 472.327148,611.978943 
	C471.368866,610.808350 469.840088,611.462952 468.568085,611.733643 
	C461.493530,613.239441 457.613586,617.508362 456.701019,624.807373 
	C456.528351,626.188293 456.142578,628.049683 454.950195,628.115479 
	C450.075714,628.384338 449.721375,632.963989 447.150360,635.854919 
	C445.868774,639.075256 443.888580,641.412109 441.691315,644.030518 
	C439.092804,645.841736 437.547791,648.544922 434.221436,649.016113 
	C432.749908,646.756470 434.214722,645.222717 435.238953,643.266113 
	C437.397339,640.847839 439.158936,638.588867 440.122009,635.437073 
	C440.496063,634.499451 440.810242,633.903992 441.287048,633.011719 
	C442.447052,631.217346 443.407166,629.698669 444.225891,627.708984 
	C446.428375,621.630432 444.713684,618.981079 438.815948,619.352539 
	C431.657867,619.803162 426.159027,623.826416 420.977264,628.329834 
	C417.492767,631.358154 414.857727,635.325562 410.372559,637.714233 
	C406.474030,637.236877 403.048492,636.106079 399.538971,635.326904 
	C397.364746,634.844238 395.339111,634.561462 393.196655,636.262939 
	C389.984039,638.968140 387.342010,641.723267 385.202515,645.365051 
	C383.845886,647.310486 383.026123,649.161987 381.999756,651.291443 
	C380.830994,653.689697 379.916534,655.824890 378.942261,658.328491 
	C377.734772,662.791687 376.072662,666.743958 375.168274,671.325073 
	C374.079468,675.119324 374.920959,678.749207 373.646729,682.506836 
	C370.102509,684.402283 369.305725,682.231750 369.072174,679.688965 
	C368.624512,674.815369 369.705139,670.092651 370.999939,665.451111 
	C374.017120,654.635132 378.705505,644.614685 385.860168,635.375732 
	C386.128906,635.067932 386.041138,635.038269 386.071411,635.073364 
	C386.228546,634.801453 386.421143,634.543701 386.861725,634.173950 
	C387.043945,634.012878 387.017273,634.018677 387.016968,634.032349 
	C389.795654,630.093323 393.846008,627.297302 396.956757,623.186279 
z"/>
<path fill="#F6F6F6" opacity="1.000000" stroke="none" 
	d="
M312.984863,787.878418 
	C313.285400,790.295288 313.525269,792.276123 313.825317,794.247803 
	C314.802246,800.666382 317.696930,803.077026 323.401703,802.255371 
	C328.805389,801.477173 331.485107,797.828552 330.736633,791.826904 
	C329.646606,783.086182 328.529816,774.342529 327.097992,765.653870 
	C326.521179,762.153564 327.063751,760.310974 330.973297,760.356445 
	C332.790100,760.377563 334.634247,760.135315 336.424561,759.794617 
	C338.448425,759.409607 338.948944,760.220093 339.151550,762.117859 
	C340.263184,772.531189 341.762756,782.908569 342.646790,793.339172 
	C343.442505,802.727905 337.894897,809.851746 328.740967,811.841980 
	C325.838867,812.472900 322.823456,812.882568 319.860565,812.878723 
	C310.196320,812.866150 303.619293,807.620789 302.026459,798.107056 
	C300.326111,787.950745 299.255310,777.689575 297.869751,767.479614 
	C297.707092,766.280823 297.266022,765.148682 299.115875,764.971191 
	C302.096069,764.685303 305.069031,764.325012 308.046143,764.006348 
	C309.758026,763.823120 309.754150,765.000000 309.922363,766.224548 
	C310.894440,773.300964 311.934601,780.368042 312.984863,787.878418 
z"/>
<path fill="#F7F7F7" opacity="1.000000" stroke="none" 
	d="
M636.214966,768.439880 
	C635.769897,774.212463 635.189514,779.515625 634.994019,784.833008 
	C634.761230,791.163696 637.827393,794.665649 643.397827,794.937256 
	C648.631165,795.192444 651.616455,791.951782 652.144287,785.676208 
	C652.911316,776.556396 653.889282,767.453003 654.545410,758.325928 
	C654.750183,755.476990 655.677551,754.851562 658.463318,755.173279 
	C666.782898,756.133911 666.800598,756.004700 666.031128,764.386230 
	C665.376953,771.511780 664.517151,778.624939 664.095825,785.764099 
	C662.993469,804.444153 650.515869,807.067383 637.032776,804.504028 
	C627.320496,802.657593 622.460205,796.301453 622.806519,786.332642 
	C623.118164,777.360779 624.267334,768.420654 624.739807,759.450317 
	C624.912048,756.180786 626.024841,755.439880 629.207825,755.448669 
	C637.476685,755.471375 637.478516,755.271301 636.697205,763.503967 
	C636.555603,764.995605 636.399475,766.485840 636.214966,768.439880 
z"/>
<path fill="#F7F7F7" opacity="1.000000" stroke="none" 
	d="
M443.194885,800.988037 
	C437.916565,801.975159 436.671265,800.342773 436.647003,795.227722 
	C436.582367,781.577148 435.590546,767.930054 434.912292,754.284241 
	C434.815765,752.342102 434.497833,750.852112 437.425537,750.801331 
	C446.251526,750.648376 455.078766,750.286926 463.890778,749.759827 
	C467.032532,749.571838 467.813629,751.024475 467.207367,753.521912 
	C466.642975,755.846985 469.731567,760.029297 464.078644,760.014465 
	C459.748230,760.003052 455.411743,760.411133 451.087830,760.287598 
	C445.798584,760.136658 448.307648,763.933167 447.921417,766.193848 
	C447.501129,768.654114 447.993652,770.366577 451.245972,769.876648 
	C453.867218,769.481628 456.626831,769.910767 459.214600,769.406982 
	C464.439941,768.389587 465.684692,770.496033 465.458008,775.425171 
	C465.312164,778.596619 464.506012,779.480957 461.530151,779.290894 
	C459.048401,779.132446 456.515076,779.680359 454.045074,779.460571 
	C449.384766,779.045776 448.345306,781.050842 448.625885,785.431702 
	C448.858368,789.061951 449.372223,790.842896 453.555725,790.214844 
	C456.988037,789.699463 460.567078,790.223450 464.030029,789.833557 
	C467.980164,789.388794 469.424896,790.406128 469.510101,794.750793 
	C469.589020,798.774841 468.898376,800.210266 464.638092,800.164062 
	C457.651123,800.088257 450.656982,800.674500 443.194885,800.988037 
z"/>
<path fill="#F6F6F6" opacity="1.000000" stroke="none" 
	d="
M816.229187,799.856323 
	C818.278748,800.275635 819.908875,800.597290 821.532715,800.948425 
	C827.892578,802.323486 827.684814,802.284668 826.407715,808.537292 
	C825.826294,811.383972 824.933594,812.088806 822.234558,811.108154 
	C820.220886,810.376587 818.041077,810.097351 815.930359,809.639343 
	C809.098022,808.156860 809.378174,808.235718 807.596863,814.923279 
	C806.703003,818.279297 807.789307,818.795166 810.631897,819.238159 
	C814.889343,819.901550 819.043762,821.209106 823.294189,821.938965 
	C827.596008,822.677673 826.069214,825.362915 825.178528,827.481201 
	C824.323853,829.513794 825.849487,833.758911 820.586731,832.273193 
	C812.442078,829.973816 804.119263,828.303955 795.867126,826.387939 
	C793.980896,825.949951 792.629028,825.717651 793.301575,822.889282 
	C796.683411,808.665894 799.826416,794.384094 802.876831,780.085144 
	C803.417908,777.548645 803.953735,776.926819 806.720459,777.640747 
	C814.596741,779.673035 822.538940,781.615173 830.570801,782.825928 
	C836.815430,783.767212 834.233704,787.406372 833.923523,790.666382 
	C833.446655,795.678101 830.211426,792.962585 828.146118,792.633972 
	C824.711975,792.087708 821.390015,790.761780 817.950867,790.353882 
	C816.342285,790.163147 813.279907,787.176514 812.840210,791.845520 
	C812.543701,794.993958 809.366516,799.164368 816.229187,799.856323 
z"/>
<path fill="#F7F7F7" opacity="1.000000" stroke="none" 
	d="
M216.520294,820.558777 
	C216.911331,817.334229 217.141205,815.510498 221.003876,817.606079 
	C224.858124,819.697144 229.416199,819.456177 233.616241,817.710571 
	C235.728653,816.832581 237.372238,815.403564 237.051102,812.805969 
	C236.752228,810.388489 234.800201,809.569153 232.818008,809.185425 
	C229.230194,808.490906 225.518402,808.341003 221.993332,807.437195 
	C213.711334,805.313782 209.384079,800.347168 208.982803,793.065674 
	C208.619766,786.477905 212.916489,780.869873 220.488358,777.896973 
	C225.768692,775.823792 231.090286,775.633423 236.647522,776.702820 
	C240.007416,777.349243 240.946808,778.179138 240.532303,782.079590 
	C239.966980,787.399170 238.671021,789.036743 233.513153,786.783508 
	C230.675568,785.543823 227.589401,786.152954 224.761139,787.382507 
	C222.997147,788.149414 221.601318,789.421082 221.652542,791.513000 
	C221.711105,793.905029 223.493668,795.097961 225.485229,795.545837 
	C228.886414,796.310547 232.396240,796.582886 235.811157,797.297607 
	C244.560974,799.128723 249.015732,803.860352 249.389191,811.495544 
	C249.829987,820.507690 243.412018,827.383850 233.025879,828.904358 
	C229.220291,829.461487 225.372940,829.418640 221.567581,828.882019 
	C214.687729,827.911865 214.638885,827.777710 216.520294,820.558777 
z"/>
<path fill="#F55603" opacity="1.000000" stroke="none" 
	d="
M208.323273,859.817200 
	C207.074326,860.442139 206.113937,860.820190 204.836456,861.165894 
	C203.532822,861.446045 202.497314,861.457214 201.290497,861.956299 
	C201.093582,862.286682 201.070084,862.165894 201.130280,862.178589 
	C197.300629,862.943420 193.725555,864.714844 189.892731,865.666199 
	C187.097092,866.359924 184.632233,866.376221 183.100006,862.903564 
	C184.646591,851.703735 182.998123,841.273071 179.568390,831.023743 
	C178.456635,827.701416 177.884598,824.259827 177.330322,820.791992 
	C174.867752,805.384583 168.019257,792.440002 155.239319,782.463257 
	C154.348328,780.411682 153.664139,778.719849 153.211319,776.952820 
	C152.539627,774.331726 152.825409,771.971497 155.383850,770.448975 
	C157.949829,768.922058 160.380508,768.679749 162.446228,771.920105 
	C162.476562,772.654602 162.371048,772.976440 162.176788,773.537109 
	C162.221771,774.105957 162.410446,774.401001 162.876358,774.805298 
	C163.098633,774.949707 163.020737,774.978027 163.036713,774.939819 
	C163.194962,775.208984 163.404282,775.460693 163.876358,775.808655 
	C164.339127,776.166443 164.606232,776.372253 164.932434,776.832092 
	C165.483154,777.488098 165.458069,778.170471 166.107269,778.755554 
	C177.091949,790.128052 183.322632,803.729126 187.038284,818.601196 
	C189.457458,828.283997 191.404221,838.064514 191.285110,848.113037 
	C191.240463,851.879272 192.602203,852.508240 196.099289,851.326843 
	C210.901443,846.326660 226.057327,842.589111 241.694763,839.241333 
	C245.080872,841.138123 245.065628,842.984253 241.787766,844.586853 
	C238.960983,845.969116 235.906296,847.003174 232.873642,847.714539 
	C223.846985,849.831970 215.431244,853.017944 208.323273,859.817200 
z"/>
<path fill="#F7F7F7" opacity="1.000000" stroke="none" 
	d="
M705.145630,801.165283 
	C708.287170,801.308350 710.671143,800.701538 711.365479,797.674805 
	C712.110352,794.427612 709.450806,793.397827 707.316467,792.196045 
	C704.711914,790.729431 701.933228,789.560364 699.385071,788.007690 
	C692.863159,784.033875 690.411438,778.024841 692.237671,770.964417 
	C693.859924,764.692749 698.999084,760.543457 706.177368,760.121643 
	C712.651733,759.741211 718.630188,761.415710 724.231140,764.823364 
	C726.740967,766.350342 726.543945,767.344116 725.207886,769.686035 
	C723.007812,773.542419 721.326416,776.337158 716.674744,772.235962 
	C714.629395,770.432678 711.548950,769.872498 708.620544,770.197388 
	C706.489380,770.433655 704.714783,771.422913 704.135864,773.586548 
	C703.567871,775.709167 704.997681,777.108337 706.633057,778.024963 
	C709.528259,779.647766 712.587708,780.976013 715.497314,782.575195 
	C721.998108,786.148376 724.800293,791.226807 723.918518,797.582458 
	C722.896790,804.946167 718.634949,809.766968 711.430725,811.351929 
	C702.680176,813.277100 695.071228,810.432129 687.986572,805.476746 
	C686.421204,804.381836 686.179199,803.572998 687.429871,801.991699 
	C689.168030,799.794067 690.592773,797.348450 692.220337,794.905945 
	C696.073486,798.108215 699.918945,800.621338 705.145630,801.165283 
z"/>
<path fill="#F26F06" opacity="1.000000" stroke="none" 
	d="
M561.300781,727.285950 
	C545.665833,727.019775 530.365479,726.985596 515.065186,726.973389 
	C504.156036,726.964661 493.193176,726.323364 482.354797,727.203064 
	C473.712006,727.904541 464.934570,725.784241 456.366302,728.743652 
	C454.262817,729.470337 451.498108,727.994446 449.052643,728.064453 
	C428.501709,728.652527 407.935181,729.033264 387.416290,730.219604 
	C380.235992,730.634827 372.892212,730.993469 365.421143,732.971558 
	C361.022858,736.345276 355.732025,736.930115 351.340088,739.557922 
	C348.824677,741.062988 347.044800,739.122986 347.804321,735.656494 
	C347.792847,730.196655 350.431610,729.026001 355.268433,728.623657 
	C428.890594,722.500183 502.605682,720.452271 576.442871,722.983093 
	C577.100769,723.005676 577.753601,723.175171 578.610962,723.638672 
	C578.806396,728.118530 576.563416,729.638794 572.773804,728.836914 
	C569.087219,728.056946 565.194031,729.225586 561.300781,727.285950 
z"/>
<path fill="#EB9112" opacity="1.000000" stroke="none" 
	d="
M534.795898,556.374023 
	C511.927979,549.738953 488.882324,550.866943 465.938232,551.362427 
	C452.127716,551.660767 438.361542,553.133545 424.618011,554.688477 
	C419.233307,555.297791 415.263611,555.869141 411.956818,561.787231 
	C407.392883,569.955322 400.894073,577.147644 395.691895,585.090210 
	C373.339020,619.217834 355.739868,655.768555 340.252808,693.765503 
	C339.065460,693.260559 338.853058,692.191101 338.684570,690.685059 
	C338.596802,688.156799 339.096100,686.107788 339.580750,683.668884 
	C339.716522,682.790039 339.826782,682.298584 340.096069,681.468140 
	C341.513519,678.635315 343.391327,676.417725 343.783691,673.140442 
	C344.523529,669.728333 346.844330,667.419678 347.796112,664.091736 
	C348.758087,661.548279 350.050751,659.536133 350.855896,656.922546 
	C352.917511,651.707520 355.925537,647.326111 357.711578,641.983765 
	C360.329254,637.315552 362.949799,633.042297 364.660370,627.912170 
	C366.828125,623.016846 369.809967,618.963562 372.017639,614.094238 
	C382.226898,596.267090 392.638885,578.991455 405.072876,563.019104 
	C406.262360,561.491150 407.709473,560.029480 407.871521,557.772278 
	C404.113403,556.747437 400.147369,558.650818 396.864746,555.455322 
	C399.615295,551.883423 403.547211,552.050415 407.665436,551.565063 
	C408.819336,551.469360 409.595428,551.535583 410.701111,551.191956 
	C412.038086,550.883362 413.028107,550.805359 414.382568,550.691284 
	C415.714264,550.611755 416.686737,550.604675 417.966736,550.160400 
	C419.535156,549.781067 420.774200,549.735901 422.382385,549.633423 
	C423.755890,549.610962 424.745789,549.534790 426.070099,549.100830 
	C427.965973,548.670532 429.517944,548.649414 431.455292,548.612061 
	C434.146027,548.586060 436.461609,548.681152 439.081360,547.892090 
	C439.977234,547.761230 440.492645,547.719421 441.396545,547.679993 
	C442.298706,547.659668 442.814026,547.659973 443.715271,547.643982 
	C444.619598,547.604614 445.138092,547.600037 446.049683,547.589111 
	C449.089844,547.180054 451.699402,546.476196 454.826050,546.603455 
	C456.093689,546.483032 456.945953,546.518250 458.240173,546.560303 
	C467.760406,546.087524 476.810333,544.913696 486.382355,545.495056 
	C490.758301,545.561035 494.686035,545.232605 499.043701,545.750183 
	C507.138916,547.030945 514.932007,547.242249 522.535461,548.717163 
	C527.595398,549.698547 533.124573,550.143799 536.097656,555.787720 
	C535.713501,556.340088 535.446899,556.467163 534.795898,556.374023 
z"/>
<path fill="#F26F06" opacity="1.000000" stroke="none" 
	d="
M907.743835,458.685791 
	C911.019104,482.062897 910.639648,505.125092 908.091309,528.598511 
	C907.121338,530.000366 907.604797,531.196228 907.597900,532.646484 
	C907.535461,534.108032 907.394897,535.232483 907.123779,536.674255 
	C905.933899,537.351135 905.573425,536.467773 904.719727,535.554138 
	C903.888489,538.511414 903.864014,541.481567 902.275574,544.329224 
	C900.491394,545.776794 899.724243,547.347900 899.486145,549.253052 
	C896.632385,572.088867 890.168030,593.989929 882.135010,615.460632 
	C879.927063,621.362000 879.246399,627.746704 876.036743,633.710449 
	C873.789124,635.875366 873.401123,639.596741 869.301575,639.216858 
	C876.484619,619.646484 883.836121,600.236328 888.896790,580.051880 
	C894.937744,555.957397 898.362549,531.478088 899.827759,506.305664 
	C901.893188,507.788696 901.308838,510.233734 901.452209,512.495605 
	C901.628540,515.274841 901.369812,518.120483 903.166870,520.679565 
	C902.560913,507.470367 907.443604,494.521362 904.460144,482.406097 
	C904.444336,487.147949 904.493103,493.072754 904.445862,498.996429 
	C904.432617,500.652985 904.583008,502.395416 903.742798,503.872650 
	C902.638245,505.814697 901.391418,506.264526 900.238770,503.358643 
	C899.661743,491.321106 899.283386,479.605438 898.959412,467.421570 
	C898.554504,458.139252 897.516602,449.380768 896.437988,440.200623 
	C896.505005,438.303192 897.220032,436.969910 897.234436,435.434082 
	C897.250244,433.743835 897.790222,431.859741 899.787720,431.735596 
	C902.059326,431.594421 902.084534,433.739349 902.344788,435.297821 
	C903.324707,441.167786 904.252441,447.046478 905.293640,452.906281 
	C905.464722,453.868988 905.415039,454.905365 906.500122,455.926941 
	C907.290771,456.829010 907.475952,457.572845 907.743835,458.685791 
z"/>
<path fill="#F45B04" opacity="1.000000" stroke="none" 
	d="
M162.962372,772.298340 
	C160.178177,770.244690 157.666794,769.775757 155.147552,772.053040 
	C152.868637,774.113037 154.326828,776.256348 155.157852,778.380676 
	C155.514023,779.291138 155.715195,780.262207 155.993210,781.594360 
	C154.368271,783.601013 152.507858,783.488464 150.113770,782.501892 
	C149.669128,782.300720 149.910309,782.149597 149.806534,782.246948 
	C149.681534,782.145813 149.660294,781.947205 149.341431,781.782349 
	C146.041443,778.923462 143.039093,776.030823 139.895264,772.853760 
	C139.504089,769.433167 142.010757,769.874573 143.740555,769.715271 
	C158.206772,768.382874 170.764740,762.316833 182.721222,753.919922 
	C200.587723,748.812378 218.646149,745.914551 236.719910,743.154236 
	C251.186218,740.944824 265.703369,739.068420 280.633728,737.088623 
	C281.466980,737.378662 281.897217,737.533264 282.637329,737.806519 
	C282.914612,738.015625 283.012207,738.072449 282.983063,738.120789 
	C284.248901,740.306335 283.187286,741.459656 281.228577,742.154602 
	C279.106445,742.907654 276.851562,743.169373 274.288177,743.939331 
	C256.321625,746.349609 239.046967,750.296509 221.164337,753.008484 
	C219.495819,753.305847 218.201721,753.452209 216.921906,753.699280 
	C212.292099,754.593201 207.688843,755.513306 205.971954,761.279724 
	C191.685287,765.170349 177.513977,768.717163 162.962372,772.298340 
z"/>
<path fill="#941302" opacity="1.000000" stroke="none" 
	d="
M864.948242,486.425354 
	C866.475891,481.726349 865.858765,477.296021 866.001343,472.463043 
	C869.396423,469.545868 870.968140,465.927765 872.607117,462.237885 
	C873.891663,459.346008 874.962891,455.682098 879.826538,456.740204 
	C881.910950,460.354340 881.148193,464.135742 881.488159,467.690796 
	C883.483459,488.555267 882.914734,509.406403 880.037231,530.600830 
	C879.235962,531.781128 879.618530,532.800415 879.250977,534.007080 
	C879.020386,536.393311 878.891785,538.444336 878.563599,540.813232 
	C873.779358,539.444702 875.919128,535.053711 875.329041,532.143188 
	C874.300171,527.068237 871.974548,521.412109 876.558044,516.476868 
	C877.586853,515.369080 876.701416,513.884644 875.285767,513.303711 
	C873.896301,512.733459 872.985718,513.656189 872.653381,514.835571 
	C871.082825,520.408264 866.128235,521.825378 861.355469,523.962219 
	C859.745972,522.846497 859.611633,521.311584 859.932495,519.846130 
	C862.316895,508.955475 862.796875,497.782440 864.948242,486.425354 
z"/>
<path fill="#F7F7F7" opacity="1.000000" stroke="none" 
	d="
M583.306885,791.523071 
	C579.067810,782.799683 578.969299,774.155884 581.912964,765.483398 
	C585.823181,753.963257 596.671326,748.436035 608.293884,751.844116 
	C610.681580,752.544250 613.076538,753.270752 615.372437,754.217346 
	C617.463989,755.079590 620.326294,755.768677 620.111450,758.612854 
	C619.885742,761.602051 617.138733,763.266968 615.049377,765.138367 
	C613.882996,766.182983 613.483276,764.867920 612.752319,764.309326 
	C603.964661,757.593506 594.580017,761.391296 593.046509,772.317505 
	C592.724792,774.609802 592.667175,776.975342 592.799988,779.289185 
	C593.418945,790.067017 601.511047,795.015015 611.272034,790.384338 
	C616.820862,787.751892 615.843933,793.427673 617.740601,795.216309 
	C620.312927,797.642151 617.681213,798.822449 615.766235,799.815308 
	C604.336426,805.741577 591.030518,802.444824 583.306885,791.523071 
z"/>
<path fill="#F47206" opacity="1.000000" stroke="none" 
	d="
M824.241211,761.312500 
	C817.502686,760.272644 811.028198,759.015625 804.239258,757.556641 
	C803.142334,755.824158 801.664185,756.788025 800.200073,756.293457 
	C799.841492,756.171021 799.972351,756.312073 799.900513,756.376099 
	C787.241455,747.743225 772.822632,745.336792 758.020813,744.529175 
	C750.665649,744.127869 743.627197,742.051697 736.367188,741.141724 
	C723.502319,739.529358 710.596313,738.438599 697.285034,737.216675 
	C692.872375,736.503479 688.132141,737.618164 685.815857,732.242310 
	C686.950623,729.303223 689.198425,729.789551 691.339539,730.031555 
	C709.335510,732.065796 727.342773,734.007202 745.322571,736.176514 
	C777.169617,740.019043 808.776550,745.336304 840.521667,752.158875 
	C839.332764,757.592407 835.520813,759.049255 830.538818,758.169312 
	C827.699097,757.667725 825.652161,758.334229 824.241211,761.312500 
z"/>
<path fill="#FBC82A" opacity="1.000000" stroke="none" 
	d="
M610.255005,734.485107 
	C609.691162,734.489685 609.529846,734.435791 609.198853,734.191284 
	C608.768555,733.716980 608.474609,733.472778 607.864929,733.237671 
	C592.955322,724.666809 591.287109,709.326599 604.167725,698.432007 
	C605.805115,700.814514 604.419434,702.700806 602.839905,704.421448 
	C600.248779,707.244202 599.000061,710.477539 599.443787,714.558655 
	C600.107544,712.009460 599.234131,709.009033 602.596313,707.640259 
	C607.276794,708.657837 611.529968,709.990112 616.206177,711.134521 
	C618.518616,712.472778 618.133850,715.119934 619.973389,716.799561 
	C620.311829,717.246887 620.442322,717.427490 620.762695,717.877441 
	C621.209839,718.496399 621.489014,718.827942 622.048340,719.336487 
	C624.413086,721.055420 627.117493,720.353882 629.605957,721.645813 
	C630.269470,722.538452 629.336853,724.069885 631.459045,723.601562 
	C636.069519,722.584167 640.260010,720.705750 644.260071,718.299316 
	C645.961914,717.275452 647.513550,715.998779 649.742554,715.166016 
	C656.075439,714.799194 658.754944,720.106750 663.159302,723.096313 
	C663.040833,725.118225 661.855042,726.048340 660.609619,726.881531 
	C645.145081,737.227295 628.667664,740.912537 610.255005,734.485107 
z"/>
<path fill="#F8DA7B" opacity="1.000000" stroke="none" 
	d="
M255.012299,620.151489 
	C241.447693,612.100525 240.007935,599.743286 251.296417,589.180176 
	C264.427063,576.893250 280.612457,569.724976 296.890839,562.911377 
	C312.856995,556.228638 329.323883,550.887085 346.369110,546.054565 
	C346.942261,546.308960 347.080627,546.524902 347.107178,547.108948 
	C340.364685,551.331787 332.905243,553.079468 325.764740,555.559326 
	C307.720428,561.826172 290.383575,569.666504 272.979675,578.303650 
	C270.598328,579.694580 268.289185,580.482544 266.219910,582.378113 
	C260.936951,585.050415 257.093414,589.042358 252.904648,592.543518 
	C248.700562,596.057434 247.552399,600.985352 247.649658,605.388550 
	C246.960419,597.433594 252.647720,592.880432 259.456940,589.474243 
	C267.049927,585.675903 274.950500,582.532471 283.224823,580.447937 
	C284.695953,580.077332 286.153992,579.792908 287.982635,580.459961 
	C289.153229,581.302551 289.614075,582.155029 289.452332,583.602661 
	C286.762634,586.104919 283.341309,585.048462 280.512970,586.261963 
	C279.254669,586.801880 277.210144,586.674927 277.451691,588.685120 
	C277.630707,590.174927 279.307129,590.303406 280.583008,590.541992 
	C281.858704,590.780579 283.189026,590.746582 284.688599,591.542847 
	C285.640259,594.378357 283.447449,595.173645 281.936584,596.250793 
	C278.140442,598.956909 274.460632,601.804321 271.042725,604.965698 
	C267.965698,607.811768 264.877686,610.956848 264.574768,615.289062 
	C264.242981,620.034302 262.084167,621.332092 257.823456,620.504822 
	C257.019714,620.348755 256.164246,620.511292 255.012299,620.151489 
z"/>
<path fill="#FBC82A" opacity="1.000000" stroke="none" 
	d="
M569.560303,654.081177 
	C570.765686,653.700867 571.690735,653.120789 572.828674,652.286072 
	C573.731445,651.257324 574.638794,650.758606 575.623840,650.732178 
	C581.271423,650.580688 584.551086,647.247192 587.100647,642.268799 
	C587.543396,641.842957 587.741638,641.694275 588.290344,641.417847 
	C593.145874,641.505005 592.522888,645.026794 592.632080,647.818054 
	C592.714722,649.931519 591.652405,651.976318 591.517029,654.109314 
	C591.404907,655.876465 591.066589,657.785156 593.072998,659.347900 
	C594.211121,660.065308 594.850159,660.794128 595.753418,661.767090 
	C596.262024,662.283508 596.517456,662.543701 596.897034,663.047729 
	C597.190063,663.404541 597.359009,663.517639 597.808228,663.752563 
	C598.697754,663.997070 599.315613,664.009277 600.250122,664.022827 
	C600.994324,664.036682 601.421204,664.061890 602.167786,664.170166 
	C602.690552,664.324585 602.892700,664.410645 603.365173,664.687622 
	C603.951660,665.189392 604.213257,665.540771 604.502930,666.250916 
	C604.653564,667.901917 603.725769,669.011230 603.693420,670.673889 
	C602.640442,673.649597 600.273560,674.279480 597.538208,674.939941 
	C596.923096,674.960144 596.676880,674.950195 596.066101,674.888428 
	C591.145813,674.963745 586.588989,675.158264 581.694824,674.723206 
	C580.147583,675.177917 578.931824,675.062683 577.353271,674.943909 
	C576.719910,674.832581 576.450012,674.743835 575.916138,674.371582 
	C575.652100,674.088013 575.196228,673.940308 575.075562,673.733337 
	C574.667358,673.207153 574.515747,672.836304 574.556091,672.098389 
	C574.990234,670.711365 574.616333,669.898438 573.468018,669.064880 
	C573.071350,668.707642 572.918640,668.554077 572.573486,668.132874 
	C572.169128,667.474609 571.981323,667.072571 571.684082,666.350464 
	C570.527405,664.124512 570.391235,661.699219 567.993774,660.310669 
	C563.933350,660.835876 561.704407,663.674561 559.238403,666.071960 
	C553.273254,671.871155 546.070618,675.626526 538.554260,678.884094 
	C537.188782,679.475769 535.731873,679.946838 533.882080,679.241821 
	C531.924988,676.211243 529.459961,674.656250 526.281311,673.845520 
	C523.827393,673.219666 521.110352,672.853699 519.341064,670.109741 
	C519.928650,666.132080 520.362549,662.458313 522.148560,658.819092 
	C528.908203,659.531555 534.952148,662.518188 541.989746,662.207520 
	C542.849548,662.291748 543.313721,662.433777 544.002563,662.913330 
	C544.562988,664.066467 544.476868,664.963989 544.078247,666.151611 
	C543.845947,666.621460 543.739990,666.797607 543.442200,667.203491 
	C542.975342,667.683472 542.677246,667.900452 542.161499,668.213623 
	C541.981262,668.363708 541.778259,668.728271 541.778259,668.728271 
	C541.778259,668.728271 542.202148,668.754883 542.360535,668.554565 
	C542.683228,668.267700 542.847534,668.181152 543.295227,668.013916 
	C547.879272,666.599854 551.704468,664.404236 555.416687,661.320557 
	C555.834839,660.941589 556.000244,660.787415 556.428467,660.418091 
	C557.599670,659.525818 558.601807,658.999939 559.864502,658.248108 
	C563.335083,656.973999 565.381897,653.414368 569.560303,654.081177 
z"/>
<path fill="#CD4010" opacity="1.000000" stroke="none" 
	d="
M299.119446,187.400116 
	C300.243073,182.511749 299.731262,178.002396 299.744171,173.528854 
	C299.804810,152.545059 299.794220,131.560501 299.653290,110.577263 
	C299.631622,107.348991 300.218079,105.245087 303.686279,104.261299 
	C324.166901,98.451691 344.418121,91.692017 365.565704,88.599358 
	C377.940277,86.789688 389.798981,88.606422 400.795105,95.705048 
	C401.232178,96.211685 401.458099,96.452271 401.915253,96.788940 
	C402.141052,96.890099 402.035645,96.959549 402.067993,96.905365 
	C402.231323,97.179169 402.430573,97.458435 402.951965,97.750984 
	C403.205688,97.813156 403.024872,97.958267 403.102844,97.872467 
	C403.244812,98.151901 403.413910,98.456261 403.972961,98.722969 
	C404.241577,98.755638 404.000000,98.998474 404.119446,98.875565 
	C404.251343,99.134178 404.398438,99.449089 404.973999,99.722977 
	C405.246765,99.758980 405.291656,99.789444 405.295441,99.762589 
	C405.953369,101.378166 407.446259,102.304016 408.788574,103.773727 
	C411.592010,107.941490 413.330994,112.238045 414.302551,117.112671 
	C414.155334,117.831940 414.266510,118.213921 414.752533,118.782211 
	C414.967285,119.011169 415.061981,118.879364 415.143005,118.874451 
	C415.505707,119.317581 415.773407,119.773849 416.175293,120.613144 
	C416.493591,121.792496 416.797638,122.558739 417.098175,123.769882 
	C417.471649,128.564926 418.011261,132.952728 416.552246,137.652985 
	C413.207825,139.144730 412.986023,136.831451 412.734802,134.871765 
	C412.396118,132.229355 412.712585,129.544281 412.381653,126.481277 
	C412.123901,125.565567 411.999298,125.044380 411.859985,124.135002 
	C411.682800,122.789764 411.701996,121.804459 411.325745,120.520096 
	C411.111572,119.731300 411.010376,119.277092 410.857788,118.481842 
	C410.668579,117.222916 410.403503,116.358810 409.565308,115.344528 
	C406.046112,109.696259 403.440918,103.847740 397.661987,100.397652 
	C388.636108,95.009109 378.875122,92.391197 368.511902,93.754837 
	C348.467896,96.392342 329.262177,102.656029 309.910767,108.228767 
	C308.238861,108.710236 306.831085,109.496971 306.077118,111.642296 
	C304.783264,119.284851 305.682587,126.586845 305.460602,134.302979 
	C305.638123,136.804367 305.505341,138.865311 305.473694,141.364929 
	C305.548035,144.720444 305.455597,147.637878 305.468262,150.997223 
	C305.441620,151.736908 305.435211,152.034149 305.425781,152.779816 
	C305.420471,154.137924 305.408203,155.047592 305.421631,156.424377 
	C305.257294,173.790237 305.756989,190.692581 305.011719,208.048828 
	C301.234650,211.496277 300.984314,211.369293 298.981628,205.134628 
	C298.280487,199.061646 297.998810,193.447571 299.119446,187.400116 
z"/>
<path fill="#F26F06" opacity="1.000000" stroke="none" 
	d="
M753.501831,198.043747 
	C753.497192,194.448257 753.793945,190.990112 754.154053,187.079163 
	C758.027039,188.763229 761.281860,191.626984 764.689087,194.785477 
	C762.110596,197.699356 762.636658,199.788300 765.393311,202.269287 
	C769.120911,205.624176 774.111938,207.146759 777.384766,211.112991 
	C784.460999,219.688309 793.497070,226.431793 800.071472,235.519684 
	C802.676819,239.121201 806.344910,241.922028 809.573059,244.953888 
	C821.630371,256.278137 829.792847,270.384399 838.781555,283.928558 
	C841.349365,287.797668 843.706055,291.833588 847.175598,295.115204 
	C848.886108,294.892303 848.088928,292.765625 849.670471,292.119995 
	C863.260864,311.799103 873.538330,333.138611 882.243958,355.617554 
	C880.585815,357.032104 878.900452,356.162354 876.864136,355.871185 
	C874.623657,354.930634 874.164856,353.146332 873.474121,351.444214 
	C870.732666,344.688629 867.428528,338.231384 863.717224,331.933411 
	C860.452026,326.392456 858.449829,320.174927 855.334595,314.517334 
	C853.094543,310.449066 850.925964,306.341003 846.824036,303.269409 
	C834.619141,284.437500 822.251831,266.100616 807.671265,249.341812 
	C791.338501,230.569138 773.468506,213.435074 753.501831,198.043747 
z"/>
<path fill="#F6F6F6" opacity="1.000000" stroke="none" 
	d="
M381.849884,758.003174 
	C381.963501,759.762207 381.893036,761.127197 382.180328,762.412109 
	C382.648590,764.506409 382.021393,765.252258 379.838898,765.657471 
	C376.174255,766.337769 370.906677,764.378784 369.202087,767.666992 
	C367.731232,770.504211 369.591003,775.066467 369.973663,778.866516 
	C370.790405,786.976807 371.467133,795.104980 372.506439,803.186584 
	C372.800751,805.474915 372.289246,805.861023 370.180664,806.237427 
	C360.720612,807.926086 360.752228,808.016052 359.781525,798.586731 
	C358.861084,789.646240 357.699219,780.723999 357.063995,771.763916 
	C356.810059,768.181946 355.362274,767.569214 352.396057,768.277405 
	C351.750092,768.431702 351.085052,768.513123 350.425140,768.600891 
	C343.137329,769.570862 343.321014,769.551697 342.639374,762.479797 
	C342.362518,759.607666 343.199799,758.776184 345.888855,758.516663 
	C356.655945,757.477234 367.406555,756.266846 378.162445,755.112000 
	C380.087402,754.905273 381.982758,754.700745 381.849884,758.003174 
z"/>
<path fill="#AA1802" opacity="1.000000" stroke="none" 
	d="
M208.408630,621.951172 
	C202.567719,615.209106 198.253494,607.482239 194.344208,599.565186 
	C189.406235,589.564941 184.457901,579.545471 180.957901,568.907410 
	C179.629440,564.869568 178.315582,560.826965 176.984283,556.398315 
	C181.426208,553.131531 185.621765,556.016663 190.303452,556.720947 
	C192.620697,557.662231 193.044144,559.472107 193.682556,561.203979 
	C198.754669,574.963928 203.946396,588.674500 213.017532,600.460449 
	C214.923325,602.936584 215.648529,605.799194 216.199081,609.153748 
	C216.253799,610.309204 216.158859,611.065796 215.756287,612.140869 
	C215.364197,612.940857 215.033844,613.305542 214.321564,613.825867 
	C214.049118,614.080933 213.996017,614.021423 214.033646,614.034668 
	C213.546555,614.413330 213.497818,615.006592 213.197906,615.797302 
	C213.044891,616.041748 212.998657,616.024353 213.022263,616.022583 
	C212.736679,616.253906 212.469421,616.527954 212.147339,617.114929 
	C210.922287,618.849243 209.793839,620.311401 208.408630,621.951172 
z"/>
<path fill="#F5E3AB" opacity="1.000000" stroke="none" 
	d="
M347.343201,547.253662 
	C347.004333,546.799561 346.984467,546.587708 346.873230,546.235474 
	C362.032410,541.224304 377.743347,538.428589 393.436829,535.740784 
	C429.596161,529.547791 465.999176,526.387024 502.695953,529.155945 
	C514.623779,530.056030 526.562439,531.531128 537.558655,537.809448 
	C538.351440,538.324646 538.934082,538.509460 539.645508,538.971802 
	C539.774170,539.249817 539.909607,538.994629 539.828796,539.114502 
	C541.937927,541.846802 544.398621,544.270630 544.986938,547.881653 
	C545.883972,553.387268 542.436890,557.172546 536.916443,556.045471 
	C530.229370,551.028625 522.676392,549.873352 515.058899,549.030823 
	C510.274323,548.501587 505.462799,548.215759 500.293701,547.661865 
	C498.629028,545.245605 499.384247,543.713135 501.659119,542.806519 
	C503.965668,541.887268 506.320709,541.013000 508.733917,540.513123 
	C512.226685,539.789734 514.729248,537.924866 516.875244,534.727051 
	C521.747559,534.521606 526.035889,535.683228 530.276611,537.051392 
	C519.113464,533.693604 507.554535,532.453796 496.029846,531.563049 
	C463.960236,529.084290 432.294159,533.158020 400.670349,537.979126 
	C385.340698,540.316101 370.175262,543.348999 355.068939,546.773621 
	C352.657745,547.320190 350.227844,548.113098 347.343201,547.253662 
z"/>
<path fill="#FDB916" opacity="1.000000" stroke="none" 
	d="
M340.729187,682.764404 
	C340.694305,685.073853 340.345703,687.134705 339.986450,689.593018 
	C338.834045,694.461853 336.480255,697.419739 331.542267,698.377563 
	C328.054382,699.054138 325.464630,701.658997 323.700409,704.826477 
	C320.336975,710.865173 315.017029,714.661865 309.062683,717.758606 
	C307.259521,718.696411 305.442902,719.431030 303.077789,718.414917 
	C300.904449,713.582703 304.583740,709.401428 304.095520,705.652527 
	C303.917419,708.498352 302.585571,711.878601 301.977448,715.387207 
	C301.039215,720.800293 300.340393,726.210510 304.302673,731.323608 
	C304.664703,732.157837 304.750397,732.671875 304.670532,733.605347 
	C304.463409,734.251465 304.330353,734.493774 303.784332,734.774292 
	C300.709961,733.072571 299.076965,730.562134 297.945190,727.280090 
	C297.775360,726.800049 297.656464,726.678040 297.597290,726.307617 
	C296.820557,723.688599 297.151794,721.256287 297.373657,718.389771 
	C297.480225,717.498291 297.513367,717.053833 297.705444,716.305786 
	C300.640045,702.276672 305.992035,689.392883 311.320862,676.559631 
	C315.716187,665.974609 321.016235,655.765259 326.158936,645.107178 
	C326.927032,644.959473 327.313995,645.266907 327.670868,646.115662 
	C327.821869,649.986389 325.971252,652.838135 324.504517,655.802246 
	C322.654999,659.539856 320.857605,663.286804 319.749939,667.713989 
	C315.283356,675.124329 312.567474,682.902405 309.688965,690.604065 
	C308.939240,692.609985 308.275635,694.641235 307.022461,696.805176 
	C306.739105,697.359802 306.514679,697.548767 306.419128,697.777588 
	C306.327362,697.997375 306.517853,697.751831 306.734619,697.510620 
	C308.894135,694.313171 309.333313,690.355103 313.232971,688.448486 
	C315.867188,688.430298 317.738251,687.559998 319.446259,686.113892 
	C325.716431,680.805237 332.918488,680.763428 340.729187,682.764404 
z"/>
<path fill="#FCB010" opacity="1.000000" stroke="none" 
	d="
M302.873047,718.213318 
	C311.462036,716.456604 317.780151,711.974182 321.992493,704.844543 
	C324.924255,699.882263 329.009033,696.874756 334.548370,696.063660 
	C338.146179,695.536865 336.920227,691.511963 339.664917,690.159546 
	C339.968567,691.062988 339.961395,692.135559 339.978821,693.609741 
	C340.003418,694.011353 339.999146,694.000183 340.003418,693.999878 
	C339.259827,694.659180 339.586090,695.592712 339.160767,696.612793 
	C338.984711,697.173523 338.928833,697.496277 338.578064,697.972656 
	C333.958649,704.294922 332.273834,711.365295 331.497375,719.130493 
	C331.251160,722.422546 330.067078,725.209534 330.163452,728.507690 
	C329.915039,731.307068 329.912964,733.784973 329.911621,736.727783 
	C330.946350,738.158875 330.224640,738.869934 329.314911,739.851013 
	C329.065674,740.112061 328.997253,740.054871 329.041504,740.060547 
	C326.385406,740.952148 323.600159,740.259155 320.454834,740.568604 
	C318.899445,740.567017 317.754730,740.505249 316.207703,740.283508 
	C314.666260,740.409790 313.933075,739.425903 312.653381,739.279541 
	C310.476227,739.350464 308.920654,738.429016 307.147461,737.324036 
	C306.844635,736.843689 306.726166,736.642639 306.746948,736.122803 
	C307.580292,735.288574 308.345367,735.090820 309.231384,735.243652 
	C307.235565,734.834900 305.519073,734.030823 304.443909,731.748718 
	C301.626160,727.366516 299.290802,723.264648 302.873047,718.213318 
z"/>
<path fill="#EE6102" opacity="1.000000" stroke="none" 
	d="
M901.708374,544.300110 
	C902.748840,540.133911 902.220337,535.908569 904.708313,532.340820 
	C906.713623,533.470215 905.462402,535.396790 906.725830,536.755859 
	C906.993347,536.991577 907.014709,536.913513 907.055115,536.915710 
	C907.176575,537.101929 907.257629,537.285889 907.161438,537.713989 
	C904.864807,559.406677 899.698853,580.213989 893.492676,600.772522 
	C880.627686,643.388733 860.042725,682.187439 834.733948,718.610657 
	C831.128601,723.799255 827.356812,728.872070 823.354736,734.164185 
	C820.937500,731.322876 823.231018,728.998779 824.492737,726.739136 
	C826.639343,722.894958 829.093445,719.231750 830.202881,714.497681 
	C838.128662,705.231079 845.422852,696.056702 850.361084,685.106140 
	C855.418701,673.890808 862.998352,663.972046 867.909241,652.209961 
	C873.829407,643.348328 876.819824,633.688904 879.894348,624.012512 
	C883.163635,613.723083 886.441895,603.409973 890.342163,593.349243 
	C895.694214,579.543884 896.925415,564.938232 899.536377,550.593567 
	C899.918884,548.492432 899.630737,546.224731 901.708374,544.300110 
z"/>
<path fill="#EA971B" opacity="1.000000" stroke="none" 
	d="
M595.997803,661.565063 
	C595.220459,661.748901 594.434387,661.474426 593.361084,661.065063 
	C589.750854,655.307007 592.550110,649.750732 593.295776,644.182678 
	C593.468933,642.889954 594.060913,641.668640 594.596313,640.031921 
	C595.458496,637.981934 595.801392,636.175232 596.746094,634.193481 
	C598.706482,631.296631 599.764893,628.388245 600.973755,625.156433 
	C601.713318,623.530762 602.184387,622.141235 603.855225,621.208008 
	C612.102539,607.575928 620.092102,594.143677 627.912476,580.613586 
	C629.464844,577.927673 631.379578,576.502808 634.438110,575.925781 
	C655.531433,571.946350 676.674500,568.364075 698.555420,566.833862 
	C701.601318,565.072815 704.359802,565.220520 707.597717,566.288330 
	C712.372620,566.674561 716.724182,566.852722 721.539307,566.982544 
	C723.826782,565.497192 725.703796,566.463867 727.885742,566.901611 
	C729.111877,567.166565 729.879944,568.091492 731.094238,567.273926 
	C731.891541,565.741516 731.713501,564.277283 732.171265,562.615417 
	C732.451538,561.903198 732.437744,561.490479 732.282471,560.754395 
	C732.190796,557.580566 729.691040,556.459045 727.941040,554.375977 
	C736.389160,556.884888 739.147827,568.363647 732.615417,574.391357 
	C731.503906,575.416992 730.177246,576.773987 729.085571,574.575684 
	C727.316223,571.012451 724.015869,571.174011 720.925110,570.974854 
	C700.187683,569.638367 679.726685,572.314697 659.316833,575.464172 
	C651.430298,576.681091 643.606140,578.298218 635.744080,579.678955 
	C633.857422,580.010254 632.391235,580.644592 631.306213,582.425964 
	C619.796143,601.321716 608.048828,620.091919 599.856201,640.764709 
	C597.281006,647.262817 594.880066,653.872009 595.997803,661.565063 
z"/>
<path fill="#A11602" opacity="1.000000" stroke="none" 
	d="
M880.134705,456.524109 
	C875.238708,456.802643 874.650391,460.939331 873.125732,464.077667 
	C871.599304,467.219788 871.328674,471.324036 866.378845,471.997284 
	C866.141724,460.597534 865.407227,449.206665 863.833801,437.950348 
	C862.595398,429.090149 862.579285,420.123383 860.938110,411.335419 
	C860.583679,409.437164 859.679443,407.641602 859.022522,405.404327 
	C859.350403,404.640625 859.680786,404.256134 859.853149,403.789795 
	C862.238342,397.336761 862.243286,397.332733 868.734375,400.756500 
	C873.568604,413.399902 875.624268,426.384766 877.959534,439.290009 
	C878.963806,444.839417 879.424744,450.487183 880.134705,456.524109 
z"/>
<path fill="#EA971B" opacity="1.000000" stroke="none" 
	d="
M254.934738,620.253418 
	C259.309265,619.377747 263.461090,619.586426 264.119202,612.442444 
	C264.661652,606.554260 270.959473,603.072083 275.545410,599.324158 
	C278.478088,596.927307 281.673065,594.851501 284.921997,592.339600 
	C286.354156,588.848022 289.734894,588.298645 292.371582,586.252808 
	C297.339447,583.201782 302.406494,581.102600 307.522034,578.309937 
	C310.044769,577.070923 312.453339,576.477722 314.904480,575.027405 
	C335.465820,567.088074 355.950256,560.215759 377.812927,556.686768 
	C378.469818,556.645508 378.732544,556.638306 379.388367,556.644165 
	C380.563477,556.717163 381.324219,556.876099 382.397522,557.328674 
	C383.410828,558.088562 383.336090,558.817749 383.030762,559.913330 
	C382.205322,561.751282 381.649200,563.303833 380.999329,565.203613 
	C371.188751,576.021790 364.182404,588.428162 356.074554,600.043335 
	C355.412262,600.992126 354.717773,601.921204 353.278839,602.538208 
	C352.676178,602.592407 352.432007,602.561462 351.884796,602.319580 
	C359.646637,588.940186 368.255463,576.129578 377.206787,563.659790 
	C376.425690,562.150024 375.320374,562.725403 374.501434,562.908386 
	C344.459412,569.621277 315.357422,578.910645 288.885986,595.065674 
	C282.368713,599.042969 275.930695,603.263550 270.429413,608.675964 
	C269.483795,609.606262 268.561737,610.603333 267.837463,611.706543 
	C266.416016,613.871704 263.919159,616.301453 265.986023,618.807190 
	C268.158600,621.441101 270.828827,619.034241 273.904358,618.039673 
	C277.489258,619.567932 275.968750,620.701172 274.234863,621.732849 
	C272.997314,622.469177 271.356659,621.893982 269.872345,623.025635 
	C273.874878,624.343445 277.074371,623.802856 279.838562,620.267944 
	C280.305420,619.911987 280.511902,619.796631 281.072083,619.653198 
	C283.864838,620.863708 284.204498,622.690979 282.861481,624.932312 
	C281.450531,627.287109 279.561249,628.315552 276.658325,627.710205 
	C269.209991,626.156982 262.208160,623.337402 254.934738,620.253418 
z"/>
<path fill="#F26505" opacity="1.000000" stroke="none" 
	d="
M876.750366,355.296600 
	C878.589905,354.948059 880.178467,354.936981 881.938599,355.873535 
	C889.675781,373.605713 895.312195,391.836273 899.807434,410.433563 
	C902.896179,423.211823 905.492676,436.082703 907.009399,449.584076 
	C907.117981,450.171570 907.248413,450.325562 907.337646,450.779175 
	C906.955505,452.072784 906.975586,453.059845 907.414246,454.343201 
	C907.487366,455.272095 907.492371,455.897583 907.196289,456.758118 
	C904.489563,457.215820 904.216370,455.748322 903.920776,453.648621 
	C902.926697,446.586914 901.623352,439.568756 900.438721,432.535889 
	C895.955139,433.381439 900.772461,437.668732 897.342346,438.934875 
	C894.498779,434.558929 894.799316,429.446594 893.628540,424.690155 
	C892.493774,420.079407 891.483337,415.418793 890.293091,410.402008 
	C886.248047,395.800446 881.564758,381.823456 876.714661,367.493958 
	C877.873474,365.052643 877.204163,362.964783 876.808228,360.878815 
	C876.475647,359.126587 875.710388,357.395630 876.750366,355.296600 
z"/>
<path fill="#C21F02" opacity="1.000000" stroke="none" 
	d="
M204.756531,302.224487 
	C215.497787,285.366669 226.941757,269.519653 240.639954,254.993286 
	C243.021515,256.984589 242.246872,259.466614 241.575989,261.815948 
	C239.928848,267.583984 237.606461,272.999420 233.204422,277.324036 
	C229.137451,281.319489 226.811584,286.099365 227.173553,292.343689 
	C226.816559,294.211823 226.161926,295.555176 225.326096,296.795013 
	C215.112885,311.944489 208.443192,329.042175 199.012573,344.611847 
	C196.452652,348.838165 194.812424,353.582886 191.264069,357.553955 
	C187.206848,357.287445 187.494446,354.492340 188.557877,352.523865 
	C193.400894,343.559082 195.936935,333.637543 200.463654,324.573090 
	C202.101944,321.292450 203.418579,317.875153 205.088425,314.628845 
	C207.242432,310.441284 205.351791,306.557281 204.756531,302.224487 
z"/>
<path fill="#F98C08" opacity="1.000000" stroke="none" 
	d="
M849.922607,291.644348 
	C849.758789,292.764435 849.208252,293.614227 849.358582,294.313446 
	C849.654297,295.689697 850.147400,297.065918 848.376465,297.589233 
	C846.961060,298.007446 846.542236,296.604614 845.824768,295.711182 
	C836.893555,284.589691 830.006836,272.075073 821.811707,260.451141 
	C820.567200,258.685852 819.392395,256.923309 817.881592,255.365417 
	C808.918701,246.123383 800.286560,236.525375 791.292358,227.372787 
	C783.769104,219.716980 777.652161,210.160812 767.262024,205.462372 
	C765.550354,204.688339 764.314148,202.823425 762.914062,201.407410 
	C759.061890,197.511459 759.097290,197.391022 764.536682,195.210785 
	C792.893555,218.006149 817.728760,243.929886 838.196838,273.911285 
	C842.132019,279.675476 845.969910,285.506012 849.922607,291.644348 
z"/>
<path fill="#F6A110" opacity="1.000000" stroke="none" 
	d="
M492.996094,904.213867 
	C482.639069,895.760071 472.635773,887.339111 462.470306,879.118652 
	C455.521881,873.499756 448.347198,868.160583 441.118469,862.402405 
	C440.342499,861.018433 439.922180,859.891296 440.531403,858.215698 
	C444.559875,855.570007 448.701599,856.713562 453.127014,856.713623 
	C457.085999,857.450195 460.128815,859.287903 462.616547,861.731934 
	C474.158417,873.070984 487.531403,882.199524 499.942780,893.034180 
	C500.266846,893.538635 500.372803,893.753967 500.567230,894.315796 
	C501.086884,897.470459 500.706329,900.239868 500.027832,903.278687 
	C498.431854,904.545715 496.850739,905.065979 494.955261,905.748047 
	C494.636139,905.899231 494.217865,905.694031 494.146515,905.472290 
	C493.882874,904.881714 493.621613,904.572510 492.996094,904.213867 
z"/>
<path fill="#170C08" opacity="1.000000" stroke="none" 
	d="
M523.877686,101.210358 
	C525.334351,101.000336 526.475830,101.020325 528.044800,101.065826 
	C530.521606,102.570717 530.418762,104.819931 530.494141,106.957359 
	C530.705261,112.940735 530.550903,118.911728 529.605713,125.286407 
	C529.199402,138.515381 529.468262,151.302399 529.425049,164.088455 
	C529.415466,166.917984 530.676392,170.846649 527.391418,172.213394 
	C523.724426,173.739075 522.709839,169.539856 520.832275,167.449066 
	C516.837708,163.000732 513.455750,158.034744 508.997314,153.435745 
	C507.008881,150.459625 504.728149,148.279022 502.645599,145.922256 
	C499.910553,142.827087 500.085083,141.390762 503.692841,139.299698 
	C507.592163,137.039658 511.170410,134.467941 514.375244,131.275909 
	C520.099121,125.575020 522.858521,118.810623 522.710632,110.727036 
	C522.653931,107.630653 522.042480,104.417976 523.877686,101.210358 
z"/>
<path fill="#F26505" opacity="1.000000" stroke="none" 
	d="
M128.297455,420.060730 
	C130.640289,403.882965 135.388077,388.348236 140.602432,372.952881 
	C146.521454,355.476959 154.071762,338.683716 162.578506,321.958069 
	C165.726242,321.800262 167.965027,323.407532 166.295944,326.015808 
	C162.501617,331.945374 163.540802,339.288422 159.973267,345.203033 
	C159.216599,346.457520 158.767151,347.920074 157.674881,348.971924 
	C150.716690,355.672455 150.700745,364.609650 149.923340,373.644226 
	C144.371231,392.044434 139.033325,410.167664 135.795639,428.804901 
	C133.981903,439.245331 132.816422,449.798401 130.900818,460.392059 
	C127.874886,449.641693 128.392120,438.870178 130.478806,427.970947 
	C132.975937,414.927856 137.389786,402.440399 140.691864,389.632904 
	C137.726624,397.147736 136.212418,405.084717 134.040161,412.827179 
	C133.144028,416.021240 131.714462,418.632629 128.297455,420.060730 
z"/>
<path fill="#FBC22B" opacity="1.000000" stroke="none" 
	d="
M452.312378,692.674438 
	C444.448578,693.893250 437.438293,693.002380 431.664429,687.448364 
	C429.443115,685.311707 427.890289,682.841736 427.911621,679.234558 
	C427.177734,677.570374 427.623566,676.180115 427.664673,674.450500 
	C427.727417,673.654541 427.673035,673.250671 427.673157,672.544800 
	C427.195068,671.195679 427.123779,670.168945 428.192383,668.987854 
	C431.568115,670.697266 429.608917,673.966431 430.497955,676.056274 
	C431.049835,669.219727 431.760956,662.085510 436.317200,655.729309 
	C437.137451,655.564758 437.593750,655.671143 438.241333,656.203735 
	C438.665985,656.928223 438.755676,657.400757 438.817413,657.885925 
	C439.046295,659.684814 437.286469,662.114929 439.669495,663.169250 
	C442.278137,664.323303 443.776062,662.136902 445.327179,659.953491 
	C448.334045,657.828430 449.053314,653.914307 452.835358,652.827271 
	C454.476196,654.721985 453.290680,656.385315 452.998962,658.135742 
	C452.533264,660.929932 450.867859,663.768494 453.192413,666.845337 
	C454.529022,670.152283 452.385773,673.567444 454.705688,676.769653 
	C458.332550,679.076172 460.598175,676.252747 463.767822,675.311096 
	C464.069092,678.150574 462.319946,679.057007 460.067932,679.410400 
	C462.820251,679.466858 463.918335,677.091675 465.841705,675.317261 
	C466.267395,674.919312 466.447937,674.770874 466.927795,674.440186 
	C469.320312,673.808350 470.603241,671.724792 473.159302,671.556641 
	C475.168518,672.658569 474.551849,674.168701 474.263123,675.954346 
	C472.674347,679.818726 469.662140,681.949463 466.667084,683.875854 
	C462.051117,686.844666 456.637115,688.529724 452.312378,692.674438 
z"/>
<path fill="#090605" opacity="1.000000" stroke="none" 
	d="
M404.644836,194.914993 
	C400.283600,193.861526 396.172424,193.369064 392.150055,195.003235 
	C387.106201,197.052429 382.839813,194.182114 377.916931,192.890564 
	C377.994507,190.155670 380.318207,189.645523 382.109344,188.576202 
	C393.128052,181.997879 401.998474,173.326080 408.119812,161.964554 
	C409.069702,160.201492 409.636383,158.302948 410.186035,156.006332 
	C412.648834,151.109619 412.837128,145.846207 415.327026,140.950409 
	C416.198090,140.057816 416.918945,139.721207 418.121490,140.020569 
	C419.578125,142.067627 419.358124,144.084976 419.425720,146.476959 
	C419.407837,147.753143 419.391052,148.604507 419.423492,149.884644 
	C419.488708,152.614273 419.541687,154.915253 419.455200,157.650482 
	C420.013153,165.620728 418.471619,173.159470 419.455811,181.131592 
	C419.419983,183.607941 419.610229,185.669189 418.553528,187.987518 
	C415.354218,190.908951 410.855194,190.032669 407.860291,193.307617 
	C406.806274,194.194397 405.873779,194.529160 404.644836,194.914993 
z"/>
<path fill="#AA1802" opacity="1.000000" stroke="none" 
	d="
M204.666748,302.092407 
	C210.928589,310.031036 205.739090,317.086670 202.288208,323.921265 
	C197.420517,333.561920 195.100800,344.276337 189.371552,353.522003 
	C188.689575,354.622589 188.627823,356.146393 190.681274,356.930573 
	C192.130203,358.202118 191.684006,359.815002 192.068573,361.500946 
	C184.942169,365.654877 177.888870,369.498260 170.472290,373.441223 
	C171.108688,365.161194 175.381760,357.915802 178.616165,350.398682 
	C185.818726,333.659027 194.371872,317.567169 204.666748,302.092407 
z"/>
<path fill="#F55603" opacity="1.000000" stroke="none" 
	d="
M150.260468,373.757629 
	C146.308151,372.496246 147.792648,369.401672 148.580688,367.270874 
	C149.807419,363.953888 150.275925,360.544830 151.013504,357.162415 
	C151.472946,355.055450 151.631516,352.688660 153.348633,351.250854 
	C159.663513,345.963257 161.900299,339.008636 162.014236,331.107391 
	C162.041611,329.209015 163.358429,328.127411 164.533875,326.973328 
	C166.935852,324.614960 165.735397,323.306061 163.048523,322.021454 
	C166.884323,312.874268 171.838791,304.528198 177.103119,296.015808 
	C180.500732,294.888275 182.669281,292.852783 184.574310,290.172668 
	C191.855606,279.928955 198.378311,269.072235 207.944687,260.625458 
	C209.746902,259.034180 210.132492,256.570465 211.312790,254.610977 
	C212.999786,251.810303 215.132492,250.781296 217.151367,254.733643 
	C205.979721,269.654572 194.951233,284.243073 185.411407,299.892639 
	C178.042435,311.981018 171.484924,324.493011 165.366318,337.249481 
	C159.707687,349.047028 155.128433,361.282013 150.260468,373.757629 
z"/>
<path fill="#C92103" opacity="1.000000" stroke="none" 
	d="
M226.357956,293.111450 
	C224.955536,285.792145 228.151459,280.366333 233.014938,275.401703 
	C238.308975,269.997528 240.673325,263.224670 240.958221,255.270355 
	C253.278397,240.390640 266.920929,227.330490 282.498108,215.880371 
	C283.294037,218.111130 283.751465,220.424576 284.211365,223.119202 
	C284.607178,226.522888 282.736694,228.427979 280.885406,230.384201 
	C274.713226,236.906403 268.050323,242.930328 261.795441,249.375900 
	C249.919617,261.613800 240.431961,275.692841 230.338486,289.311401 
	C229.270462,290.752441 228.727356,292.662933 226.357956,293.111450 
z"/>
<path fill="#CD4010" opacity="1.000000" stroke="none" 
	d="
M418.388733,147.303497 
	C418.329956,144.941589 418.350494,142.875214 418.393250,140.365540 
	C416.829437,133.261642 417.416809,126.556114 418.162933,119.440842 
	C418.315918,118.582092 418.306305,118.133171 418.282227,117.347778 
	C417.993164,115.904518 417.989044,114.782608 418.122009,113.320374 
	C418.212830,103.011116 418.299835,93.036812 418.286469,83.062637 
	C418.282745,80.277664 418.691528,78.301170 422.149658,77.952637 
	C443.308533,75.820053 464.449219,73.182907 485.741241,73.254814 
	C498.205017,73.296890 509.843750,76.360680 517.984253,87.468155 
	C518.214294,88.099670 518.396667,88.386299 518.808838,88.822449 
	C518.991516,89.002396 519.000000,89.000000 518.997681,89.004257 
	C520.158020,90.777496 519.822266,92.373734 518.042236,94.045288 
	C516.594910,94.079964 515.804932,93.460426 515.181702,92.670364 
	C505.051941,79.829369 491.076813,77.841606 476.078949,78.875244 
	C462.152191,79.835045 448.279724,81.440651 434.361359,82.508476 
	C433.035126,82.610237 431.708740,82.738136 430.383514,82.812492 
	C426.131378,83.051071 424.291443,85.012192 424.430328,89.479958 
	C424.688721,97.790237 424.514160,106.114861 424.497650,114.433479 
	C424.493042,116.759315 424.601471,119.097473 423.846802,121.794434 
	C422.907379,123.496185 422.404236,124.852081 422.426361,126.411110 
	C422.546173,134.847473 422.090118,143.289536 422.821777,152.136841 
	C423.353088,154.288925 423.427887,156.026657 422.800110,158.163696 
	C421.336945,160.045288 420.058197,159.263916 418.461914,158.265167 
	C418.128052,155.610092 418.111633,153.242844 418.158325,150.435547 
	C418.611176,149.228317 418.506683,148.410278 418.388733,147.303497 
z"/>
<path fill="#F26505" opacity="1.000000" stroke="none" 
	d="
M217.347565,254.936356 
	C214.884109,252.039429 213.032486,252.114990 212.081985,255.851074 
	C211.527039,258.032349 210.745377,259.975739 209.057114,261.417084 
	C198.696732,270.262085 192.121078,282.115204 184.225311,292.895203 
	C182.479660,295.278473 180.997818,296.399048 177.788467,295.858398 
	C187.258163,278.325867 199.320160,262.378143 212.558563,246.896790 
	C217.138596,247.165237 219.650223,244.266403 221.977127,241.502350 
	C229.509781,232.554581 237.703308,224.153748 246.545120,216.644562 
	C254.118378,210.212738 261.465668,203.506989 269.166229,197.234482 
	C272.097382,194.846893 273.405029,192.308273 272.996643,188.353394 
	C275.795013,185.326416 278.612274,182.706207 282.324646,180.708496 
	C282.744843,184.388336 282.825562,188.134048 282.872467,192.316986 
	C272.718872,198.703430 264.527435,207.051819 255.825516,214.727219 
	C241.953812,226.962585 229.399063,240.502274 217.347565,254.936356 
z"/>
<path fill="#F6A110" opacity="1.000000" stroke="none" 
	d="
M695.617676,736.077393 
	C714.826904,736.947693 733.497375,739.021362 752.101807,742.290588 
	C761.649231,743.968262 771.406372,744.190674 780.970215,746.573303 
	C788.055298,748.338379 794.569946,750.343201 799.751526,756.086609 
	C784.266602,753.969360 768.730347,751.319763 753.136353,749.069702 
	C729.792175,745.701416 706.330872,743.291199 682.450562,740.952637 
	C682.948914,737.969971 685.450195,738.701477 687.400146,738.677185 
	C690.323303,738.640869 692.998535,738.201721 695.617676,736.077393 
z"/>
<path fill="#CD4010" opacity="1.000000" stroke="none" 
	d="
M528.463257,126.537506 
	C528.546875,118.003548 529.286133,109.936607 528.580933,101.473160 
	C528.555725,93.273102 528.823853,85.450722 528.647949,77.638336 
	C528.554504,73.487106 530.017761,72.000656 534.158386,72.193573 
	C559.908508,73.393326 585.607666,75.337410 611.313354,77.204262 
	C613.970398,77.397232 615.352966,78.424988 615.205750,81.561485 
	C612.594543,86.438698 613.874451,91.347778 613.520142,96.071655 
	C613.316040,98.791473 614.202148,101.777359 611.293579,103.878326 
	C608.238831,99.437897 609.654480,94.666710 609.479004,90.100502 
	C609.204224,82.951225 609.353577,83.006737 602.251404,82.515091 
	C583.006836,81.182907 563.830750,78.850533 544.513733,78.578857 
	C543.847778,78.569489 543.181519,78.574524 542.515442,78.578812 
	C535.280396,78.625359 534.661682,79.199020 534.600586,86.649956 
	C534.526855,95.641869 534.571350,104.634636 534.582153,114.075378 
	C534.383484,115.999359 534.399231,117.482269 534.451416,119.407028 
	C534.564514,121.902672 534.488953,123.955711 534.430298,126.451172 
	C534.420105,127.783592 534.407043,128.673721 534.418091,130.014893 
	C534.825073,138.689651 533.924255,146.850983 533.175842,155.479263 
	C531.977783,157.797012 533.102905,161.729584 530.499023,161.567841 
	C527.813965,161.401016 528.886902,157.659409 528.765808,155.664749 
	C528.186707,146.125290 528.605713,136.555801 528.463257,126.537506 
z"/>
<path fill="#F26505" opacity="1.000000" stroke="none" 
	d="
M395.457062,871.734985 
	C376.592133,865.966736 359.078308,857.946167 342.069946,848.765869 
	C341.880127,848.663452 341.877289,848.214478 341.644409,847.472290 
	C350.150391,846.973450 357.881470,845.382324 366.568817,849.744446 
	C388.480164,860.746704 411.962219,867.829956 435.952393,873.032227 
	C437.236938,873.310730 438.639374,873.182861 439.674255,874.786865 
	C441.666595,878.565491 439.272003,879.059265 436.704193,878.869202 
	C433.559631,878.636414 430.514832,877.675964 427.532227,876.648804 
	C421.723572,874.648254 415.809235,873.023560 409.910645,871.320984 
	C405.068146,869.923157 400.466095,868.782166 395.457062,871.734985 
z"/>
<path fill="#BD330C" opacity="1.000000" stroke="none" 
	d="
M664.063416,197.239166 
	C662.988525,196.903992 662.197876,196.678818 661.209351,196.214081 
	C659.949158,194.657883 660.166565,193.404358 661.529602,191.950699 
	C665.571228,191.390900 668.447144,193.725906 671.678101,194.878845 
	C684.082642,199.305313 696.575500,203.153442 709.975098,202.635422 
	C722.578796,202.148178 731.899109,194.985931 733.364990,183.654648 
	C735.027649,170.802277 733.404358,158.683197 722.075806,149.562973 
	C716.526611,144.671494 710.110474,142.118759 703.438477,139.318054 
	C702.243408,138.887009 701.417297,138.479599 700.258057,137.985535 
	C699.317078,137.588669 698.692078,137.317810 697.711060,137.003571 
	C696.033630,136.417191 694.664124,135.981750 693.348389,134.690048 
	C692.568176,133.531128 692.239258,132.611847 692.760559,131.269135 
	C708.015320,135.240616 722.935913,140.285202 732.625244,153.334320 
	C741.895508,165.819122 742.082886,180.065720 735.705933,193.969391 
	C731.726990,202.644638 723.896973,206.872559 714.531433,207.788040 
	C707.738220,208.452072 700.900635,208.229095 693.658691,207.277100 
	C690.586914,205.596130 687.405823,206.212097 684.332703,204.866852 
	C683.680603,204.611206 683.404785,204.462616 682.928040,204.207062 
	C682.698242,204.153702 682.342651,204.195023 682.175659,204.130630 
	C681.576294,203.493286 680.900513,203.498596 679.978760,203.271088 
	C675.268738,203.012283 671.588440,200.697540 667.347900,198.948517 
	C666.222473,198.132919 665.288269,197.734818 664.063416,197.239166 
z"/>
<path fill="#EE6102" opacity="1.000000" stroke="none" 
	d="
M609.359863,870.149536 
	C625.750366,863.950745 642.605164,859.240540 658.587158,852.094727 
	C659.650513,851.619324 660.857971,851.369080 661.793030,850.718750 
	C670.588074,844.602295 680.065369,844.861145 690.577332,847.993469 
	C668.705750,859.089294 646.786926,868.730347 623.354980,875.684937 
	C622.066895,874.886658 622.015137,873.847961 622.302429,872.377441 
	C622.974548,871.071899 623.783081,870.477417 625.156128,870.087158 
	C628.442749,869.179749 631.237183,867.979492 634.043762,866.810791 
	C631.392517,867.667175 628.752258,868.551636 625.863647,869.794800 
	C621.038574,870.476379 616.916199,872.708557 611.938110,872.691589 
	C610.482361,872.303772 609.877014,871.495789 609.359863,870.149536 
z"/>
<path fill="#EF8E08" opacity="1.000000" stroke="none" 
	d="
M610.077820,734.790894 
	C610.269043,733.330322 611.035828,733.240173 612.177795,733.617126 
	C630.900757,739.797668 647.452881,734.942749 662.878174,723.311646 
	C664.190613,719.520569 667.221558,717.606995 669.710754,715.303589 
	C673.595520,711.708984 677.140381,707.874695 680.042480,703.027710 
	C681.207031,700.939880 682.490845,699.301514 683.146973,696.943604 
	C684.384033,693.407715 686.461731,690.618042 687.466187,686.939575 
	C688.309387,685.708374 689.101440,684.968506 690.430908,684.204407 
	C700.479370,683.729370 710.108276,681.696411 720.237000,683.570190 
	C723.898132,683.327820 727.065186,683.786682 730.651794,684.390747 
	C738.990051,685.447876 746.770264,687.332092 755.140869,688.121826 
	C755.774048,688.472900 756.003052,688.655884 756.407959,689.243530 
	C756.788757,690.906311 756.363159,691.969604 755.201233,693.159912 
	C736.595032,688.783325 718.068665,687.398499 699.311340,688.093384 
	C695.680969,688.227844 693.764771,689.428040 692.090271,692.741760 
	C683.541260,709.660095 672.751648,724.800598 655.219604,733.505920 
	C640.613342,740.758484 625.513489,741.515076 610.077820,734.790894 
z"/>
<path fill="#F6F6F6" opacity="1.000000" stroke="none" 
	d="
M684.382935,781.590637 
	C683.502686,789.649597 682.564209,797.247742 681.933838,804.871460 
	C681.698853,807.713562 680.520020,807.940247 678.077087,807.663696 
	C669.145447,806.652405 669.068848,806.733704 670.051819,797.849792 
	C671.405823,785.612488 672.965393,773.397339 674.228638,761.151123 
	C674.562439,757.914490 675.382874,756.692139 678.985046,757.225159 
	C686.891235,758.395142 686.938477,758.178467 686.091675,766.256775 
	C685.571350,771.220764 684.997070,776.179138 684.382935,781.590637 
z"/>
<path fill="#F6F6F6" opacity="1.000000" stroke="none" 
	d="
M735.433472,815.161743 
	C726.692078,814.296448 726.659607,814.291626 727.818359,806.504211 
	C729.772888,793.368347 731.834412,780.248047 733.694458,767.098999 
	C734.005249,764.901917 734.090698,764.088074 736.836548,764.633667 
	C746.113770,766.477173 746.177063,766.301758 744.814819,775.452454 
	C742.933167,788.091919 740.895813,800.709717 739.181152,813.371460 
	C738.802490,816.167480 737.479736,815.563843 735.433472,815.161743 
z"/>
<path fill="#E43C05" opacity="1.000000" stroke="none" 
	d="
M531.745605,837.264526 
	C535.342163,836.900513 538.721375,836.837891 542.550842,836.874878 
	C543.696899,837.024780 544.338013,837.251892 545.261230,837.723999 
	C551.639221,841.604919 557.870422,845.051758 562.914551,850.285095 
	C564.827576,852.269836 567.346802,853.791626 570.399658,854.867798 
	C572.467468,855.753296 574.788452,855.582092 575.482300,858.330505 
	C569.750854,864.189270 563.020142,868.415833 557.123230,873.679138 
	C553.315552,877.077820 549.517395,880.521851 545.255493,883.380920 
	C543.761780,884.382935 542.448303,885.733459 540.111511,885.755066 
	C535.504883,883.979309 538.649109,881.120911 538.727417,878.366760 
	C538.968628,877.005981 539.311157,876.080444 540.188232,875.012085 
	C543.450623,873.355347 545.760132,871.043030 548.448486,868.651367 
	C554.664917,865.361267 554.700562,865.192078 550.453979,859.400635 
	C549.999084,857.323547 548.157776,856.990112 547.099854,855.492065 
	C546.785522,854.872009 546.568848,854.577637 546.070679,854.181519 
	C545.827576,854.051880 545.937805,854.125854 545.892212,854.174072 
	C544.273560,848.970276 540.812622,845.395325 536.028198,842.884766 
	C533.872192,841.753540 531.382385,840.724487 531.745605,837.264526 
z"/>
<path fill="#CD4010" opacity="1.000000" stroke="none" 
	d="
M656.972900,149.303986 
	C655.026978,148.574081 654.005371,147.251053 652.950439,145.550323 
	C652.534058,144.509323 651.941895,143.984848 651.203979,143.204132 
	C650.359436,142.228668 649.720764,141.462799 649.009705,140.400604 
	C648.564331,139.596985 648.532043,138.968079 648.087646,138.215027 
	C647.846558,138.029831 647.667236,137.772720 647.660706,137.616119 
	C647.753052,137.041580 647.660095,136.671799 647.112915,136.194153 
	C646.850159,136.038162 646.677063,135.760269 646.671570,135.596680 
	C646.760803,135.045181 646.675537,134.701904 646.214600,134.197998 
	C643.357178,128.190094 643.824951,122.018059 643.839600,115.427826 
	C643.740540,114.794296 643.684814,114.627304 643.770874,114.237564 
	C644.054749,113.280731 644.196777,112.546646 644.319214,111.437531 
	C644.308472,103.972168 650.396667,95.500175 657.649048,93.037598 
	C670.173035,87.685745 682.456421,88.395287 695.029480,91.687782 
	C708.439087,95.199348 721.059143,100.637901 733.884521,106.459679 
	C734.203003,107.043053 734.354309,107.336601 734.722534,107.793732 
	C734.817932,109.172462 734.757141,110.355621 734.484070,111.828705 
	C732.870300,113.010956 731.789001,112.261360 730.420044,111.187767 
	C715.703674,103.580536 700.669861,97.939262 684.744934,94.868004 
	C677.909973,93.549835 671.088196,94.324028 664.602295,96.554276 
	C656.813354,99.232574 652.060852,104.969131 650.100159,113.394730 
	C649.637512,114.948723 649.300781,116.140900 649.388916,117.774834 
	C649.389038,119.605438 649.323730,121.065910 649.355835,122.880768 
	C649.383362,124.146523 649.320984,125.063866 649.622864,126.284966 
	C649.823486,127.032097 649.917419,127.461975 650.058960,128.213394 
	C650.239990,129.160980 650.353271,129.791428 650.666016,130.705353 
	C650.856628,131.214478 650.932800,131.420654 651.119263,131.942169 
	C652.092468,134.897644 653.340576,137.342529 655.166565,139.859894 
	C655.655151,140.456467 655.920349,140.803329 656.359985,141.416779 
	C657.192017,142.730621 657.804443,143.808029 658.724304,145.048798 
	C659.505249,146.149536 660.299194,146.740326 661.610352,147.160080 
	C663.449402,147.929138 664.872498,148.712891 665.664490,150.706696 
	C665.787537,152.492767 665.191589,153.467987 663.386475,153.864136 
	C661.434509,153.664719 660.395874,152.595383 659.155762,151.306961 
	C658.453979,150.446762 657.876404,149.904129 656.972900,149.303986 
z"/>
<path fill="#9F270D" opacity="1.000000" stroke="none" 
	d="
M411.239563,155.912292 
	C408.065399,168.704117 399.390930,177.161789 389.888947,184.853424 
	C386.304718,187.754776 382.021332,189.792343 377.800781,192.469589 
	C375.231171,192.890137 373.376801,194.244247 371.088989,195.356232 
	C370.590912,196.425369 370.020233,197.072495 369.258636,197.375549 
	C358.406494,201.693619 347.314117,205.192352 335.362122,206.966064 
	C330.471130,208.009796 325.969452,209.143707 321.181152,210.505646 
	C315.944672,214.686768 309.865936,215.904663 304.011383,217.635101 
	C302.645813,218.038727 301.396393,217.427734 300.314667,215.942108 
	C298.984650,213.773956 299.290131,211.738480 299.184814,209.376144 
	C297.951477,207.717087 297.844574,206.419510 299.490173,205.043991 
	C302.296143,205.445511 299.097656,210.261856 303.594116,209.148529 
	C306.151215,208.382919 308.449036,207.917923 311.038940,207.128632 
	C327.553589,202.565536 343.786194,198.307648 359.814545,193.412735 
	C376.493011,188.319305 391.023712,179.581390 401.588104,165.150009 
	C404.150299,161.649963 405.337433,157.377548 408.561249,153.921112 
	C410.198303,153.657257 410.771973,154.455704 411.239563,155.912292 
z"/>
<path fill="#F26505" opacity="1.000000" stroke="none" 
	d="
M182.093475,688.344482 
	C175.078720,674.814270 168.728302,661.307251 161.651779,648.223511 
	C156.019424,637.809875 152.990494,626.495972 148.078079,615.877686 
	C143.889069,606.822876 142.692810,596.787415 140.094788,587.207642 
	C139.605743,585.404419 140.224075,583.587463 140.908188,581.462402 
	C145.286819,594.002136 148.584671,607.251709 153.400192,620.036926 
	C167.886169,658.497131 187.457886,694.100464 212.670883,726.584351 
	C214.078293,728.397644 215.902008,729.985046 216.492493,732.715454 
	C214.191711,734.496094 212.669922,733.187317 211.058411,731.523132 
	C205.775085,726.066956 201.038391,720.180237 196.531952,713.632507 
	C191.506958,707.244751 186.711075,701.159363 185.030045,693.275574 
	C184.651932,691.502258 182.849197,690.398132 182.093475,688.344482 
z"/>
<path fill="#F26505" opacity="1.000000" stroke="none" 
	d="
M140.021408,577.593262 
	C138.324158,579.723694 136.841125,580.696472 136.048904,577.274963 
	C132.094681,560.197083 129.042496,543.005981 127.913132,525.458191 
	C127.021599,511.605652 125.168869,497.816498 124.172356,483.968292 
	C123.887978,480.016418 119.962090,477.650879 120.367714,473.325439 
	C119.873985,466.222382 120.911789,459.499847 122.043686,452.404419 
	C125.716797,455.844727 126.566498,460.456329 126.254776,465.434235 
	C127.721657,463.714783 125.190216,458.954010 130.558960,460.406250 
	C130.762726,460.688049 130.889999,460.853912 130.953888,460.936584 
	C130.186722,476.436920 129.154053,491.850372 129.944214,507.305054 
	C131.151031,530.909729 134.419464,554.217468 140.021408,577.593262 
z"/>
<path fill="#F47C05" opacity="1.000000" stroke="none" 
	d="
M208.431824,860.062500 
	C211.837921,853.335571 218.351898,850.583679 225.233566,848.435242 
	C230.273697,846.861572 235.390778,845.530273 240.409180,843.893494 
	C242.223557,843.301636 245.153824,842.780884 242.302185,839.500977 
	C265.585052,833.763550 289.335571,829.615234 313.621552,826.110718 
	C316.224396,827.227295 320.388824,823.924377 320.511841,829.574829 
	C319.786499,830.661987 319.006165,830.966980 317.776123,831.240845 
	C297.158142,833.158569 277.113525,835.865173 257.673676,842.160278 
	C254.058289,843.330994 253.373428,847.150879 250.155594,848.706055 
	C236.338409,852.713806 222.583679,856.387390 208.431824,860.062500 
z"/>
<path fill="#F47C05" opacity="1.000000" stroke="none" 
	d="
M842.601196,865.435059 
	C846.806335,865.503845 848.721375,863.060669 847.925720,859.092041 
	C844.755676,843.280457 850.740906,828.747559 853.841553,813.802124 
	C854.385376,811.181030 855.192017,808.684143 856.353088,806.283203 
	C860.016479,798.707214 860.793457,798.210266 867.800537,799.152283 
	C856.217041,821.435730 854.497803,845.628296 856.104431,870.947388 
	C851.140503,868.996155 846.990601,867.364929 842.601196,865.435059 
z"/>
<path fill="#FCB010" opacity="1.000000" stroke="none" 
	d="
M316.700745,830.295532 
	C317.742615,829.989746 318.484467,829.971313 319.597015,829.936523 
	C321.222504,828.494446 322.805817,827.533813 324.660309,827.324219 
	C338.123413,825.803528 351.413147,822.282593 365.568298,823.878784 
	C376.095490,824.132996 386.137878,823.357300 396.564819,822.100037 
	C398.332062,825.742981 403.835297,827.666748 408.310699,825.390320 
	C410.124542,824.467773 411.175446,824.407471 412.804688,825.725464 
	C413.184479,826.148254 413.361664,826.298767 413.255188,826.651978 
	C410.665283,827.033264 408.359039,827.211792 405.620850,827.385376 
	C403.734650,827.560181 402.268921,827.423401 400.493591,827.715759 
	C371.973328,830.084656 343.866913,833.140259 315.430176,837.132324 
	C313.132874,834.409363 314.268768,832.388000 316.700745,830.295532 
z"/>
<path fill="#BD330C" opacity="1.000000" stroke="none" 
	d="
M611.140015,103.995964 
	C612.704285,98.072235 611.736450,92.028572 612.049500,86.023964 
	C612.137634,84.332336 611.507812,82.198936 614.728943,81.991447 
	C616.351257,87.546791 615.227173,93.220467 615.873474,98.817268 
	C615.937622,99.372536 615.566284,100.764427 616.987122,99.851189 
	C617.320923,99.636673 617.356567,98.958321 617.732178,98.223724 
	C620.287903,97.796593 619.970581,99.884827 620.732178,101.538872 
	C620.988403,102.721649 620.982483,103.520241 620.724854,104.706589 
	C618.793091,107.364426 617.463074,110.168289 613.839600,110.903908 
	C600.941101,109.098999 588.463013,107.016602 575.759949,107.356232 
	C573.809204,107.408386 570.897034,106.143044 570.908508,109.717514 
	C570.918884,112.912506 573.709961,112.365402 575.769409,112.550835 
	C576.926453,112.654999 578.096130,112.623100 579.634033,112.795952 
	C580.999451,112.995300 581.983948,113.178093 583.362488,112.960602 
	C590.868347,113.016647 597.990967,113.261925 605.380798,114.651222 
	C606.610413,114.978355 607.476807,115.282967 608.736877,115.296852 
	C609.514771,115.334038 609.940674,115.443741 610.553284,115.888870 
	C612.639587,119.109924 610.905457,122.194725 611.009644,125.614029 
	C609.879578,131.997223 610.848572,138.041443 610.172302,144.424622 
	C609.487915,145.771118 608.644897,145.992493 607.358765,145.968384 
	C606.140869,144.997879 605.723206,143.886337 605.625427,142.185623 
	C605.573364,135.952988 605.584778,130.165543 605.587158,123.991188 
	C605.537109,122.695656 605.697388,121.735023 604.635376,120.856827 
	C602.536865,120.119995 600.624817,120.432022 598.423218,120.007774 
	C596.599426,119.458344 595.099976,119.305397 593.179321,119.407585 
	C591.189758,119.411072 589.590149,119.412567 587.694458,118.732742 
	C587.160034,118.378418 586.977783,118.197830 586.751831,117.641716 
	C587.360657,116.407951 588.139038,116.289352 588.380676,116.444550 
	C586.376648,116.759773 583.803467,117.319046 580.853455,117.984627 
	C579.942444,118.209877 579.402649,118.293083 578.422791,118.382492 
	C577.325989,118.421631 576.664001,118.416603 576.002869,118.389420 
	C565.227417,117.946373 563.895935,116.528641 564.460449,106.104240 
	C564.749146,100.773254 565.900696,99.409019 571.515625,99.517159 
	C581.931396,99.717758 592.305725,100.661804 603.011047,102.408508 
	C605.338867,103.166077 607.252991,103.859398 609.703369,103.730698 
	C610.304504,103.828735 610.541565,103.885124 611.140015,103.995964 
z"/>
<path fill="#FBF5DD" opacity="1.000000" stroke="none" 
	d="
M658.859497,590.113647 
	C665.546692,585.891235 672.262024,586.017395 679.472168,588.714478 
	C680.306519,589.275085 680.886780,589.516174 681.795532,589.796570 
	C682.067627,589.962585 682.006958,589.992920 682.002197,589.959351 
	C686.669128,593.126282 686.873779,594.417297 682.146790,597.163940 
	C675.496277,601.028137 672.645386,607.668152 668.725342,614.050903 
	C667.980713,614.936584 667.351990,615.360779 666.238037,615.698364 
	C662.183655,615.123779 662.971130,612.721497 664.008362,610.556335 
	C665.219482,608.028259 667.229187,605.975098 668.890198,603.269775 
	C669.866455,601.871826 670.874329,600.989929 671.750366,599.991089 
	C672.803223,598.790588 674.638367,597.709656 673.570251,595.805542 
	C672.507751,593.911560 670.551147,593.339661 668.393372,593.539612 
	C663.601746,593.983765 658.578369,598.398010 657.316162,603.735474 
	C657.805847,604.619934 657.329651,603.932434 657.690552,604.492981 
	C662.301331,611.653625 661.393372,613.837646 653.017090,614.213257 
	C648.585510,614.411926 647.197449,617.419495 645.263062,620.718018 
	C643.462585,625.285034 640.871643,628.967529 638.091309,632.946777 
	C636.955383,635.404785 636.022888,637.565186 635.161743,640.146423 
	C634.105774,645.977539 630.589478,649.281677 625.363647,651.481812 
	C624.461487,651.400635 624.041687,651.136414 623.606323,650.349304 
	C631.099060,639.111206 634.209290,626.062317 640.831299,614.306274 
	C641.068787,614.016724 641.038757,614.031677 641.039673,614.048462 
	C643.330933,611.139648 644.793213,607.730103 646.822266,604.253052 
	C647.030212,603.975891 647.032349,604.019592 647.012451,604.028687 
	C647.426392,603.594116 647.503723,602.991577 647.949341,602.280212 
	C648.195801,602.117004 648.028076,602.057495 648.102051,602.106934 
	C648.232117,601.812439 648.400574,601.537231 648.860474,601.160767 
	C649.039490,600.990845 649.031250,601.023621 649.017578,601.033569 
	C651.154236,598.156738 653.282104,595.252502 655.840515,592.253784 
	C656.057373,591.993408 656.043884,592.047852 656.016113,592.051514 
	C656.805298,591.388000 657.729858,590.881165 658.859497,590.113647 
z"/>
<path fill="#F47C05" opacity="1.000000" stroke="none" 
	d="
M149.792267,782.609009 
	C151.480560,782.197144 153.291977,782.093628 155.551514,781.986450 
	C170.303055,791.896362 176.482697,806.281616 179.124420,822.893616 
	C180.310547,830.352295 182.896622,837.577759 184.426239,844.995911 
	C185.528412,850.341064 185.678741,855.823730 184.057220,861.609863 
	C181.929062,863.303528 180.069473,862.632996 177.854919,861.263794 
	C177.440338,861.118835 177.439209,860.675842 177.655426,860.627747 
	C177.046402,855.030579 177.788712,849.442810 177.279297,843.453552 
	C175.905640,834.794434 174.877823,826.552612 172.331390,818.560730 
	C167.920776,804.718262 159.601883,793.404602 149.792267,782.609009 
z"/>
<path fill="#BD330C" opacity="1.000000" stroke="none" 
	d="
M275.148926,697.205200 
	C273.688934,694.402893 275.427887,692.294861 276.285156,690.077332 
	C280.386475,679.468750 285.408020,669.231628 288.557220,658.230530 
	C289.753906,654.050171 288.899994,652.426270 284.569885,652.320618 
	C281.952393,652.256714 279.347229,651.685181 276.436646,651.103149 
	C276.304230,650.709290 276.471710,650.554138 276.949280,650.254883 
	C278.776367,649.679810 280.377747,649.903748 282.217224,649.416016 
	C282.748657,649.263062 282.962830,649.207275 283.502197,649.086060 
	C284.910675,648.859558 286.016052,648.843323 287.397095,648.426392 
	C287.938843,648.272034 288.158661,648.215820 288.716461,648.101440 
	C298.106354,647.222351 305.554993,640.479492 306.944275,631.847961 
	C307.050964,631.185303 307.288727,630.574097 307.948303,629.781494 
	C310.273163,629.018372 311.783600,629.897278 313.240784,631.703186 
	C306.618683,646.084656 299.701965,660.035156 293.489471,674.661194 
	C287.429932,677.038940 284.218018,681.540588 281.740845,686.988037 
	C280.080963,690.638306 279.136780,694.842590 275.148926,697.205200 
z"/>
<path fill="#F59D0E" opacity="1.000000" stroke="none" 
	d="
M316.562073,830.000732 
	C316.863129,832.275940 314.344452,833.784912 314.992706,836.692017 
	C298.338623,840.076904 281.680664,843.042664 265.037598,846.089905 
	C260.304230,846.956543 255.614273,848.060242 250.498779,849.047729 
	C249.598923,848.993713 249.084702,849.015564 248.617157,848.878357 
	C248.272186,848.777039 247.475433,848.218872 248.405365,848.139709 
	C250.998947,847.918945 251.550537,846.077087 252.107666,844.131897 
	C252.585281,842.464355 254.003433,841.655212 255.405151,841.427246 
	C265.504852,839.784729 274.694427,834.761353 284.998779,833.778503 
	C295.399384,832.786499 305.750549,831.276428 316.562073,830.000732 
z"/>
<path fill="#F47C05" opacity="1.000000" stroke="none" 
	d="
M272.705139,188.114761 
	C274.979767,191.124649 275.245270,193.833893 272.019501,196.559067 
	C265.807526,201.806992 260.170410,207.785416 253.687225,212.651260 
	C241.824356,221.554779 231.978729,232.404694 222.118057,243.309311 
	C220.475159,245.126160 218.305801,246.462372 216.409592,248.056229 
	C214.993927,249.246140 214.014008,248.659485 213.007568,247.049347 
	C217.427628,239.749969 223.407791,233.961060 229.091049,227.955200 
	C242.580688,213.699860 256.936646,200.359360 272.705139,188.114761 
z"/>
<path fill="#AF1A02" opacity="1.000000" stroke="none" 
	d="
M869.006714,400.620270 
	C865.324036,400.731079 862.050476,402.094727 859.368652,404.945435 
	C855.235718,391.225708 853.266479,376.880463 846.878174,363.904449 
	C844.089539,358.240265 845.768127,354.134064 850.109741,349.987488 
	C855.487427,360.423523 860.243958,371.422455 863.195251,383.181549 
	C864.651917,388.985443 867.025452,394.559265 869.006714,400.620270 
z"/>
<path fill="#FEEDBA" opacity="1.000000" stroke="none" 
	d="
M685.836731,631.158325 
	C687.134399,629.295654 688.241150,627.693054 689.628296,625.916504 
	C690.842529,626.372742 690.972656,627.317139 690.921204,628.383911 
	C691.728699,627.156372 692.245178,625.782654 693.596619,624.556824 
	C694.688538,623.754456 695.594727,623.351685 696.865967,622.810608 
	C704.479065,619.509949 711.693420,618.417236 719.067749,623.342407 
	C719.545532,628.880127 715.924561,632.302063 713.066406,636.421326 
	C706.459351,635.548035 700.211365,634.753601 693.538696,636.194336 
	C692.923584,636.269531 692.680725,636.289429 692.081726,636.325806 
	C689.669678,636.106140 688.310608,636.931702 687.572876,639.273193 
	C683.733154,645.163818 678.944702,649.770203 673.982849,654.097961 
	C669.435120,658.064514 664.062439,660.604126 657.361450,659.492371 
	C656.566223,658.542358 656.787109,657.867981 657.528442,656.985901 
	C662.613892,655.276978 666.945190,653.012207 670.302490,648.905457 
	C670.225342,648.564697 670.411560,648.452271 670.519653,648.464233 
	C675.736023,645.196350 681.357178,642.390564 682.786377,635.246948 
	C682.979919,634.962646 683.001831,634.999512 682.981812,634.991943 
	C684.116333,633.991394 685.100342,632.869873 685.836731,631.158325 
z"/>
<path fill="#FCB010" opacity="1.000000" stroke="none" 
	d="
M541.313110,874.861938 
	C541.036194,875.852539 540.538330,876.555115 539.979736,877.581177 
	C536.499634,883.760193 531.366150,888.000488 526.302734,892.297302 
	C525.036682,893.371704 523.646362,894.302063 522.333191,895.323059 
	C515.185425,900.880188 515.162964,900.859131 507.930817,895.513367 
	C505.777557,893.921814 503.880737,892.063416 501.624512,890.055298 
	C499.038269,887.432861 496.168823,885.461243 495.478455,881.569519 
	C497.346405,879.660950 499.312195,878.246704 500.598328,875.983948 
	C505.040283,879.391479 509.253174,882.634888 513.221558,886.154053 
	C515.182129,887.892700 516.387024,888.196472 518.479309,886.181091 
	C522.544128,882.265503 526.990234,878.745728 531.593750,874.934509 
	C534.993347,875.644775 537.986328,872.887512 541.313110,874.861938 
z"/>
<path fill="#F47C05" opacity="1.000000" stroke="none" 
	d="
M868.800842,652.673035 
	C863.946716,664.739868 856.139282,675.051147 851.036987,686.714355 
	C846.773376,696.460632 839.771484,704.149963 833.793518,712.623352 
	C833.359863,713.237976 832.440552,713.510010 831.402344,713.981079 
	C830.830444,714.127502 830.603271,714.234253 830.072632,714.118164 
	C829.245789,711.706360 830.228943,710.043213 831.641357,708.529846 
	C837.285950,702.481995 840.243713,694.906189 843.777832,687.233765 
	C853.253113,671.679688 861.088501,655.692505 868.725708,639.239136 
	C872.283447,639.041260 872.363403,635.578674 874.617065,634.040161 
	C877.060974,637.413574 874.395569,639.495178 872.587524,641.636047 
	C869.933777,644.778564 868.127930,648.114197 868.800842,652.673035 
z"/>
<path fill="#EA971B" opacity="1.000000" stroke="none" 
	d="
M712.791016,636.273071 
	C715.020264,632.244446 716.988098,628.483215 718.993530,624.364014 
	C719.007568,619.241394 722.535095,615.758911 723.660828,611.032288 
	C725.468079,605.962769 727.322388,601.302368 730.545776,596.936890 
	C731.103149,596.364563 731.439026,596.063416 732.020752,595.552856 
	C733.399902,594.368835 733.897644,592.924133 735.105530,591.629639 
	C735.856506,591.082886 736.393433,590.772949 737.089478,590.152222 
	C737.900391,589.324585 738.539062,588.779785 739.556885,588.229248 
	C740.369019,587.830139 740.911804,587.578430 741.740845,587.252197 
	C743.953552,588.282166 743.313843,589.554138 742.198364,590.802917 
	C729.344360,605.193237 723.958313,623.525024 716.007507,640.496033 
	C711.348328,650.441162 706.905823,660.487793 702.228333,670.925903 
	C702.570801,671.980652 702.520691,672.614868 701.881348,673.493286 
	C700.298828,674.466797 698.905701,674.885803 697.011108,674.682007 
	C695.588440,674.069824 695.213989,673.162842 695.228394,671.675110 
	C701.274292,659.832153 706.057556,647.767029 712.791016,636.273071 
z"/>
<path fill="#FC7F0A" opacity="1.000000" stroke="none" 
	d="
M130.822372,460.265686 
	C128.353577,459.783630 127.908897,461.069244 128.001221,463.093903 
	C128.106537,465.403931 127.761208,467.609222 126.204910,469.441681 
	C124.702126,469.061432 124.865936,467.832336 125.047096,467.011017 
	C126.190338,461.827728 123.236351,457.358337 122.436584,452.263306 
	C122.338661,450.536530 122.460953,449.034729 122.758163,447.114075 
	C122.822945,446.569672 122.712807,446.444061 122.805969,446.171936 
	C123.459587,438.780670 125.061562,431.730957 126.810272,424.340393 
	C127.930511,422.984924 127.301430,421.691040 127.771698,420.241852 
	C127.946175,419.925323 127.967575,419.962646 127.945305,419.960449 
	C135.474960,413.673340 134.352585,404.102692 136.839508,395.934937 
	C137.757812,392.918976 138.957077,390.044708 139.998810,387.097473 
	C140.318939,386.191833 140.979828,385.064850 142.151413,385.566498 
	C143.361938,386.084869 142.571747,387.209320 142.480148,388.148865 
	C141.567062,397.515686 136.163055,405.561340 134.648285,414.722290 
	C132.847916,425.610474 129.378433,436.259247 129.986389,447.505432 
	C130.209152,451.626190 131.608673,455.658875 130.822372,460.265686 
z"/>
<path fill="#F26505" opacity="1.000000" stroke="none" 
	d="
M824.349243,761.697876 
	C823.902771,757.472595 824.981628,755.592957 829.813232,756.737610 
	C832.598450,757.397400 837.325439,759.192627 838.091248,753.276978 
	C838.127625,752.995972 839.578735,752.898010 840.630859,752.507568 
	C849.619751,753.476807 857.965454,756.211121 866.694580,758.794250 
	C865.116516,760.380066 862.175659,761.402222 865.123779,764.682434 
	C862.857727,767.208252 860.059448,763.819763 857.819763,765.839539 
	C857.217102,766.383057 855.558960,765.740540 855.664856,767.070007 
	C855.715027,767.699585 856.969543,768.233276 857.794067,769.139648 
	C846.846863,766.934570 835.783997,764.400391 824.349243,761.697876 
z"/>
<path fill="#F98C08" opacity="1.000000" stroke="none" 
	d="
M219.764130,752.245483 
	C233.075180,750.295654 245.714920,746.014099 258.921234,745.057251 
	C263.731506,744.708801 268.253265,742.669617 273.564301,742.964722 
	C276.159393,743.547119 277.365173,745.174316 278.471802,747.328491 
	C278.519958,747.889221 278.490417,748.115723 278.256714,748.617310 
	C257.580444,752.133850 237.136322,755.534790 216.424591,759.584351 
	C215.757629,756.490356 220.211517,755.770020 219.764130,752.245483 
z"/>
<path fill="#D64D08" opacity="1.000000" stroke="none" 
	d="
M274.677185,697.390015 
	C278.939789,692.184509 280.337616,685.833069 283.682312,680.509216 
	C285.772522,677.182007 288.292114,674.876404 292.847168,674.919067 
	C290.182770,683.508911 287.104187,692.114258 283.850891,701.086670 
	C283.492065,701.562012 283.307922,701.670166 282.815094,701.865723 
	C282.083618,702.022583 281.658295,702.069275 280.910400,702.118896 
	C280.155975,702.161987 279.721771,702.177856 278.954224,702.211182 
	C275.919342,702.215210 273.941681,703.855225 271.564453,705.388428 
	C270.946503,705.835754 270.607117,706.103516 270.055298,706.616577 
	C269.680023,707.001831 269.528351,707.155884 269.130798,707.524292 
	C267.815826,708.515320 266.714447,709.238342 265.190247,709.895996 
	C261.517792,711.603821 258.026825,712.975342 255.229614,716.030273 
	C254.267487,718.154724 253.220825,719.847351 251.890427,721.742065 
	C251.070084,722.787842 250.347824,723.519348 250.013077,724.839294 
	C249.842026,725.291809 249.766922,725.458435 249.578735,725.805725 
	C248.859756,726.264404 249.418182,725.533875 249.157730,726.143616 
	C249.013062,726.482239 249.223022,726.559021 249.784531,726.173828 
	C250.882294,725.975098 251.667877,726.118896 252.597992,726.802612 
	C252.502670,727.193115 252.217117,727.417603 251.904343,727.465942 
	C249.487000,727.839294 246.499268,729.027039 244.879227,726.953064 
	C243.287109,724.914795 245.592468,722.584778 246.627884,720.628723 
	C251.996124,710.487671 260.500427,703.930176 271.066437,699.880981 
	C272.403015,699.368713 274.151794,699.676025 274.677185,697.390015 
z"/>
<path fill="#F47C05" opacity="1.000000" stroke="none" 
	d="
M395.381409,871.960266 
	C395.333710,871.570618 395.680176,871.429138 395.852234,871.171265 
	C399.399567,865.855652 403.787842,868.519226 408.312378,869.501648 
	C417.720306,871.544434 426.579407,875.382629 435.948792,877.494812 
	C437.813385,877.915161 439.664856,878.681335 439.989075,875.335693 
	C445.972717,878.167175 450.693817,883.016235 456.038116,887.245361 
	C435.379364,884.112244 415.283813,879.148926 395.381409,871.960266 
z"/>
<path fill="#941302" opacity="1.000000" stroke="none" 
	d="
M313.646851,631.871643 
	C311.851074,631.389832 310.307617,630.710876 308.412292,629.985107 
	C305.962158,629.262695 304.722321,627.861145 304.519989,625.289673 
	C308.516296,619.327271 310.758148,612.760742 314.924744,607.289551 
	C317.117493,604.410217 320.300476,602.226685 321.531494,598.150024 
	C325.461243,595.791748 329.043701,592.644409 333.251434,596.953979 
	C328.844421,607.328613 322.313568,616.031494 317.407440,625.637939 
	C316.350464,627.707520 315.074371,629.665283 313.646851,631.871643 
z"/>
<path fill="#DDDEDE" opacity="1.000000" stroke="none" 
	d="
M409.827850,203.142029 
	C424.324585,205.514725 437.732056,211.132538 451.310272,216.123764 
	C481.201202,227.111374 510.480164,239.576401 539.431335,253.721558 
	C539.440552,254.095673 539.150513,254.243729 538.391479,254.255280 
	C504.215973,239.842651 470.476837,225.642990 436.220032,212.724075 
	C427.861206,209.571808 419.334778,206.863892 410.519562,203.876831 
	C409.994171,203.671585 409.834625,203.541153 409.827850,203.142029 
z"/>
<path fill="#FCB010" opacity="1.000000" stroke="none" 
	d="
M399.152283,697.758301 
	C390.489532,702.385498 381.569916,701.301575 374.180298,694.733643 
	C375.283722,692.874329 374.405457,691.699036 373.481476,690.441162 
	C372.410370,688.983093 371.834412,687.462219 374.209290,686.111694 
	C377.512848,685.706848 380.398956,685.088806 383.549438,683.920776 
	C387.689423,684.061035 391.389587,684.760254 395.232300,684.378418 
	C398.645203,684.039307 400.554291,687.334839 403.518738,689.059326 
	C405.027222,691.896851 402.819305,692.688721 401.371582,693.804016 
	C400.139954,694.752808 398.199036,695.202026 399.152283,697.758301 
z"/>
<path fill="#D64D08" opacity="1.000000" stroke="none" 
	d="
M767.343750,596.028870 
	C766.662476,599.942322 764.957458,603.145813 763.036377,606.635132 
	C755.425842,606.792297 753.504761,612.543640 751.867859,617.879456 
	C749.093262,626.923706 745.097046,635.588562 743.383240,644.963379 
	C743.205994,645.932983 742.936035,646.911682 742.306396,648.137329 
	C742.223389,648.718445 742.146423,648.903687 741.791016,649.050903 
	C740.163757,649.563416 740.008057,652.647217 737.493713,651.124207 
	C735.416626,649.866028 734.555481,647.930115 734.973572,645.704041 
	C735.725464,641.700989 736.917053,637.789734 738.031128,633.446655 
	C742.488159,622.318970 747.456787,611.893555 754.542480,602.287903 
	C755.131226,601.908508 755.402588,601.647095 755.813049,601.127991 
	C755.979492,600.898621 755.875122,600.974854 755.837646,600.922241 
	C757.942505,599.683594 759.606201,597.835754 761.706238,596.592834 
	C763.395813,595.592773 765.083374,594.535095 767.343750,596.028870 
z"/>
<path fill="#F7F6F3" opacity="1.000000" stroke="none" 
	d="
M656.924988,476.901215 
	C650.939392,484.786255 642.980225,490.593353 635.862732,497.268341 
	C619.495789,512.617676 602.879028,527.700684 586.348145,542.874878 
	C585.014587,544.098999 583.562073,545.193420 582.089600,546.682739 
	C578.109436,553.210999 572.659973,557.785950 566.253662,561.737854 
	C563.012085,561.191162 563.269043,559.944702 565.102905,558.260437 
	C570.605164,553.206848 576.016418,548.052246 581.584717,543.072937 
	C606.340332,520.935852 631.138367,498.846130 656.213135,476.570374 
	C656.505127,476.401428 656.785645,476.734100 656.924988,476.901215 
z"/>
<path fill="#090605" opacity="1.000000" stroke="none" 
	d="
M300.142456,215.968597 
	C302.162140,216.854599 304.149506,216.523895 306.250610,215.741913 
	C310.852295,214.029343 315.502808,212.448090 320.513977,210.773438 
	C321.151794,212.239624 320.609100,213.597443 320.176361,214.997223 
	C318.929993,219.028473 317.207123,223.206100 322.932678,225.918518 
	C318.177704,228.640076 312.759705,230.204239 307.341888,231.593353 
	C302.962677,232.716156 298.814026,231.230484 294.881775,228.451935 
	C303.180481,225.019058 303.180481,225.019058 300.142456,215.968597 
z"/>
<path fill="#FCB010" opacity="1.000000" stroke="none" 
	d="
M512.380676,688.663696 
	C510.941559,688.873718 509.866302,688.948975 508.394226,688.934265 
	C507.835175,688.754272 507.672943,688.664185 507.257812,688.690369 
	C506.551239,688.837280 506.097565,688.867920 505.316284,688.796021 
	C504.988678,688.693359 504.511841,688.568909 504.266052,688.586060 
	C494.605927,687.918091 486.948181,684.196960 481.924683,675.503479 
	C480.946655,673.834229 479.779663,672.848999 477.791931,672.536743 
	C476.597321,672.254700 476.020142,671.606262 475.171326,670.807129 
	C474.690399,670.243774 474.506866,669.867126 474.365906,669.137573 
	C474.381989,668.606079 474.421906,668.394226 474.604706,667.888550 
	C474.886963,667.424683 475.026367,667.254639 475.420807,666.869385 
	C475.872986,666.546204 476.070129,666.438293 476.587952,666.218872 
	C477.356079,666.001099 477.808228,665.920898 478.613220,665.817383 
	C484.413940,663.627441 488.737762,664.732605 491.813782,670.420776 
	C493.979767,673.513794 496.895294,674.299622 500.043274,674.596985 
	C501.963440,674.778381 503.950623,674.482971 506.065735,675.666504 
	C507.706055,678.278564 506.783905,680.535583 505.872192,683.135254 
	C503.406677,686.063049 501.061157,684.041931 498.915070,683.325806 
	C496.968475,682.676208 495.265839,681.301575 493.197540,680.829712 
	C495.913727,681.546448 497.968384,683.847412 501.214539,684.197510 
	C501.979431,684.477539 502.410858,684.657776 503.193512,684.891846 
	C504.021118,684.969482 504.498322,684.952454 505.335815,684.840576 
	C508.176727,684.556030 510.672180,684.784851 513.534668,684.510254 
	C514.447449,684.585083 514.893372,684.822144 515.428101,685.563721 
	C515.901001,688.155396 514.505249,688.541382 512.380676,688.663696 
z"/>
<path fill="#FDB916" opacity="1.000000" stroke="none" 
	d="
M499.858337,903.349060 
	C497.951477,900.600525 500.642548,897.937256 499.767883,895.245789 
	C503.199677,894.471619 504.224670,897.561768 506.292297,898.932129 
	C508.354675,900.298950 510.218140,901.948975 512.008667,903.661438 
	C514.244690,905.800049 516.228333,906.369019 518.692200,903.684265 
	C520.309753,901.921753 522.148254,900.098999 525.051392,899.498047 
	C527.670776,900.630188 528.739746,902.495239 528.831604,905.324585 
	C526.045471,911.386719 521.916931,916.155334 518.159607,921.598877 
	C516.664856,922.414612 516.377319,924.324219 514.371948,923.951782 
	C512.320984,918.211853 508.259674,914.413452 504.293884,910.519165 
	C502.315186,908.576111 500.296875,906.600647 499.858337,903.349060 
z"/>
<path fill="#EF8E08" opacity="1.000000" stroke="none" 
	d="
M182.474640,753.608276 
	C182.317612,760.120667 175.874878,760.074524 172.054962,762.135437 
	C162.967636,767.038330 153.376663,771.424011 142.530273,771.067871 
	C141.778015,771.043091 141.008240,771.552124 140.000183,772.191101 
	C138.842224,771.862915 137.940720,771.143066 137.017014,770.452881 
	C135.078751,769.004700 134.578629,767.855286 137.447006,766.881042 
	C152.144913,761.889221 166.807236,756.786438 182.474640,753.608276 
z"/>
<path fill="#FCA725" opacity="1.000000" stroke="none" 
	d="
M544.212219,664.179565 
	C543.868835,663.627014 543.655701,663.375366 543.147705,663.078003 
	C541.738586,661.900452 541.692139,660.454285 541.606262,658.597778 
	C540.653442,650.425659 540.288391,642.567627 537.269470,634.786621 
	C536.390198,631.280701 535.696777,628.143188 534.966614,624.601013 
	C532.958984,605.685242 543.394470,594.854492 561.192505,590.355530 
	C563.170532,592.015686 561.833130,593.284424 560.914551,594.163757 
	C558.610474,596.369019 557.536072,599.230103 555.866577,602.163452 
	C555.288269,602.376160 555.034851,602.390686 554.474854,602.179443 
	C553.350220,598.838379 551.801880,598.423523 549.205322,600.341431 
	C542.956604,604.956970 539.347168,610.608582 539.576965,618.828491 
	C539.855591,628.794739 543.840271,637.879639 545.401672,647.514587 
	C546.258911,652.804932 546.858521,658.021790 544.951294,663.583496 
	C544.674744,664.099548 544.542297,664.261536 544.212219,664.179565 
z"/>
<path fill="#CD4010" opacity="1.000000" stroke="none" 
	d="
M620.585693,102.064362 
	C618.597107,101.314980 619.397400,99.454765 618.217468,98.169540 
	C618.469788,91.059837 621.952942,85.031723 623.797607,78.516464 
	C624.483337,76.094315 627.461304,75.178680 630.171326,75.806465 
	C636.006226,77.158134 641.856689,78.485443 647.602417,80.160172 
	C650.294983,80.944946 652.291504,82.803047 651.374390,86.538902 
	C650.690552,94.150757 649.559082,101.166115 642.323486,105.419678 
	C640.838562,104.486275 640.358154,103.313110 640.118347,101.627609 
	C640.895081,97.471970 642.851990,94.131096 644.242432,90.576248 
	C645.447998,87.493797 645.075134,85.794342 641.584106,84.600784 
	C629.304688,80.402611 629.292664,80.306946 624.433472,92.396652 
	C623.566223,94.554420 622.556152,96.686401 622.747437,99.481056 
	C622.528687,100.897522 621.984985,101.675392 620.585693,102.064362 
z"/>
<path fill="#FDB916" opacity="1.000000" stroke="none" 
	d="
M455.172974,857.970093 
	C450.499817,857.981934 446.203522,857.996155 441.442902,858.019043 
	C436.295868,856.575806 438.665558,854.203186 440.536407,852.525024 
	C444.106842,849.322449 448.077362,846.581116 451.830017,843.581299 
	C453.931732,841.901245 455.852661,840.119080 456.852234,837.145264 
	C457.475922,836.762939 457.894653,836.668579 458.636047,836.543396 
	C462.265198,836.518066 465.571716,836.510193 469.252319,836.509644 
	C471.502319,836.595276 471.712311,837.496460 470.337341,838.506653 
	C468.625488,839.764404 466.658447,840.654114 464.880798,841.854187 
	C462.869781,843.211914 461.990082,844.491394 464.214569,846.426331 
	C465.377899,847.438171 466.003967,848.772217 465.729736,850.737915 
	C463.329224,854.918335 460.263489,857.655334 455.172974,857.970093 
z"/>
<path fill="#F7850A" opacity="1.000000" stroke="none" 
	d="
M518.258972,921.857910 
	C519.603882,915.785278 524.268311,911.535461 527.710571,906.166992 
	C529.556946,904.171631 531.670227,903.209717 533.796265,902.297668 
	C537.136292,900.864807 538.908691,898.067444 541.078369,895.276978 
	C547.670532,886.798706 553.578003,877.356018 564.955566,873.834900 
	C566.347412,875.350342 566.383118,877.098816 567.116211,878.951172 
	C550.684631,893.133362 534.266357,907.061401 518.258972,921.857910 
z"/>
<path fill="#F47C05" opacity="1.000000" stroke="none" 
	d="
M705.145630,533.600342 
	C696.567200,535.108398 688.235718,536.300659 679.910583,537.536011 
	C677.956482,537.825928 675.893982,538.600525 675.144165,535.339111 
	C675.050537,534.473633 674.846008,533.904358 675.025574,533.507141 
	C677.965942,526.999878 674.541931,524.070190 668.866516,522.258911 
	C667.649841,521.870544 666.518555,521.091492 665.980103,519.464233 
	C670.214172,518.389709 674.433167,518.447815 679.057922,518.576904 
	C683.097961,518.718811 685.329407,521.152283 686.607483,524.007324 
	C688.071899,527.278809 690.556213,528.160461 693.601746,528.712952 
	C696.377808,529.216553 699.185486,529.600647 701.893494,530.429626 
	C703.437500,530.902283 705.299866,531.038330 705.145630,533.600342 
z"/>
<path fill="#BD330C" opacity="1.000000" stroke="none" 
	d="
M517.771851,94.280289 
	C518.330627,92.567528 518.648254,91.153923 518.980652,89.374413 
	C522.196411,92.064507 522.960144,96.199425 524.077515,100.604584 
	C523.911194,106.427811 524.818848,111.930077 523.596497,117.328949 
	C521.183838,127.985245 514.218689,135.043030 504.928406,139.935776 
	C501.324493,141.833771 501.027008,143.093384 504.201538,145.652969 
	C506.098907,147.182785 507.476776,149.356949 509.216064,151.562927 
	C509.103485,152.654373 508.549164,153.122696 507.481293,153.522278 
	C503.868286,153.265106 502.985260,150.192673 501.077576,148.322189 
	C499.105347,146.388351 497.179565,144.408218 494.895569,142.283691 
	C493.615845,139.561234 494.983307,138.375015 497.001678,137.596802 
	C499.405762,136.669846 501.855499,135.854782 504.319336,134.245850 
	C504.777649,133.910309 504.962219,133.780975 505.428955,133.473206 
	C506.267426,132.956100 506.842072,132.646774 507.612610,132.054382 
	C508.015686,131.706802 508.174805,131.565323 508.568787,131.205139 
	C508.959503,130.837875 509.115387,130.689285 509.504883,130.315216 
	C510.537659,129.337143 511.335266,128.583069 512.300293,127.513733 
	C513.166016,126.582329 513.832642,125.931175 514.601440,124.883041 
	C519.466553,117.208778 520.788269,109.324417 518.549377,100.848404 
	C518.009644,98.805145 516.944275,96.816986 517.771851,94.280289 
z"/>
<path fill="#FDB916" opacity="1.000000" stroke="none" 
	d="
M575.007812,859.240967 
	C574.837219,855.903931 571.667175,857.653442 570.442505,855.977295 
	C567.771912,854.201721 567.384583,851.947876 568.781433,849.738831 
	C570.454773,847.092590 569.026306,845.974426 567.142029,844.535522 
	C564.277344,842.347839 560.836548,840.831848 558.882568,837.317383 
	C562.689270,836.226196 566.408936,836.969604 570.580688,837.043579 
	C572.911133,837.940857 574.480103,839.119507 575.710999,840.767700 
	C579.299683,845.572510 584.326477,848.504028 589.825439,851.442627 
	C591.816345,852.744629 593.799988,853.904968 593.318787,856.178101 
	C592.813110,858.566895 590.309570,858.402832 588.465088,858.833618 
	C585.254150,859.583435 581.911438,859.475525 578.252075,860.198853 
	C576.925903,860.223450 576.085815,860.016785 575.007812,859.240967 
z"/>
<path fill="#F47206" opacity="1.000000" stroke="none" 
	d="
M608.916321,869.765320 
	C610.020813,870.153198 610.905151,870.379028 611.007324,871.681641 
	C607.037537,876.056091 601.203430,875.709534 597.460449,877.462708 
	C604.266541,876.079956 612.277832,874.850952 619.668091,871.389404 
	C620.570068,870.966919 621.612427,871.085205 622.792969,871.810303 
	C623.020325,873.030090 623.004395,873.996155 622.986450,875.324341 
	C608.388916,880.863464 593.401794,884.470459 577.454468,887.390808 
	C585.784973,876.778015 596.300842,871.738342 608.916321,869.765320 
z"/>
<path fill="#F55603" opacity="1.000000" stroke="none" 
	d="
M876.677734,354.837524 
	C877.523376,357.422241 878.071960,359.826111 878.580383,362.238464 
	C878.945251,363.969543 879.805603,365.843262 877.066895,367.020966 
	C870.087280,350.826843 863.191101,334.689270 855.063354,319.111755 
	C852.381348,313.971619 849.481018,308.945404 846.576782,303.510162 
	C848.693542,302.732361 850.080078,303.564514 851.367432,305.521484 
	C856.109375,312.729706 859.689636,320.471954 863.191345,328.337219 
	C865.912415,334.449158 870.182678,339.838135 872.622131,346.178497 
	C873.730530,349.059143 875.108093,351.836212 876.677734,354.837524 
z"/>
<path fill="#FBF2D4" opacity="1.000000" stroke="none" 
	d="
M603.013550,707.195496 
	C600.363098,709.958618 600.881775,713.190247 600.777771,716.299866 
	C600.746155,717.244385 600.950867,718.592407 599.616516,718.603210 
	C598.557922,718.611816 598.114746,717.477783 598.022156,716.429321 
	C597.619568,711.869019 597.910645,707.489990 601.310486,703.924133 
	C602.665955,702.502502 604.327332,701.291992 604.604309,698.711365 
	C604.520569,698.260376 604.545776,698.213623 604.580017,698.215820 
	C607.388733,696.795898 609.557312,694.397095 612.623779,692.955688 
	C612.711548,692.607239 613.001343,692.670715 612.854126,692.654663 
	C628.389404,684.572144 645.388672,680.980347 662.569458,678.045410 
	C663.894714,677.819031 665.121094,677.353088 666.808105,677.060059 
	C668.236389,676.984192 669.277832,677.042664 670.675415,676.738098 
	C671.554138,676.506897 672.068542,676.460999 672.927917,676.694092 
	C673.566101,677.345703 673.732788,677.840515 673.721558,678.778320 
	C673.320435,680.272644 672.500305,680.939880 671.188965,681.652710 
	C656.612366,683.638367 642.702576,686.844421 629.191284,691.582275 
	C619.568420,694.956543 610.575562,699.572205 603.013550,707.195496 
z"/>
<path fill="#F47206" opacity="1.000000" stroke="none" 
	d="
M577.807861,859.292725 
	C581.396301,857.350342 585.239563,858.610779 588.613647,857.234924 
	C589.909058,856.706726 592.102966,857.704956 592.460449,855.929138 
	C592.832092,854.083374 590.659241,853.488708 589.223145,852.235962 
	C588.184021,851.007202 587.964355,849.935730 588.688477,848.395630 
	C600.637878,854.236694 600.668091,854.277100 590.347778,861.991028 
	C584.659729,866.242493 578.850220,870.331543 572.856567,874.760925 
	C572.277344,875.320740 571.894287,875.534790 571.276611,875.934692 
	C571.091614,876.211487 571.060974,876.083740 571.126648,876.082886 
	C570.853516,876.201721 570.571167,876.401367 570.190247,876.895630 
	C569.834106,877.370422 569.632812,877.630310 569.180115,877.935791 
	C568.530334,878.485718 567.877075,878.461975 567.241394,879.002441 
	C567.115723,879.269653 567.168640,879.233704 567.176025,879.265503 
	C564.616272,878.705322 565.029114,876.662659 565.010925,874.424805 
	C565.085999,873.147095 565.438293,872.320984 566.106201,871.847229 
	C570.783264,868.530273 574.052979,863.924866 577.807861,859.292725 
z"/>
<path fill="#501704" opacity="1.000000" stroke="none" 
	d="
M751.287842,554.078674 
	C749.672424,551.957458 748.363770,549.931091 747.055176,547.904724 
	C753.809448,550.995117 760.262451,554.262329 764.420471,560.335327 
	C765.862915,562.442200 767.787415,563.935364 769.391113,565.795898 
	C777.129272,574.773193 773.949585,583.795898 769.545410,592.987427 
	C768.372437,592.937256 767.828979,592.413391 767.240845,591.392639 
	C766.659058,589.588196 766.614319,588.083374 766.805969,586.610779 
	C768.233154,575.643921 762.921204,567.554688 755.373596,560.057251 
	C754.936340,559.654175 754.777588,559.479065 754.438599,559.004761 
	C753.771912,556.958923 752.750061,555.526978 751.287842,554.078674 
z"/>
<path fill="#EF8E08" opacity="1.000000" stroke="none" 
	d="
M512.448730,688.888123 
	C512.682495,687.677612 514.552429,688.263184 514.996216,686.432251 
	C520.664246,682.513550 527.275940,681.391846 533.636230,678.902588 
	C543.803162,676.035645 552.508728,671.200806 559.775818,663.837524 
	C562.007141,661.576599 564.293091,659.204224 567.839355,658.769043 
	C568.817200,659.983337 569.069336,661.052002 568.407593,662.607422 
	C566.483765,662.058167 565.835815,663.464661 564.924072,664.372314 
	C550.492676,678.738098 533.103149,686.856323 512.448730,688.888123 
z"/>
<path fill="#9F270D" opacity="1.000000" stroke="none" 
	d="
M505.009583,708.443115 
	C491.438263,708.807800 477.826935,708.807800 464.215637,708.807800 
	C469.529297,705.680237 474.076691,701.627136 479.451996,698.878174 
	C480.885651,698.145020 482.220459,698.031799 483.688538,698.911682 
	C488.166870,701.595886 493.164337,702.927917 498.384644,704.525635 
	C500.191498,706.923889 503.298248,706.122803 505.009583,708.443115 
z"/>
<path fill="#090605" opacity="1.000000" stroke="none" 
	d="
M335.034180,207.245224 
	C346.511902,202.630905 358.744415,200.573883 370.467590,195.661957 
	C371.105621,202.151596 369.478607,205.110138 363.178558,206.254761 
	C356.953247,207.385788 351.340363,210.667542 344.906769,210.873383 
	C341.179291,210.992630 337.685394,210.758255 335.034180,207.245224 
z"/>
<path fill="#CD4010" opacity="1.000000" stroke="none" 
	d="
M742.486572,648.302551 
	C741.267944,643.535156 743.174866,638.765625 744.670410,634.510986 
	C747.119324,627.543823 749.200073,620.412964 752.011780,613.565125 
	C753.219116,610.624634 754.912720,607.952148 757.676575,606.226074 
	C759.193848,605.278625 760.931091,604.140442 762.588867,606.722534 
	C756.158875,620.660828 749.476074,634.391357 742.486572,648.302551 
z"/>
<path fill="#F47206" opacity="1.000000" stroke="none" 
	d="
M754.779785,557.750732 
	C755.127930,557.952332 755.271057,558.246704 755.268494,558.410400 
	C760.953796,566.582153 764.270447,575.535156 765.976990,585.156982 
	C766.293762,586.943298 766.569824,588.781555 767.646301,590.750000 
	C768.188721,591.572571 768.507812,592.084778 769.014404,592.835449 
	C769.201843,593.073975 769.016357,593.422668 768.941711,593.605530 
	C768.775818,594.118347 768.606140,594.401184 768.201233,594.831177 
	C768.044373,595.025452 767.921936,595.035767 767.879028,594.991699 
	C767.665527,595.248291 767.481018,595.540222 767.421692,596.040833 
	C767.561157,596.258606 767.552063,596.320862 767.550659,596.352417 
	C764.635742,595.279907 762.897339,597.560669 760.871643,598.820007 
	C759.488953,599.679626 758.497803,601.216797 756.185425,600.917175 
	C756.648987,599.268494 757.368042,597.580750 758.368286,596.080505 
	C763.775818,587.970093 762.391968,583.796143 754.462036,577.634766 
	C752.138733,575.829712 750.948364,574.778320 752.713318,571.915039 
	C755.289917,567.735107 753.181335,563.227661 753.026794,558.438721 
	C753.377686,557.646851 753.870850,557.491028 754.779785,557.750732 
z"/>
<path fill="#0D0706" opacity="1.000000" stroke="none" 
	d="
M321.690308,598.805786 
	C321.941589,600.229614 322.044464,601.456665 321.087982,602.333679 
	C314.687347,608.202637 311.045410,615.870972 307.211212,623.426880 
	C306.875854,624.087769 306.044006,624.496704 305.076935,625.085083 
	C303.338745,625.052979 302.904724,623.949463 302.246277,622.651184 
	C301.734589,620.651123 300.966522,619.096375 300.177673,617.227234 
	C299.971619,616.979370 300.008698,616.993225 300.013977,617.012329 
	C299.799408,616.788635 299.571869,616.553345 299.158295,616.156677 
	C298.979919,615.987915 299.004730,615.996399 299.006134,616.009399 
	C298.589661,615.580444 298.529510,614.991699 298.180084,614.223633 
	C297.676666,613.907837 297.416351,613.726807 297.111145,613.240479 
	C296.464600,612.317627 296.261414,611.543335 296.763397,610.327393 
	C296.996765,609.981079 297.002441,610.002441 296.991791,610.000488 
	C300.171600,607.242065 304.174255,606.091614 308.267975,604.329468 
	C311.889221,602.848816 314.994659,601.129517 318.409637,599.253540 
	C319.498688,598.309326 320.402618,598.082336 321.690308,598.805786 
z"/>
<path fill="#DDDEDE" opacity="1.000000" stroke="none" 
	d="
M580.465576,478.922485 
	C574.291992,484.418030 566.658447,488.435089 559.461243,493.111420 
	C548.040344,500.532043 536.385132,507.591797 524.953369,514.996033 
	C522.329041,516.695740 520.057739,517.365662 516.869812,515.226196 
	C537.117432,501.436401 559.042419,491.026581 580.465576,478.922485 
z"/>
<path fill="#501704" opacity="1.000000" stroke="none" 
	d="
M407.912292,848.139648 
	C403.265656,846.427490 398.996033,844.822266 394.726440,843.217041 
	C408.546539,841.585022 422.179077,839.844482 436.257324,840.666443 
	C430.093964,843.981140 424.081970,847.637451 417.702332,850.464050 
	C414.588440,851.843689 411.450165,849.028137 407.912292,848.139648 
z"/>
<path fill="#501704" opacity="1.000000" stroke="none" 
	d="
M604.955688,847.017212 
	C601.261902,844.916199 597.895996,842.979187 594.530090,841.042236 
	C594.642151,840.712646 594.754272,840.383057 594.866394,840.053467 
	C599.610474,840.053467 604.402832,839.627319 609.086792,840.157837 
	C615.391785,840.872009 621.687439,840.879333 627.995728,841.040833 
	C629.271790,841.073547 630.986267,840.772156 631.299377,842.447083 
	C631.537292,843.719971 630.168396,844.420715 629.083008,844.812988 
	C623.621826,846.787109 618.173767,848.813965 612.638733,850.561340 
	C609.380371,851.590027 607.764404,848.272644 604.955688,847.017212 
z"/>
<path fill="#CD4010" opacity="1.000000" stroke="none" 
	d="
M692.722290,130.761963 
	C693.245667,131.813904 693.499268,132.655365 693.863831,133.811462 
	C688.704346,135.144928 679.822754,129.466614 679.006531,124.556351 
	C678.437012,121.130051 680.663818,117.996338 684.615295,116.861931 
	C689.267151,115.526436 693.918579,116.304558 698.411133,117.497276 
	C705.854675,119.473442 712.704041,122.935234 719.193420,127.027245 
	C721.185730,128.283478 723.731506,129.485733 723.148682,132.977127 
	C722.386292,133.563171 721.848267,133.630920 720.899292,133.362671 
	C713.516296,128.274216 705.796875,124.950508 697.554382,122.714310 
	C694.448364,121.871643 691.328186,121.764923 688.168640,121.838577 
	C686.688477,121.873085 684.960571,121.713837 684.418579,123.535851 
	C683.913025,125.235405 685.108398,126.437088 686.369141,127.237251 
	C688.314453,128.471939 690.416809,129.459244 692.722290,130.761963 
z"/>
<path fill="#F7850A" opacity="1.000000" stroke="none" 
	d="
M865.363892,765.034302 
	C864.225708,762.860718 861.501343,762.891296 860.038086,760.572815 
	C862.335693,760.008728 864.278381,759.531799 866.604309,759.032654 
	C876.500549,761.079346 885.630493,764.306458 896.047729,768.584778 
	C893.917114,770.275879 892.330444,771.535217 890.444092,772.931396 
	C887.431702,770.107544 883.632019,771.496582 880.397461,770.627441 
	C875.324829,769.264404 870.433655,767.411255 865.363892,765.034302 
z"/>
<path fill="#FC7F0A" opacity="1.000000" stroke="none" 
	d="
M558.519287,836.901184 
	C562.562134,839.613220 566.120667,842.280762 569.748474,844.850464 
	C571.563843,846.136414 573.212158,847.296265 570.517212,849.291748 
	C568.179565,851.022644 569.155640,853.055664 570.067749,855.429688 
	C566.907043,855.678040 564.432556,853.531494 562.589783,851.546326 
	C557.571411,846.140503 550.823792,843.234192 545.156067,838.305115 
	C544.861938,837.841187 544.738647,837.668030 544.813110,837.244812 
	C549.361694,836.935242 553.712646,836.875732 558.519287,836.901184 
z"/>
<path fill="#EF8E08" opacity="1.000000" stroke="none" 
	d="
M366.006409,823.651489 
	C364.180695,825.778076 361.902710,824.939026 359.846313,824.953064 
	C346.616333,825.043579 333.687347,827.429443 320.364868,829.900635 
	C320.239990,825.450806 316.382477,827.759155 314.326233,826.407227 
	C328.265808,823.454651 342.667419,822.179138 357.038208,820.654602 
	C360.783783,820.257263 364.514435,819.719666 368.660461,819.302124 
	C369.705963,820.653748 369.078522,821.025513 367.873352,821.059265 
	C366.433990,821.099548 366.008270,822.035522 366.006409,823.651489 
z"/>
<path fill="#9F270D" opacity="1.000000" stroke="none" 
	d="
M418.689148,188.507446 
	C418.119781,186.513260 417.936829,184.678497 417.826477,182.437531 
	C419.017059,180.984299 420.333801,181.049774 422.088440,181.424713 
	C423.556671,181.582062 424.631073,181.622971 426.118408,181.598541 
	C432.866852,180.693375 439.294373,180.659454 446.020844,179.572800 
	C449.022888,179.144821 451.586365,178.468140 454.606567,178.614197 
	C457.854401,179.260376 457.606750,176.263153 459.304749,175.120026 
	C460.535278,183.942047 460.011963,184.300140 451.458008,185.021988 
	C443.875061,185.661896 436.345551,186.935379 428.390991,188.038849 
	C425.014099,188.250031 422.112000,189.613968 418.689148,188.507446 
z"/>
<path fill="#FCA31D" opacity="1.000000" stroke="none" 
	d="
M669.917664,648.645874 
	C671.877258,650.640137 669.871582,651.407288 668.762695,652.332397 
	C665.852600,654.760193 662.428711,656.166321 658.369629,657.038330 
	C656.829956,657.831360 655.645020,657.906677 654.115540,657.016785 
	C653.401245,656.482788 653.041870,656.121094 652.488892,655.413696 
	C651.845642,654.443909 651.521912,653.740234 651.119507,652.643921 
	C650.615173,646.728394 650.948242,641.335693 654.464844,636.239380 
	C656.440247,631.895447 658.417725,627.973633 660.677734,623.784973 
	C662.472351,620.780151 663.208862,617.555481 666.063110,615.286011 
	C666.749695,614.779419 667.094666,614.399048 667.659729,613.883972 
	C669.161438,614.308350 667.464172,616.247498 669.383789,616.866821 
	C664.507202,627.166138 658.986694,637.005798 656.500244,648.113647 
	C656.140442,649.721008 656.061584,651.404175 655.981934,653.058472 
	C655.840881,655.985779 657.372559,656.672363 659.733582,655.409546 
	C663.246643,653.530701 666.688538,651.501038 669.917664,648.645874 
z"/>
<path fill="#FEEDBA" opacity="1.000000" stroke="none" 
	d="
M243.274597,573.343506 
	C243.004471,569.537903 247.287109,569.252930 249.189560,566.410156 
	C250.587433,562.313660 254.505630,561.811707 257.149475,559.776428 
	C259.897797,557.660767 263.020294,556.127014 266.402039,554.356812 
	C270.758759,551.709351 275.056549,549.688293 279.451385,547.099670 
	C285.068268,545.103088 289.645264,541.679932 295.408752,540.023438 
	C296.290894,539.998169 296.781586,540.097290 297.558746,540.510376 
	C298.527710,541.612549 299.192627,542.488159 299.912140,543.696167 
	C293.086609,546.880737 286.214752,549.753113 279.324615,552.580750 
	C266.494171,557.846252 254.687302,564.884583 243.274597,573.343506 
z"/>
<path fill="#F45B04" opacity="1.000000" stroke="none" 
	d="
M505.241211,837.787964 
	C499.146576,842.887268 493.547028,848.161438 486.584900,852.105408 
	C482.275116,853.176880 481.078491,850.489868 480.032898,847.198242 
	C480.336761,843.792480 482.873260,842.712402 484.966187,841.270691 
	C486.901276,839.937683 486.115112,839.382507 484.075470,838.905945 
	C483.547760,838.687927 483.347107,838.574158 482.925598,838.192383 
	C482.679230,837.693970 482.653778,837.463501 482.790405,836.925415 
	C486.653748,836.475464 490.354919,836.333130 494.501801,836.196838 
	C496.753174,836.798462 498.600952,836.444885 500.724091,836.259155 
	C501.757568,836.058044 502.499969,836.043945 503.613159,836.049316 
	C504.559082,836.421631 505.132782,836.775879 505.241211,837.787964 
z"/>
<path fill="#EB9112" opacity="1.000000" stroke="none" 
	d="
M302.732880,621.720947 
	C303.500977,622.821533 303.932587,623.740051 304.537659,624.903076 
	C305.718597,626.555725 306.726105,627.963989 307.897034,629.655212 
	C308.078247,640.305908 298.555481,649.716309 288.354553,649.030273 
	C290.650085,644.669495 294.722961,641.326965 296.763611,636.162415 
	C296.916473,635.843201 296.955017,635.950378 296.899017,635.960693 
	C297.168488,635.794800 297.455109,635.569275 297.810913,635.040710 
	C297.919067,634.787170 297.827759,634.941223 297.758057,634.885010 
	C298.082520,634.901978 298.316010,634.741455 298.237640,634.163818 
	C299.136749,630.326172 301.273560,626.978271 301.165771,622.602905 
	C301.419464,621.708069 301.834747,621.486389 302.732880,621.720947 
z"/>
<path fill="#FCB62B" opacity="1.000000" stroke="none" 
	d="
M702.307434,673.219482 
	C702.108826,672.440125 702.195068,671.977722 702.186096,671.439209 
	C708.766785,671.828491 715.358887,670.584167 722.004211,670.384460 
	C731.334290,670.104248 740.659790,669.676697 749.848267,671.937561 
	C754.168640,673.000610 758.016357,674.986267 760.952698,678.296082 
	C764.228638,681.988647 763.958435,686.368774 761.940369,690.466919 
	C760.707153,692.971375 758.800781,695.415588 755.022461,693.632690 
	C755.090027,692.516846 755.350525,691.634033 755.766418,690.441711 
	C757.530640,687.655029 759.090149,685.168274 757.313354,681.736450 
	C753.369141,674.348633 746.170410,674.033691 739.791260,673.702881 
	C729.873657,673.188660 719.855347,672.648376 709.920166,674.262939 
	C707.479187,674.659607 704.931946,674.798218 702.307434,673.219482 
z"/>
<path fill="#EF8E08" opacity="1.000000" stroke="none" 
	d="
M399.377075,698.051819 
	C396.600525,696.500427 394.562225,695.112732 399.235718,693.692200 
	C400.882172,693.191711 402.218536,691.671082 403.857849,690.312317 
	C404.763550,687.099121 407.253784,685.558716 409.202271,683.668030 
	C412.538544,680.430847 415.198883,676.789490 417.206635,672.225342 
	C418.101929,670.670776 419.116547,669.687317 420.548218,668.623779 
	C422.332123,667.783264 423.980530,667.498779 425.592407,666.245544 
	C426.810364,665.525635 427.755859,665.243652 429.089844,665.892456 
	C429.742706,666.913513 429.733826,667.672363 429.053223,668.669678 
	C428.465607,669.795471 428.195190,670.680908 427.826233,671.904480 
	C425.262329,671.090942 425.083252,673.562500 424.212677,674.625610 
	C417.002289,683.430603 410.127106,692.563416 399.377075,698.051819 
z"/>
<path fill="#F98C08" opacity="1.000000" stroke="none" 
	d="
M899.951111,503.391022 
	C901.774780,504.803223 903.016052,505.367828 902.997681,501.988556 
	C902.958008,494.676575 902.957520,487.363892 903.027466,480.052338 
	C903.040466,478.697937 902.353333,476.477600 904.431885,476.399048 
	C906.620850,476.316315 905.761108,478.568146 906.002014,479.900208 
	C908.456909,493.471252 904.417725,506.878113 904.954468,520.405029 
	C905.018066,522.009460 904.866882,524.258423 902.883545,524.283936 
	C901.318787,524.304016 901.384705,522.083374 900.917725,520.702698 
	C899.377625,516.148743 900.324036,511.471954 900.009155,506.390686 
	C899.934082,505.196136 899.898071,504.470734 899.951111,503.391022 
z"/>
<path fill="#EE6102" opacity="1.000000" stroke="none" 
	d="
M843.726624,687.147705 
	C842.826782,695.302551 838.305603,702.123047 833.349976,708.562866 
	C832.157166,710.112854 831.117188,711.623962 830.125244,713.660461 
	C827.802307,721.753174 822.491394,727.517578 817.254395,733.740723 
	C815.513672,734.064453 814.056763,733.977478 812.252808,732.750366 
	C823.453186,718.119385 833.804138,702.974121 843.726624,687.147705 
z"/>
<path fill="#EA971B" opacity="1.000000" stroke="none" 
	d="
M276.990875,650.139526 
	C276.998169,650.478882 276.554138,650.641479 276.345428,650.752991 
	C263.097473,648.516602 251.114716,643.745361 240.484039,635.159546 
	C241.605316,633.120911 243.236542,633.646667 244.719421,634.500916 
	C246.753250,635.672546 248.914810,636.496948 251.446411,637.339722 
	C258.752808,639.376282 265.709869,641.373657 272.966248,643.606445 
	C273.277374,646.016296 274.664795,647.423218 276.304810,649.050598 
	C276.701355,649.446411 276.842468,649.623291 276.990875,650.139526 
z"/>
<path fill="#FCA31D" opacity="1.000000" stroke="none" 
	d="
M665.782349,519.047668 
	C668.193542,520.310364 670.284119,521.670471 672.539062,522.653625 
	C678.648499,525.317200 678.831848,525.657043 676.333130,531.609314 
	C675.956238,532.507202 675.852661,533.519958 675.354858,534.720886 
	C667.732300,524.084045 656.727051,523.113037 644.948242,523.781677 
	C649.927673,521.112610 655.417297,520.679016 661.165527,519.694702 
	C662.202820,519.723328 662.797852,519.511597 663.709167,519.362061 
	C664.003662,519.265503 663.934387,519.118286 663.959229,519.040833 
	C664.151855,518.861877 664.319641,518.760315 664.759277,518.771484 
	C665.199646,518.913818 665.368225,518.943481 665.782349,519.047668 
z"/>
<path fill="#EB9112" opacity="1.000000" stroke="none" 
	d="
M679.110535,654.605835 
	C673.083984,660.328247 667.529663,666.097839 660.233765,669.736450 
	C649.238525,675.220093 637.050110,673.852966 629.634766,665.834473 
	C629.496887,665.278809 629.506287,665.025391 629.872070,664.637329 
	C631.264160,664.403442 632.232727,664.683960 633.532227,665.178711 
	C634.082703,665.464111 634.291199,665.597656 634.774048,665.975769 
	C639.174866,669.578308 644.085510,668.488464 649.133179,668.608032 
	C653.687195,667.810913 657.183594,665.597107 660.602173,663.212952 
	C665.629211,659.706909 670.664246,656.212097 676.330505,653.066528 
	C677.200867,653.014771 677.691101,653.095032 678.498596,653.429382 
	C678.962891,653.827698 679.099609,654.038879 679.110535,654.605835 
z"/>
<path fill="#EB9112" opacity="1.000000" stroke="none" 
	d="
M738.271973,710.239685 
	C737.309387,709.947449 736.671204,709.839600 735.712524,709.781677 
	C732.282166,709.378235 729.060852,710.976746 725.638428,709.213013 
	C724.045837,708.642639 722.808044,708.298157 721.094604,708.359131 
	C719.621704,708.378479 718.557129,708.242920 717.087891,708.022095 
	C713.285278,706.726501 709.554077,706.939270 705.932007,705.197021 
	C706.524414,702.396545 708.569397,703.253296 710.299622,703.246155 
	C724.526184,703.187622 738.404724,705.631470 752.528564,709.156860 
	C755.179382,710.071106 757.679382,708.813721 759.836121,710.413147 
	C754.216736,711.897217 748.663818,711.589966 742.698181,710.801453 
	C741.088867,710.335327 739.824036,710.567261 738.271973,710.239685 
z"/>
<path fill="#F47C05" opacity="1.000000" stroke="none" 
	d="
M181.731598,688.119629 
	C184.811401,689.754822 186.523041,692.125061 187.100967,695.482971 
	C188.268600,702.267029 193.409882,706.816467 196.983185,712.621216 
	C196.661041,714.773865 195.981018,716.286072 193.522232,716.181335 
	C187.378265,708.191467 182.328033,699.899963 177.164169,691.299805 
	C178.142563,689.422485 179.826126,688.908813 181.731598,688.119629 
z"/>
<path fill="#FCCE53" opacity="1.000000" stroke="none" 
	d="
M374.161316,686.558228 
	C371.890808,689.649780 375.272919,689.988403 375.972412,691.522583 
	C376.690765,693.098145 378.800995,695.227295 374.313354,694.349121 
	C369.205139,690.245789 367.980835,684.563782 368.056885,678.691528 
	C368.272461,662.040039 375.230713,647.985718 385.813141,635.191895 
	C385.372955,638.921570 382.520172,641.636841 380.698669,644.905762 
	C375.411102,654.395020 372.040924,664.525452 370.404419,675.191406 
	C370.033905,677.606201 368.689362,680.800781 372.259277,682.681641 
	C374.246613,683.288269 374.651398,684.589294 374.161316,686.558228 
z"/>
<path fill="#D64D08" opacity="1.000000" stroke="none" 
	d="
M705.382385,705.056274 
	C709.386414,705.046204 713.147278,705.000610 716.847290,707.006592 
	C718.140381,711.910522 713.917053,714.209351 712.296814,717.978882 
	C710.304016,718.230652 708.607178,718.257263 706.486328,718.284973 
	C705.590332,718.421387 705.109436,718.471497 704.291565,718.275330 
	C701.853455,717.983948 699.743469,717.854065 696.871765,717.677307 
	C699.799011,713.252869 702.451660,709.243469 705.382385,705.056274 
z"/>
<path fill="#F59D0E" opacity="1.000000" stroke="none" 
	d="
M454.904999,676.594482 
	C449.810760,674.784668 453.021210,670.721558 452.732483,666.986206 
	C451.205963,662.649475 453.296112,659.314819 454.458374,655.834900 
	C455.128601,653.828125 456.055450,651.915588 456.896210,649.568115 
	C458.221436,646.521973 459.899811,644.046204 460.736816,640.779907 
	C461.963226,637.670959 463.334076,635.141357 466.816803,634.115540 
	C468.064728,634.218201 468.766022,634.567078 469.143951,635.730225 
	C464.980438,644.664429 460.548462,653.044617 457.530273,662.058594 
	C455.996185,666.640076 454.325470,671.184692 454.904999,676.594482 
z"/>
<path fill="#EE6102" opacity="1.000000" stroke="none" 
	d="
M737.840210,633.295288 
	C739.054016,636.962036 738.049805,640.583679 736.503784,644.175049 
	C735.685425,646.076111 735.705994,647.976562 737.237976,649.694946 
	C738.763184,651.405579 739.795227,650.159241 741.284058,649.161194 
	C741.431824,651.056519 742.900757,650.897766 744.183411,651.134583 
	C747.231018,651.697266 750.260071,652.360779 753.642273,653.181030 
	C753.702637,655.938599 751.844971,656.120300 749.947266,655.823486 
	C748.289551,655.564026 746.649170,655.475647 744.586548,655.524292 
	C741.611450,655.435974 739.037231,655.318298 736.031372,655.108154 
	C733.685425,655.953491 731.660034,655.320068 729.308960,655.228333 
	C728.930542,655.022949 728.997437,655.040833 728.972351,655.064697 
	C728.855408,654.810913 728.763489,654.533325 728.772705,653.828979 
	C731.785828,646.786377 734.697876,640.170593 737.840210,633.295288 
z"/>
<path fill="#F7850A" opacity="1.000000" stroke="none" 
	d="
M457.120789,836.776733 
	C458.500519,839.123962 457.173065,840.607483 455.543915,841.913635 
	C451.152618,845.434021 446.631439,848.799438 442.357483,852.455200 
	C440.923309,853.681946 437.473999,854.664917 440.690002,857.870850 
	C440.981140,859.115540 440.983643,860.203430 440.974701,861.699829 
	C437.691315,859.917480 434.419403,857.726440 430.533020,855.123962 
	C439.627960,849.473267 447.272736,842.924622 455.525635,836.640747 
	C456.076813,836.605530 456.273682,836.631714 456.762329,836.597717 
	C457.054108,836.537476 457.184357,836.696167 457.120789,836.776733 
z"/>
<path fill="#FBC82A" opacity="1.000000" stroke="none" 
	d="
M668.128784,677.736755 
	C649.246582,681.263672 630.643372,684.618896 613.064270,692.798096 
	C618.386169,688.023315 625.342346,686.221313 632.101807,684.159912 
	C644.207703,680.468140 656.466919,677.315735 669.128113,676.154236 
	C671.030518,675.979675 671.919312,675.257996 672.694763,673.464294 
	C674.871155,668.429871 677.386902,663.542175 679.850037,658.252197 
	C680.696411,657.364014 680.428772,656.026428 681.915039,655.888000 
	C682.399292,656.199829 682.540405,656.396973 682.799011,656.939941 
	C682.198608,664.041626 677.740479,669.199280 675.060242,675.514771 
	C674.542786,676.217163 674.162415,676.531616 673.362671,676.861572 
	C672.541504,677.025757 672.085449,677.110168 671.292358,677.280579 
	C670.117981,677.536072 669.254089,677.419617 668.128784,677.736755 
z"/>
<path fill="#F7850A" opacity="1.000000" stroke="none" 
	d="
M193.314285,716.275269 
	C195.069824,715.970337 195.156540,713.889648 196.742096,713.114136 
	C202.407394,718.702454 206.451996,725.560181 212.265503,730.945923 
	C213.381821,731.980103 214.167831,733.186951 216.226532,733.026978 
	C210.320236,736.882751 207.703232,736.485229 203.830063,731.100708 
	C200.352341,726.265930 196.875336,721.430542 193.314285,716.275269 
z"/>
<path fill="#FCB62B" opacity="1.000000" stroke="none" 
	d="
M250.640381,722.146973 
	C251.757797,720.111206 252.710663,718.361206 253.815598,716.316162 
	C259.172211,716.554199 259.176788,716.557129 262.702118,711.091797 
	C263.166595,710.371765 263.766632,709.825745 264.748199,709.167969 
	C266.064362,708.211975 267.128418,707.490173 268.510040,706.698120 
	C270.556732,708.300659 268.970978,709.785583 268.502258,711.695984 
	C268.396790,712.783875 268.279938,713.503540 268.063843,714.576843 
	C267.884155,715.159241 267.795776,715.387024 267.556458,715.948608 
	C266.850769,717.504578 266.703125,718.909302 267.072540,720.061401 
	C268.373047,724.117310 266.229645,725.204163 262.487366,725.532898 
	C259.321533,726.105774 256.504578,726.562134 253.244232,727.034302 
	C251.805603,726.991638 250.810379,726.933167 249.437302,726.842285 
	C248.872696,726.688354 248.685928,726.566833 248.734802,726.208313 
	C248.970413,725.971252 249.000000,726.000000 248.985138,725.986816 
	C250.239685,725.119629 249.790634,723.535034 250.640381,722.146973 
z"/>
<path fill="#FBF2D4" opacity="1.000000" stroke="none" 
	d="
M234.321960,579.302002 
	C235.965240,578.085144 237.254913,576.920715 238.837906,575.932251 
	C239.240387,576.371887 239.510941,576.802856 239.435822,576.875183 
	C231.120590,584.889282 226.102036,594.442871 225.608795,606.576050 
	C225.448914,607.152222 225.345917,607.309875 225.031616,607.654358 
	C224.359329,608.156067 223.868301,608.421875 223.156982,608.856812 
	C222.588211,609.165100 222.236877,609.258423 221.651382,609.108643 
	C220.528671,609.563721 219.620743,610.188782 218.327515,610.970154 
	C217.495590,611.237976 217.096039,611.153320 216.574310,610.566589 
	C216.263077,609.882263 216.188568,609.462158 216.225098,608.718079 
	C216.367874,608.009399 216.501358,607.622375 216.795288,606.979248 
	C217.012024,606.538574 217.103668,606.366455 217.339981,605.943848 
	C217.676193,605.361816 217.864044,605.028137 218.174393,604.433350 
	C218.392807,604.004333 218.484421,603.834045 218.721497,603.412476 
	C219.059998,602.815308 219.231369,602.459106 219.456573,601.790283 
	C219.947571,599.094116 219.728195,596.571045 221.142944,594.037109 
	C225.042389,588.510681 228.543228,583.084839 234.321960,579.302002 
z"/>
<path fill="#EF8E08" opacity="1.000000" stroke="none" 
	d="
M596.807495,674.423096 
	C599.231201,673.416382 601.439819,672.764221 603.056641,670.535217 
	C604.356750,667.785217 606.920166,667.483826 609.334290,666.295532 
	C614.889343,663.455811 618.541565,658.431824 624.509949,656.232605 
	C625.346558,656.124512 625.825012,656.164612 626.629089,656.424377 
	C627.327942,656.892517 627.632996,657.262024 628.012207,658.017883 
	C628.545471,659.471313 628.914734,660.600708 628.355469,662.404053 
	C626.657593,659.726196 625.109192,659.820007 622.793335,662.289185 
	C616.372925,669.134766 608.627808,673.999451 599.330994,676.982056 
	C597.180359,677.275208 596.582397,676.318420 596.807495,674.423096 
z"/>
<path fill="#F26F06" opacity="1.000000" stroke="none" 
	d="
M505.514160,708.845398 
	C503.356323,707.064392 499.657715,709.030701 498.776215,705.136597 
	C508.618958,705.329407 518.583374,705.526306 528.597534,701.979126 
	C529.151611,701.799744 529.322205,701.711670 529.757263,701.737549 
	C530.444275,701.928589 530.866821,702.005737 531.606750,702.137573 
	C532.057190,702.377808 532.190247,702.563416 532.356934,703.090027 
	C532.098083,705.203918 532.307556,707.119995 530.631531,708.760864 
	C522.220642,708.921448 514.099670,708.902222 505.514160,708.845398 
z"/>
<path fill="#BD330C" opacity="1.000000" stroke="none" 
	d="
M720.686157,133.513519 
	C721.109009,133.126236 721.706482,133.041382 722.753174,132.913544 
	C725.262146,131.583450 725.419006,129.542984 725.755371,127.357262 
	C726.666626,121.436119 726.568237,115.224518 730.501587,109.976730 
	C731.780640,110.657227 732.683655,111.319824 733.929199,112.050537 
	C733.000549,119.795357 730.867004,127.328293 730.823364,135.210403 
	C730.804688,138.589752 728.811279,139.738251 725.840759,137.902878 
	C724.030212,136.784195 722.510925,135.194244 720.686157,133.513519 
z"/>
<path fill="#F26505" opacity="1.000000" stroke="none" 
	d="
M531.585815,836.857910 
	C532.329224,840.423706 535.500549,840.846252 537.709290,842.373657 
	C541.657959,845.104370 546.454346,847.287659 545.894165,853.803955 
	C537.412170,849.379639 529.977051,843.198425 522.632996,836.266235 
	C525.491516,836.428406 528.350037,836.590576 531.585815,836.857910 
z"/>
<path fill="#EF8E08" opacity="1.000000" stroke="none" 
	d="
M476.695740,672.109985 
	C479.976074,670.122498 481.291565,671.572815 481.894287,674.799927 
	C478.890198,673.954224 478.307495,676.908691 477.003418,678.220459 
	C470.118774,685.145874 462.622681,690.951660 452.365448,692.857605 
	C454.003632,687.964905 458.689911,686.562866 462.869965,684.667603 
	C466.909607,682.836060 469.809357,679.720093 473.018738,676.488464 
	C474.285065,674.916870 474.983063,673.268311 476.695740,672.109985 
z"/>
<path fill="#FCBA37" opacity="1.000000" stroke="none" 
	d="
M221.634125,609.357056 
	C221.436584,608.938660 221.441376,608.921631 221.479645,608.926880 
	C221.946915,608.955811 222.376205,608.966431 223.123505,608.984009 
	C224.259521,609.189026 224.987427,609.613647 226.057449,609.999512 
	C229.436996,623.882324 238.854721,631.804199 251.496460,637.201355 
	C249.827560,638.848877 248.447525,637.017334 246.851059,636.475281 
	C244.900131,635.812927 243.278976,633.970154 240.594177,634.882202 
	C233.442810,629.512329 228.172852,622.689453 222.883377,615.870728 
	C221.393417,613.950012 221.305695,611.957642 221.634125,609.357056 
z"/>
<path fill="#FCBE32" opacity="1.000000" stroke="none" 
	d="
M277.399780,650.224426 
	C272.802887,650.008972 272.461517,647.213806 272.974121,643.927368 
	C282.167084,644.930237 290.276001,643.647888 296.610077,635.991638 
	C296.308899,641.542175 293.699249,645.896484 288.220825,648.731506 
	C288.005219,648.994202 287.999512,649.001648 287.995239,649.000854 
	C286.969940,649.842896 285.728333,649.314453 284.303101,649.716309 
	C283.826569,649.916016 283.655609,649.943298 283.225342,649.983826 
	C281.306305,650.928833 279.517303,650.335083 277.399780,650.224426 
z"/>
<path fill="#EB9112" opacity="1.000000" stroke="none" 
	d="
M469.347168,635.927246 
	C468.424286,635.704407 467.773438,635.276611 466.732391,634.752686 
	C465.807587,633.284973 466.318695,631.978943 466.658020,630.331177 
	C466.919525,629.151917 467.204346,628.325928 467.575500,627.194824 
	C467.896515,626.312866 468.177277,625.764587 468.774231,625.078552 
	C469.344238,624.726196 469.683350,624.732483 470.229858,624.845581 
	C470.559418,624.574890 470.661041,624.433167 471.017273,624.231079 
	C474.032501,617.628784 480.037079,613.838562 484.421783,608.342224 
	C487.005707,609.535095 486.671539,611.381104 484.925568,613.271301 
	C478.710724,619.999756 474.169983,627.863037 469.347168,635.927246 
z"/>
<path fill="#EA971B" opacity="1.000000" stroke="none" 
	d="
M577.951294,575.125488 
	C577.323303,580.136108 580.861450,584.471069 586.264221,584.338074 
	C590.225952,584.240479 594.174255,583.596497 599.028870,583.104858 
	C594.663940,591.282654 590.589478,598.916321 586.308960,606.820923 
	C585.863098,607.182617 585.623230,607.273499 585.096924,607.107666 
	C588.065857,600.727783 591.321289,594.604797 594.882996,587.905762 
	C592.518311,588.025513 590.351440,588.114868 588.187317,588.248596 
	C580.294739,588.736206 578.310730,583.776001 576.110962,578.033020 
	C575.608276,576.720764 576.571228,575.874451 577.951294,575.125488 
z"/>
<path fill="#EA971B" opacity="1.000000" stroke="none" 
	d="
M641.263916,563.365967 
	C639.096497,561.171326 641.272339,559.455933 642.229309,558.406677 
	C646.304382,553.938110 649.612244,548.618835 655.263245,545.747803 
	C656.049683,545.348206 657.369995,545.156738 657.069580,543.808777 
	C656.829529,542.731995 655.758240,542.401306 654.843201,542.046936 
	C650.506531,540.367615 646.018005,541.115356 641.068848,541.143677 
	C645.582764,539.290710 650.683899,539.520935 655.639587,540.957092 
	C660.787415,542.448914 661.263367,544.821289 657.363159,548.483826 
	C653.877319,551.757202 650.277039,554.907410 647.274841,558.652588 
	C646.071350,560.153931 645.640137,561.366394 648.768677,561.015503 
	C647.239319,562.516785 644.987183,562.681335 642.395874,563.052002 
	C641.860046,563.219238 641.696716,563.294189 641.263916,563.365967 
z"/>
<path fill="#F94503" opacity="1.000000" stroke="none" 
	d="
M480.590363,845.896912 
	C480.883148,849.203125 482.787964,850.896729 485.865143,852.034363 
	C485.825684,854.555542 483.482697,855.194580 481.959259,856.611023 
	C480.992676,857.509766 478.902283,858.005920 480.887482,860.213013 
	C481.960083,862.035950 482.592743,863.651733 481.945984,865.899963 
	C481.267731,867.306519 480.426483,867.696899 479.339752,867.412109 
	C475.728333,866.465698 471.025116,858.405762 472.408478,854.913696 
	C473.925720,851.083740 475.892151,847.377869 480.590363,845.896912 
z"/>
<path fill="#F6A110" opacity="1.000000" stroke="none" 
	d="
M500.775574,875.739746 
	C500.697784,878.851135 499.806946,881.070557 496.036041,881.048950 
	C490.004791,878.962952 485.709839,875.392029 483.496460,869.335083 
	C484.504059,867.680359 485.581940,866.492310 486.792816,865.000977 
	C491.984253,867.864014 496.176239,871.816833 500.775574,875.739746 
z"/>
<path fill="#F98C08" opacity="1.000000" stroke="none" 
	d="
M541.846069,875.124878 
	C539.574097,874.824036 537.682556,874.965210 535.936035,876.009033 
	C534.534058,876.846985 533.237061,877.090210 532.066528,875.123047 
	C536.162720,869.933533 541.443726,866.222351 546.653320,861.952271 
	C548.967285,863.643066 551.783875,865.115112 549.355835,868.798523 
	C547.044800,871.382751 545.291504,874.027893 541.846069,875.124878 
z"/>
<path fill="#EB9112" opacity="1.000000" stroke="none" 
	d="
M669.802856,616.927673 
	C667.406494,617.227539 667.591492,615.879028 667.898682,614.096680 
	C671.640137,606.679321 674.937256,599.306824 682.800476,595.495300 
	C686.506470,593.698853 683.985413,592.036072 682.102539,590.248657 
	C688.649292,592.573792 688.998596,593.855652 684.153809,598.299316 
	C678.360474,603.612915 674.227600,610.184265 669.802856,616.927673 
z"/>
<path fill="#0D0706" opacity="1.000000" stroke="none" 
	d="
M641.915527,105.441833 
	C647.805664,100.720123 648.245605,93.530273 651.163818,87.189690 
	C654.777527,87.236641 656.496948,89.635284 657.980347,92.720459 
	C651.320496,97.158081 646.914490,102.995583 644.488403,110.778305 
	C643.235779,111.048500 642.171997,111.034492 640.711914,111.036926 
	C640.134338,110.945267 639.953064,110.837173 639.585449,110.472595 
	C639.129517,109.361824 639.301025,108.557594 639.828979,107.510178 
	C640.214417,106.912056 640.464600,106.594208 640.938965,106.074158 
	C641.304016,105.738190 641.463318,105.618935 641.915527,105.441833 
z"/>
<path fill="#EB9112" opacity="1.000000" stroke="none" 
	d="
M554.765137,602.388550 
	C555.745300,597.548645 558.827332,594.548828 561.821777,591.096436 
	C563.398193,588.217041 562.613831,586.279419 560.516968,584.413574 
	C555.858215,580.268188 550.709900,577.874084 543.969788,579.153198 
	C543.140564,579.038513 542.688721,578.885010 541.987183,578.428589 
	C550.790161,574.334778 564.204834,579.595154 567.824585,588.418457 
	C568.780457,590.748230 567.523804,592.313599 565.865845,593.525940 
	C562.210388,596.199036 559.243591,599.437195 556.953003,603.736694 
	C555.431519,604.763245 554.732422,604.227173 554.765137,602.388550 
z"/>
<path fill="#FDF5A4" opacity="1.000000" stroke="none" 
	d="
M478.422363,666.814453 
	C477.706238,667.177551 477.207550,667.284058 476.367218,667.216064 
	C474.449768,664.077942 478.002411,663.534607 478.811768,661.293579 
	C479.027649,660.992310 479.016296,661.014221 479.006409,661.021606 
	C482.222137,658.412659 484.548737,655.077820 486.771606,651.226562 
	C486.947571,650.933533 486.993439,650.998169 486.959045,650.978455 
	C488.121155,649.875732 489.001923,648.555542 489.917725,646.845337 
	C490.055206,646.532227 490.020721,646.477234 490.053131,646.479004 
	C490.649780,645.247986 492.132690,644.792480 492.787170,643.206604 
	C492.959198,642.922607 492.986176,642.988342 492.950684,642.989380 
	C493.424347,642.605957 493.502716,642.004028 493.930054,641.286987 
	C494.170532,641.117126 494.035675,641.073425 494.089172,641.119934 
	C494.512054,640.533386 495.182922,640.296997 496.088287,639.833984 
	C498.478699,640.934326 497.365143,642.468689 496.751709,643.841064 
	C496.105255,645.287476 495.261200,646.644531 495.057739,648.595581 
	C494.913696,649.119080 494.841309,649.321106 494.618774,649.793091 
	C494.247345,650.270935 494.159515,650.495850 494.197205,650.739136 
	C494.235870,650.988464 494.280304,651.113708 494.378296,651.439148 
	C493.441528,654.853882 492.178802,657.751831 488.899536,659.557678 
	C485.478241,662.226807 483.086914,665.858154 478.422363,666.814453 
z"/>
<path fill="#F47C05" opacity="1.000000" stroke="none" 
	d="
M499.582886,903.018311 
	C502.615814,907.853271 506.820129,911.331726 510.617523,915.144226 
	C512.817627,917.353210 514.202026,919.780396 514.093872,923.333740 
	C507.703918,917.959839 501.303223,912.201477 494.769318,906.171143 
	C495.468628,903.862427 497.185669,903.224548 499.582886,903.018311 
z"/>
<path fill="#F98C08" opacity="1.000000" stroke="none" 
	d="
M561.018555,727.397339 
	C565.335510,727.226440 569.734375,726.406494 574.072083,727.797058 
	C577.217896,728.805603 577.551758,726.140686 578.533691,724.058533 
	C579.942688,726.899902 581.256897,729.702087 583.246216,732.555176 
	C577.066650,732.471680 570.541870,734.549744 564.469727,731.061584 
	C562.970886,730.200684 561.615295,729.466980 561.018555,727.397339 
z"/>
<path fill="#501704" opacity="1.000000" stroke="none" 
	d="
M705.346436,533.976685 
	C705.155518,532.244751 703.989746,532.053040 702.808411,531.839539 
	C699.415527,531.226257 696.037842,530.517212 692.631592,529.993225 
	C689.731934,529.547119 687.467468,528.817078 686.368164,525.479065 
	C685.382446,522.485840 682.731812,520.503601 679.647827,518.829834 
	C681.965271,517.474304 684.523499,517.899109 685.424255,520.349976 
	C687.759338,526.703003 693.469604,526.692810 698.530945,528.047424 
	C703.860474,529.473877 709.190979,530.896423 714.520996,532.320679 
	C714.477966,532.898071 714.434875,533.475403 714.391785,534.052795 
	C711.526733,534.052795 708.661621,534.052795 705.346436,533.976685 
z"/>
<path fill="#EF8E08" opacity="1.000000" stroke="none" 
	d="
M761.001831,838.372437 
	C768.750000,839.470581 776.060181,841.839600 781.778687,848.169312 
	C775.459534,847.272705 769.017517,846.025452 762.268555,844.583862 
	C760.166382,842.755432 760.433838,840.769226 761.001831,838.372437 
z"/>
<path fill="#170C08" opacity="1.000000" stroke="none" 
	d="
M566.086731,562.038452 
	C571.086487,556.957520 576.267700,552.162415 581.731628,547.192322 
	C584.124939,555.293945 584.430176,559.870300 573.436157,559.939270 
	C570.643494,559.956787 569.106323,562.947754 566.086731,562.038452 
z"/>
<path fill="#9F270D" opacity="1.000000" stroke="none" 
	d="
M784.728149,721.443604 
	C788.824829,719.309509 793.031616,720.063538 797.084778,719.688904 
	C797.920471,719.611633 799.220581,719.516479 799.592773,720.731262 
	C799.881836,721.674438 798.952332,722.150879 798.430115,722.760864 
	C792.589111,729.582947 791.412903,729.782227 782.308105,725.170166 
	C782.677063,723.665894 783.583191,722.673035 784.728149,721.443604 
z"/>
<path fill="#170C08" opacity="1.000000" stroke="none" 
	d="
M724.742188,707.769043 
	C728.299255,708.435486 731.500244,708.905640 735.046692,709.603760 
	C731.233948,711.171143 727.587219,713.670654 724.460754,716.424255 
	C722.185974,718.427734 720.254578,719.262878 717.072144,718.839233 
	C714.695557,714.052063 718.692871,711.484741 720.828369,707.888123 
	C722.228455,707.444336 723.307312,707.508667 724.742188,707.769043 
z"/>
<path fill="#170C08" opacity="1.000000" stroke="none" 
	d="
M464.089447,587.639343 
	C462.797028,591.960693 459.435730,590.720825 456.276703,590.968567 
	C453.544189,588.348755 449.716888,587.245789 448.630127,583.159058 
	C448.964661,581.158630 449.557190,579.709534 451.628418,578.739624 
	C457.640961,579.345764 460.801941,583.470520 464.089447,587.639343 
z"/>
<path fill="#F7850A" opacity="1.000000" stroke="none" 
	d="
M695.771851,735.712402 
	C695.005737,739.128479 692.916748,740.348877 689.588562,740.056641 
	C687.309082,739.856567 684.980469,740.216125 682.361389,740.581665 
	C680.138306,740.929443 678.209473,741.128784 676.305298,739.928406 
	C679.328552,737.253235 682.221130,734.693726 685.410339,731.997925 
	C688.585510,734.157104 691.285950,736.940125 695.771851,735.712402 
z"/>
<path fill="#FCA725" opacity="1.000000" stroke="none" 
	d="
M536.117310,555.818359 
	C541.709045,556.354736 544.597961,553.020874 543.720276,547.737610 
	C543.215637,544.700134 540.960938,542.621399 539.767212,539.599182 
	C547.273865,544.602661 548.613403,552.671082 543.074219,559.411316 
	C541.807251,560.953003 540.448853,562.778381 538.254700,562.430176 
	C536.172302,562.099731 536.717590,559.761536 536.046265,558.333557 
	C535.774231,557.755066 535.260803,557.290222 534.634399,556.463684 
	C534.791504,556.083557 535.171387,556.013428 536.117310,555.818359 
z"/>
<path fill="#DDDEDE" opacity="1.000000" stroke="none" 
	d="
M494.727295,587.708374 
	C492.323486,589.042542 490.829651,591.304688 487.806854,591.006409 
	C495.883606,583.407288 504.153259,576.065491 514.522827,571.329651 
	C508.014160,576.712891 501.505493,582.096130 494.727295,587.708374 
z"/>
<path fill="#F98C08" opacity="1.000000" stroke="none" 
	d="
M588.769531,847.781250 
	C588.977478,849.096680 588.997437,850.139832 589.020996,851.572510 
	C581.315613,849.465027 576.316589,843.606812 571.191895,837.425598 
	C573.983582,836.627563 576.320618,837.546875 578.579895,839.587891 
	C581.729065,842.432739 585.230713,844.887329 588.769531,847.781250 
z"/>
<path fill="#F47C05" opacity="1.000000" stroke="none" 
	d="
M219.573730,751.985474 
	C221.338516,755.703613 220.106216,758.028748 216.139740,759.249573 
	C212.945755,760.265991 209.851593,760.968262 206.307007,761.646973 
	C205.656738,752.008667 213.599304,753.638489 219.573730,751.985474 
z"/>
<path fill="#EE6102" opacity="1.000000" stroke="none" 
	d="
M177.341415,861.505859 
	C179.436768,860.816467 181.345657,861.146240 183.596039,861.970581 
	C184.640884,866.004944 187.619781,865.007385 190.102051,864.786682 
	C193.661301,864.470154 196.663055,861.946228 200.774689,862.129089 
	C193.365707,865.102112 185.540894,868.013000 177.562439,870.981018 
	C176.612778,867.738892 177.310715,864.800049 177.341415,861.505859 
z"/>
<path fill="#DDDEDE" opacity="1.000000" stroke="none" 
	d="
M448.378174,582.624023 
	C450.304932,586.076782 454.304779,587.011230 455.913635,590.586426 
	C453.216248,590.912598 451.873169,588.742798 450.144836,587.333496 
	C443.388763,581.824524 436.749817,576.171997 430.571289,569.883667 
	C437.641571,572.304932 442.111603,578.454834 448.378174,582.624023 
z"/>
<path fill="#DDDEDE" opacity="1.000000" stroke="none" 
	d="
M464.352661,588.019897 
	C460.572998,584.469421 456.569122,581.668335 452.357422,578.662598 
	C448.606781,575.568115 445.140411,572.584045 441.629547,569.561646 
	C443.822144,567.452637 445.587402,567.770996 447.465393,570.063660 
	C452.343292,575.611938 458.083649,579.702698 463.472198,584.191467 
	C464.474121,585.026062 465.766205,585.768433 466.292969,586.858521 
	C467.119843,588.569641 465.475739,587.934631 464.352661,588.019897 
z"/>
<path fill="#FCCE53" opacity="1.000000" stroke="none" 
	d="
M640.757202,614.159119 
	C640.536316,618.897949 637.491089,622.790039 635.757263,627.198547 
	C633.825989,632.109070 631.376465,636.826050 629.855652,641.906799 
	C628.893250,645.121887 626.290894,646.999756 623.953491,649.540833 
	C623.434692,651.584595 622.127686,652.187622 620.181030,652.481812 
	C619.542847,652.352844 619.298340,652.242004 619.242188,651.775269 
	C628.436707,645.385193 629.473511,634.728271 634.088867,626.147339 
	C636.211609,622.200806 638.326904,618.250244 640.757202,614.159119 
z"/>
<path fill="#F47C05" opacity="1.000000" stroke="none" 
	d="
M278.397644,748.283691 
	C276.837402,746.604614 275.558441,745.083191 274.138855,743.261597 
	C276.089539,741.668762 278.441620,741.236328 280.824860,740.995850 
	C282.165405,740.860718 282.924408,740.305054 282.968262,738.546814 
	C284.881287,741.709167 287.656921,744.425537 291.573975,746.593018 
	C289.258026,748.160950 286.941040,747.772583 284.396545,748.039917 
	C282.824921,747.185303 281.648407,747.311096 280.207367,748.134277 
	C279.532288,748.436340 279.108765,748.472290 278.397644,748.283691 
z"/>
<path fill="#F1A952" opacity="1.000000" stroke="none" 
	d="
M760.951294,657.101562 
	C772.306946,660.591370 779.105103,668.347717 782.158264,679.724365 
	C781.775513,682.930664 783.427490,686.070984 780.665955,688.840576 
	C781.868286,674.091125 774.829102,664.760681 761.289917,659.153442 
	C760.613525,658.491882 760.497009,657.978699 760.951294,657.101562 
z"/>
<path fill="#EF8E08" opacity="1.000000" stroke="none" 
	d="
M347.834045,735.587036 
	C347.722107,738.404785 349.364532,740.484924 351.798492,738.214905 
	C355.483704,734.777893 360.049164,734.635681 364.629120,733.066162 
	C365.632721,735.014526 359.335632,738.799072 366.999664,739.101196 
	C361.263397,740.471802 354.981384,740.929321 348.753113,740.896545 
	C343.438324,740.868591 347.958405,737.590393 347.834045,735.587036 
z"/>
<path fill="#FC7F0A" opacity="1.000000" stroke="none" 
	d="
M817.428040,734.146545 
	C818.841003,728.259155 824.060059,724.698792 826.440247,719.294312 
	C827.210754,717.544739 828.383362,715.972290 829.675781,714.151489 
	C830.159058,713.989624 830.338501,713.995117 830.787842,714.010742 
	C831.387085,720.596375 826.347290,724.888977 824.054504,730.350342 
	C823.613525,731.400818 822.961243,732.328186 823.033813,733.926880 
	C821.306213,735.852417 819.582031,734.416687 817.428040,734.146545 
z"/>
<path fill="#090605" opacity="1.000000" stroke="none" 
	d="
M299.890320,204.528748 
	C299.002960,205.946793 299.343872,207.166641 299.184631,208.640656 
	C297.685883,208.922058 296.228363,208.364532 296.217590,206.861267 
	C296.172943,200.622467 295.008118,194.306030 297.152496,188.190186 
	C297.324738,187.698944 298.110382,187.422791 298.944885,187.002563 
	C300.351135,192.630234 299.536194,198.365189 299.890320,204.528748 
z"/>
<path fill="#F8DA7B" opacity="1.000000" stroke="none" 
	d="
M780.155151,689.284485 
	C781.789978,686.250061 780.341858,683.195862 781.709106,680.237976 
	C785.854675,686.183105 783.703674,696.006958 776.909790,702.606689 
	C775.182129,703.993103 774.791687,703.034424 774.800842,701.378662 
	C777.624512,697.648315 779.698730,694.040771 780.155151,689.284485 
z"/>
<path fill="#501704" opacity="1.000000" stroke="none" 
	d="
M419.929504,704.760742 
	C420.338654,702.948181 421.252533,701.751770 422.738007,702.536133 
	C426.409027,704.474365 429.913452,706.728149 433.332977,709.943115 
	C427.824310,709.943115 422.315613,709.943115 416.330994,709.911499 
	C415.646362,709.165527 416.017914,708.714905 416.788361,708.133789 
	C417.021667,707.928162 417.022156,708.020813 416.976074,708.025513 
	C417.463379,707.447266 417.830261,706.702942 418.809082,706.137268 
	C419.038910,705.945557 419.040527,706.034546 418.996857,706.042969 
	C419.275146,705.753540 419.564087,705.426453 419.929504,704.760742 
z"/>
<path fill="#EE6102" opacity="1.000000" stroke="none" 
	d="
M890.098755,410.437073 
	C893.772339,417.027283 893.832825,424.961243 895.946411,432.359406 
	C896.484131,434.241669 896.643921,436.231873 896.988708,438.581360 
	C897.474548,448.018158 899.819885,456.905426 899.023560,466.490784 
	C897.210205,451.261261 895.632324,435.536133 892.146240,420.090454 
	C891.450623,417.008240 890.765198,413.923676 890.098755,410.437073 
z"/>
<path fill="#FBF2D4" opacity="1.000000" stroke="none" 
	d="
M267.202454,715.192139 
	C267.073822,714.259644 267.097473,713.547363 267.191223,712.485596 
	C270.343262,707.846924 275.012726,705.239014 278.823059,701.226746 
	C279.483398,700.937988 279.893463,700.878662 280.610901,700.877686 
	C281.325684,701.370483 281.834106,701.522949 282.687073,701.416077 
	C282.958862,701.359802 283.309601,701.467529 283.492920,701.460693 
	C283.492889,704.767090 281.794830,706.795959 278.749329,708.180908 
	C274.838867,709.959167 271.118225,712.161804 268.506226,716.233459 
	C268.048828,716.436829 267.868866,716.433533 267.592468,716.179565 
	C267.448883,715.756653 267.401794,715.584534 267.202454,715.192139 
z"/>
<path fill="#F59D0E" opacity="1.000000" stroke="none" 
	d="
M596.775024,674.069458 
	C597.015808,675.224060 597.499146,676.078674 598.673462,676.856201 
	C591.543335,679.862793 584.413635,678.786255 577.215576,675.198792 
	C577.862610,673.828430 579.092468,674.061584 580.612793,674.040649 
	C585.692627,673.950684 590.430603,675.203857 595.552734,673.925171 
	C596.148376,674.002258 596.327820,674.017883 596.775024,674.069458 
z"/>
<path fill="#170C08" opacity="1.000000" stroke="none" 
	d="
M195.545837,789.300964 
	C193.187820,790.900146 190.380356,792.477600 188.592606,790.953064 
	C186.884521,789.496399 188.185852,786.766968 189.473785,784.634033 
	C190.553360,782.846191 191.122055,779.502258 192.957962,779.804016 
	C195.562637,780.232178 195.263565,783.737793 195.922394,786.020508 
	C196.180679,786.915405 195.840988,787.982971 195.545837,789.300964 
z"/>
<path fill="#F8DA7B" opacity="1.000000" stroke="none" 
	d="
M741.729614,586.936523 
	C741.842957,587.705627 741.666565,588.250427 741.214233,588.906067 
	C737.793945,588.223206 734.601196,587.653015 731.436829,586.955017 
	C724.964294,585.527161 719.071655,586.673828 713.763855,590.677490 
	C712.716370,591.467651 711.721375,592.346558 709.652710,592.243103 
	C714.297546,583.902283 722.445862,583.182007 730.963562,583.702759 
	C734.627197,583.926697 738.093384,585.198120 741.729614,586.936523 
z"/>
<path fill="#AA290A" opacity="1.000000" stroke="none" 
	d="
M280.468201,714.836853 
	C280.155945,717.200623 279.785461,719.166809 279.804230,721.129333 
	C279.832336,724.057800 278.089417,724.314453 275.889130,724.064148 
	C273.344757,723.774658 273.215118,722.116760 273.639130,720.090820 
	C274.267059,717.090393 275.573334,714.491943 277.945404,712.498840 
	C278.667419,711.892151 279.387238,710.691467 280.396820,711.312500 
	C281.623138,712.066833 280.684937,713.368225 280.468201,714.836853 
z"/>
<path fill="#EA971B" opacity="1.000000" stroke="none" 
	d="
M418.632935,591.356567 
	C415.940216,592.117981 413.844574,593.678406 411.118042,593.414124 
	C411.934235,589.809998 414.608978,587.364258 416.019531,583.507935 
	C418.790253,586.023254 421.226776,588.235229 424.151276,590.890137 
	C421.880737,591.035950 420.435577,591.128723 418.632935,591.356567 
z"/>
<path fill="#501704" opacity="1.000000" stroke="none" 
	d="
M417.935486,119.048668 
	C419.651276,125.741402 418.978607,132.502289 418.626007,139.585999 
	C417.782379,140.172806 417.149323,140.423386 416.195557,140.784058 
	C415.295685,140.243118 415.136444,139.478958 415.417053,138.259918 
	C416.181793,133.214737 416.106598,128.535019 415.710693,123.388626 
	C415.544769,122.407585 415.523743,121.879135 415.177429,121.175468 
	C415.028625,120.500252 415.044922,120.029251 415.142609,119.213890 
	C415.997833,118.935127 416.771606,119.000725 417.935486,119.048668 
z"/>
<path fill="#BD330C" opacity="1.000000" stroke="none" 
	d="
M322.165100,598.760986 
	C321.163391,599.291016 320.366974,599.515137 319.304718,599.900818 
	C318.272644,600.585876 317.578491,600.513062 316.951660,599.414307 
	C323.294952,594.959717 330.318878,592.496643 337.674072,589.544373 
	C337.275696,593.178833 334.501862,594.452942 333.348724,597.105957 
	C329.174927,594.247864 325.839417,597.010132 322.165100,598.760986 
z"/>
<path fill="#FCCE53" opacity="1.000000" stroke="none" 
	d="
M597.615540,664.250549 
	C597.334900,664.071350 597.184692,663.677856 597.102905,663.484680 
	C602.628845,664.298462 606.666321,661.036987 610.761414,658.108276 
	C613.550049,656.113831 616.141785,653.843994 619.126099,651.558350 
	C619.430603,651.419312 619.769897,651.753357 619.933472,651.926270 
	C620.526978,653.618164 619.397156,654.438416 618.391968,655.636047 
	C618.016296,655.996582 617.861389,656.134338 617.468140,656.466919 
	C616.588257,657.169556 616.011230,657.735901 615.445923,658.733887 
	C613.617188,661.824585 611.271484,663.785828 607.766602,664.728027 
	C606.110474,664.571655 604.823059,664.925415 603.190979,665.036133 
	C602.461670,665.064392 602.059265,665.063171 601.355225,665.048096 
	C600.138123,664.117432 598.944458,664.653259 597.615540,664.250549 
z"/>
<path fill="#F8DA7B" opacity="1.000000" stroke="none" 
	d="
M327.452606,646.091187 
	C326.945923,645.774963 326.817871,645.488708 326.546387,645.013550 
	C330.730194,637.042847 335.057953,629.260864 339.631470,621.258301 
	C340.086548,620.892212 340.295837,620.746704 340.855469,620.754150 
	C341.579773,621.477844 341.970947,622.172974 341.680908,622.772522 
	C337.727631,630.946655 334.247314,639.407654 327.452606,646.091187 
z"/>
<path fill="#EB9112" opacity="1.000000" stroke="none" 
	d="
M331.266479,719.291016 
	C330.122925,711.114197 332.379211,704.152100 338.023071,698.141724 
	C336.306366,704.879517 334.213867,711.612671 331.988770,718.701782 
	C331.727936,719.205505 331.599670,719.353333 331.266479,719.291016 
z"/>
<path fill="#AA290A" opacity="1.000000" stroke="none" 
	d="
M721.304016,708.184692 
	C720.823364,712.257019 716.512329,714.122620 716.727783,718.413818 
	C715.278320,718.719727 713.913086,718.666565 712.274414,718.408752 
	C711.855713,713.922791 715.917419,711.684021 717.016479,707.659058 
	C718.068604,707.291138 719.068420,707.245728 720.444214,707.231201 
	C721.061401,707.442139 721.302612,707.622192 721.304016,708.184692 
z"/>
<path fill="#F55603" opacity="1.000000" stroke="none" 
	d="
M549.423584,869.023315 
	C551.204285,865.997070 547.263916,864.853638 547.006958,862.195984 
	C547.904785,861.009705 548.831055,860.177368 550.046875,859.208984 
	C553.039795,859.902893 554.977600,862.234680 554.928162,864.480652 
	C554.878235,866.745667 552.616028,868.734314 549.423584,869.023315 
z"/>
<path fill="#F8DA7B" opacity="1.000000" stroke="none" 
	d="
M682.664551,635.079346 
	C683.536499,640.668457 678.882446,646.210632 670.978394,648.656616 
	C674.534973,644.049500 678.442078,639.622803 682.664551,635.079346 
z"/>
<path fill="#170C08" opacity="1.000000" stroke="none" 
	d="
M447.876709,570.176331 
	C448.094818,568.773315 448.948181,567.997192 450.554260,568.007812 
	C459.661285,568.068054 468.710083,565.970825 479.026978,567.448608 
	C468.300720,570.010437 458.327972,568.400879 448.209625,570.163757 
	C447.744141,570.233826 447.979340,570.080566 447.876709,570.176331 
z"/>
<path fill="#FCA725" opacity="1.000000" stroke="none" 
	d="
M198.839081,804.266357 
	C201.070190,805.610229 202.156479,807.151733 200.818695,809.354126 
	C199.705887,811.186096 198.092834,811.363098 196.070724,810.622742 
	C193.962082,809.850647 192.828506,808.034973 193.641174,806.536804 
	C194.416016,805.108398 195.704880,802.366455 198.839081,804.266357 
z"/>
<path fill="#FEF69B" opacity="1.000000" stroke="none" 
	d="
M569.894104,653.808167 
	C566.088074,654.459900 564.025146,657.837646 560.474976,659.134766 
	C559.562134,659.383057 559.092163,659.230957 558.594482,658.386353 
	C558.504883,657.738586 558.542969,657.472717 558.811035,656.876099 
	C559.052124,656.336182 559.149292,656.181091 559.473206,656.056274 
	C560.262329,655.641968 561.045410,655.555969 561.483398,654.799316 
	C561.291748,654.476074 561.423462,654.399719 561.477600,654.346191 
	C562.568604,655.017578 562.372314,653.936218 562.876953,653.304016 
	C563.113159,653.072449 563.056396,653.049255 563.063782,653.078979 
	C563.550964,652.504578 564.357849,652.212158 564.839600,651.207764 
	C565.017151,650.975098 565.016907,651.009827 565.000122,651.014038 
	C565.220764,650.793457 565.452515,650.562866 565.821045,650.126892 
	C565.963440,649.927307 565.990723,649.992371 565.956848,649.982544 
	C566.929871,648.862976 567.662170,647.478088 569.425720,646.828247 
	C569.815552,649.014526 569.881592,651.174927 569.894104,653.808167 
z"/>
<path fill="#FBF2D4" opacity="1.000000" stroke="none" 
	d="
M512.801453,616.137939 
	C513.594055,607.168945 516.001282,599.183472 521.972656,592.446655 
	C522.891724,593.621155 522.844604,594.632385 522.341858,595.519409 
	C518.946533,601.509277 516.778748,607.878845 516.108887,614.757263 
	C515.977600,616.105286 515.414551,617.357117 513.322510,617.310730 
	C512.803528,616.939026 512.673279,616.698181 512.801453,616.137939 
z"/>
<path fill="#FCB010" opacity="1.000000" stroke="none" 
	d="
M425.125305,826.004700 
	C425.695099,823.291870 427.645782,824.244507 429.126709,823.987732 
	C433.881287,823.163391 439.045319,825.818115 443.520752,821.625732 
	C445.086792,820.158691 445.867950,823.785278 447.735016,824.583984 
	C444.512970,825.072510 441.079285,825.316101 437.240723,825.455566 
	C436.457397,825.451904 436.072052,825.499939 435.388550,825.495117 
	C432.298401,825.667908 429.500519,825.848450 426.236511,825.961304 
	C425.576447,826.055054 425.382416,826.216553 425.125305,826.004700 
z"/>
<path fill="#F8DA7B" opacity="1.000000" stroke="none" 
	d="
M499.497864,634.312622 
	C502.430908,628.538086 506.706909,624.124878 510.811279,619.211914 
	C512.571350,621.991028 510.387604,623.642517 509.138733,625.946411 
	C508.290436,627.169006 507.636230,628.103821 506.804077,629.331299 
	C505.410767,631.038025 504.879089,632.843384 503.657104,634.668518 
	C502.616272,635.664307 501.682343,635.880920 500.290588,635.488403 
	C499.795654,635.112976 499.646454,634.904846 499.497864,634.312622 
z"/>
<path fill="#D64D08" opacity="1.000000" stroke="none" 
	d="
M575.669006,692.744995 
	C577.782715,693.212097 579.587219,693.356201 581.308533,693.813354 
	C582.409119,694.105652 584.412598,693.416870 584.354675,695.287537 
	C584.320129,696.402100 583.184753,697.566223 582.359131,698.553101 
	C581.091553,700.068237 579.986023,698.755859 579.008972,698.063232 
	C577.418579,696.935913 575.943787,695.645508 574.197998,694.174744 
	C573.788879,692.842468 574.465454,692.608765 575.669006,692.744995 
z"/>
<path fill="#DDDEDE" opacity="1.000000" stroke="none" 
	d="
M624.201294,251.466278 
	C621.098938,252.568588 619.850769,250.727158 619.147156,248.639771 
	C618.610840,247.048706 619.834412,245.705963 621.141418,245.021744 
	C623.298401,243.892639 624.418396,245.804733 625.631104,247.058914 
	C627.524902,249.017456 626.278931,250.245148 624.201294,251.466278 
z"/>
<path fill="#EA971B" opacity="1.000000" stroke="none" 
	d="
M761.235962,656.821838 
	C761.156616,657.273438 761.071777,657.745544 760.998657,658.579590 
	C755.698914,657.721008 750.478760,656.037109 744.581421,655.667664 
	C747.118225,654.043823 750.705322,656.237549 753.740479,653.643616 
	C756.128845,654.087219 758.269836,654.795776 760.596313,655.777222 
	C760.466736,656.156433 760.348877,656.288757 760.427002,656.447571 
	C760.511292,656.619019 760.600037,656.705078 760.965027,656.761597 
	C761.235657,656.818176 761.230591,656.842346 761.235962,656.821838 
z"/>
<path fill="#F8DA7B" opacity="1.000000" stroke="none" 
	d="
M556.790283,660.760986 
	C553.087708,665.281067 548.481750,668.268616 542.233521,668.963013 
	C541.651672,668.200867 541.999023,667.746582 542.781799,667.202759 
	C543.033508,667.029175 543.000000,667.004761 543.015930,667.020386 
	C543.881836,665.872437 545.070251,665.431091 546.724731,665.228149 
	C549.371155,663.433838 551.756714,661.838867 554.460083,660.162354 
	C555.429626,660.029724 556.047913,660.122803 556.790283,660.760986 
z"/>
<path fill="#DDDEDE" opacity="1.000000" stroke="none" 
	d="
M365.717896,512.232056 
	C370.452209,515.306580 374.917511,518.591736 379.382782,521.876953 
	C379.049469,522.321106 378.716125,522.765259 378.382812,523.209412 
	C372.753540,521.425476 369.488770,516.403320 365.717896,512.232056 
z"/>
<path fill="#F8DA7B" opacity="1.000000" stroke="none" 
	d="
M699.602661,612.212219 
	C701.726624,606.055237 704.537903,600.185547 707.897705,594.367676 
	C707.569824,601.277283 706.099976,607.867310 699.602661,612.212219 
z"/>
<path fill="#FBF2D4" opacity="1.000000" stroke="none" 
	d="
M694.262329,624.834595 
	C692.832458,627.351135 691.649963,629.562195 690.467468,631.773254 
	C690.160034,631.663696 689.852661,631.554138 689.545227,631.444580 
	C689.686646,629.806885 689.828064,628.169128 689.939087,626.136963 
	C690.820190,622.362549 694.030640,620.409668 695.512024,617.033142 
	C696.054688,616.769653 696.298584,616.670898 696.894958,616.751465 
	C698.826416,620.361328 696.128296,622.250793 694.262329,624.834595 
z"/>
<path fill="#FCCE53" opacity="1.000000" stroke="none" 
	d="
M568.191650,663.315918 
	C568.109802,661.910217 568.055847,660.855103 568.015869,659.408813 
	C572.030151,659.381958 570.823669,663.533936 572.823181,665.776062 
	C572.443909,666.528381 572.481995,667.046021 572.857910,667.790833 
	C573.047546,667.990417 572.998047,667.998657 573.010376,667.976807 
	C573.783142,668.800415 574.610596,669.608093 574.617065,671.195190 
	C574.488281,671.748596 574.403809,671.961609 573.982483,672.242798 
	C570.473572,670.285278 569.428528,666.924438 568.191650,663.315918 
z"/>
<path fill="#D64D08" opacity="1.000000" stroke="none" 
	d="
M834.447266,807.608643 
	C835.358948,805.866821 835.869019,803.882874 838.123169,805.109070 
	C839.458923,805.835632 840.301025,807.303040 840.280090,808.765625 
	C840.260315,810.140381 838.946106,811.442810 837.721008,811.354309 
	C835.915588,811.223938 833.619690,810.834717 834.447266,807.608643 
z"/>
<path fill="#F47C05" opacity="1.000000" stroke="none" 
	d="
M486.910706,864.532776 
	C486.988708,866.663757 486.878235,868.499573 484.144470,868.995117 
	C482.198486,869.944641 481.406647,869.068481 480.884735,867.378784 
	C480.985443,865.138672 481.006226,863.275330 481.055817,860.940247 
	C482.969757,861.728577 484.854919,862.988586 486.910706,864.532776 
z"/>
<path fill="#EA971B" opacity="1.000000" stroke="none" 
	d="
M341.435455,621.078979 
	C340.866852,621.039673 340.669220,621.034912 340.174377,621.033936 
	C342.743439,614.652405 346.840515,609.000305 350.854980,602.931946 
	C351.495331,603.141663 351.716949,603.593872 351.838806,604.482422 
	C349.665253,610.996338 346.132721,616.300354 341.435455,621.078979 
z"/>
<path fill="#F8DA7B" opacity="1.000000" stroke="none" 
	d="
M530.691528,709.018433 
	C530.602783,707.084045 530.863953,705.227417 531.405090,703.139771 
	C532.491821,702.275024 532.928528,702.821899 533.269409,703.776245 
	C534.989197,705.948120 536.785828,707.773438 539.255066,710.281982 
	C535.992737,709.811035 533.517090,709.453613 530.691528,709.018433 
z"/>
<path fill="#DDDEDE" opacity="1.000000" stroke="none" 
	d="
M350.765900,438.042999 
	C352.811554,439.738983 352.630920,441.710754 351.795013,443.529480 
	C351.608276,443.935791 349.939240,443.889893 349.036987,443.683533 
	C347.754944,443.390320 345.842316,442.560333 346.056152,441.496521 
	C346.453430,439.519501 348.210052,438.250092 350.765900,438.042999 
z"/>
<path fill="#501704" opacity="1.000000" stroke="none" 
	d="
M309.232056,604.586426 
	C305.586731,607.342407 301.424316,608.123596 297.349060,609.965149 
	C299.401093,605.597412 303.970123,604.566956 308.498840,602.872681 
	C309.287262,603.226746 309.477997,603.692749 309.232056,604.586426 
z"/>
<path fill="#DDDEDE" opacity="1.000000" stroke="none" 
	d="
M351.210968,453.126892 
	C349.902924,450.220581 351.324982,450.139130 353.269775,450.766907 
	C354.691833,451.225922 355.106812,452.523315 355.524597,453.793518 
	C355.931000,455.029175 356.725189,456.354218 355.153473,457.284302 
	C353.308655,458.376068 353.204895,456.329498 352.492859,455.558380 
	C351.970612,454.992828 351.806427,454.096619 351.210968,453.126892 
z"/>
<path fill="#6E6D6F" opacity="1.000000" stroke="none" 
	d="
M869.105713,870.872375 
	C869.101685,862.492676 869.101685,854.597046 869.101685,846.701355 
	C869.335999,846.703613 869.570251,846.705872 869.804565,846.708130 
	C869.804565,856.626892 869.804565,866.545654 869.804565,876.464355 
	C869.572998,876.487244 869.341370,876.510071 869.109802,876.532898 
	C869.109802,874.807434 869.109802,873.081909 869.105713,870.872375 
z"/>
<path fill="#941302" opacity="1.000000" stroke="none" 
	d="
M309.372864,604.871582 
	C309.001007,604.461670 308.979675,604.002136 308.914001,603.198120 
	C310.931213,600.825012 313.503052,599.765991 316.581970,599.000977 
	C317.443054,599.322937 317.943176,599.628357 318.741058,599.998169 
	C316.297394,602.360840 312.873871,603.324158 309.372864,604.871582 
z"/>
<path fill="#FDE698" opacity="1.000000" stroke="none" 
	d="
M575.976562,627.955322 
	C574.829956,633.444153 573.258545,638.679077 570.696228,643.893921 
	C569.182068,643.700806 569.613586,642.648865 569.780396,641.356567 
	C569.992615,640.939514 570.017944,641.001526 569.987793,641.015991 
	C570.745972,640.338806 570.407043,639.349609 570.823364,638.233887 
	C571.023193,637.960693 571.044922,638.012878 571.022278,638.029785 
	C571.527893,637.532410 571.506836,636.802979 571.822937,635.839966 
	C572.445618,633.803772 572.979370,632.098450 573.756836,630.161438 
	C574.711853,629.318420 574.386536,627.913330 575.976562,627.955322 
z"/>
<path fill="#DDDEDE" opacity="1.000000" stroke="none" 
	d="
M162.674652,846.807617 
	C162.849472,856.178467 162.849472,865.241882 162.849472,874.305237 
	C162.611542,874.305054 162.373611,874.304932 162.135681,874.304749 
	C162.135681,865.549622 162.135681,856.794434 162.144119,847.577881 
	C162.268311,846.911011 162.384064,846.705566 162.674652,846.807617 
z"/>
<path fill="#FCCE53" opacity="1.000000" stroke="none" 
	d="
M262.525146,725.690247 
	C267.171326,724.299988 265.976593,720.122803 266.455811,716.302124 
	C266.871033,715.865967 267.073853,715.736938 267.607056,715.752380 
	C267.937408,715.896912 268.165833,716.124207 268.197327,716.282166 
	C268.055298,717.756470 267.383453,719.258667 267.793152,720.357605 
	C269.731018,725.555481 266.412506,725.658142 262.525146,725.690247 
z"/>
<path fill="#F26F06" opacity="1.000000" stroke="none" 
	d="
M168.028152,675.329895 
	C171.225296,676.570801 174.896912,677.866821 172.947968,682.963501 
	C171.110352,680.672485 169.588303,678.176636 168.028152,675.329895 
z"/>
<path fill="#DDDEDE" opacity="1.000000" stroke="none" 
	d="
M652.638916,458.026733 
	C651.412598,462.063629 647.280701,463.780212 644.367554,467.002899 
	C645.141113,462.559174 649.758423,461.272095 652.638916,458.026733 
z"/>
<path fill="#9F270D" opacity="1.000000" stroke="none" 
	d="
M471.337463,837.486084 
	C467.250244,837.053040 463.542358,836.927612 459.396606,836.657349 
	C466.708160,835.394592 474.482452,836.387268 482.597931,836.428467 
	C482.952545,836.617859 483.052307,836.890198 483.046814,837.035034 
	C479.360535,839.119812 475.564575,838.934814 471.337463,837.486084 
z"/>
<path fill="#FBC22B" opacity="1.000000" stroke="none" 
	d="
M486.615173,651.006104 
	C486.386993,655.643860 483.577972,658.753906 479.351532,661.068481 
	C481.425293,657.712219 483.854034,654.395508 486.615173,651.006104 
z"/>
<path fill="#501704" opacity="1.000000" stroke="none" 
	d="
M533.598450,704.082947 
	C532.786438,703.860229 532.380249,703.597656 531.829590,703.121948 
	C531.684998,702.908813 531.809753,702.552185 531.866943,702.372192 
	C534.106873,700.300964 536.755615,699.914795 539.949890,699.355835 
	C538.719299,702.619690 536.367920,703.339355 533.598450,704.082947 
z"/>
<path fill="#F8DA7B" opacity="1.000000" stroke="none" 
	d="
M576.501099,627.903198 
	C575.699646,628.675659 575.120789,629.184387 574.271301,629.811401 
	C574.550110,626.073608 576.941101,623.008240 578.674438,619.316101 
	C579.032410,618.880371 579.167480,618.693237 579.587402,618.702820 
	C579.543884,622.072632 577.996155,624.806519 576.501099,627.903198 
z"/>
<path fill="#FBC22B" opacity="1.000000" stroke="none" 
	d="
M478.701874,661.082886 
	C479.372009,663.531677 476.571686,664.304688 476.024109,666.691833 
	C476.025604,667.041443 476.000916,667.009827 476.019196,667.013733 
	C475.764313,667.197693 475.525604,667.415527 475.163208,667.855713 
	C475.005096,668.040466 474.997620,667.994995 475.019592,668.001953 
	C473.402588,669.610046 472.041656,671.545654 469.417358,672.417847 
	C468.838501,672.362854 468.615112,672.279358 468.382996,671.838379 
	C471.708221,668.044983 475.042175,664.609192 478.701874,661.082886 
z"/>
<path fill="#170C08" opacity="1.000000" stroke="none" 
	d="
M107.280258,507.294006 
	C107.042236,499.982117 107.028526,492.876068 107.062973,485.291840 
	C107.242676,484.709167 107.374222,484.604675 107.699921,484.660828 
	C107.932358,491.926392 107.970634,499.031281 107.978188,506.609070 
	C107.799835,507.221283 107.652206,507.360565 107.280258,507.294006 
z"/>
<path fill="#FCCE53" opacity="1.000000" stroke="none" 
	d="
M396.885498,623.083618 
	C395.188385,627.643738 390.751312,630.264038 387.363403,634.062256 
	C389.056702,629.430359 393.305939,626.757629 396.885498,623.083618 
z"/>
<path fill="#F8DA7B" opacity="1.000000" stroke="none" 
	d="
M584.518311,607.042297 
	C585.026184,606.888245 585.242004,606.925720 585.780334,607.027466 
	C585.469055,610.976135 582.669556,613.874573 581.060913,617.569092 
	C580.041382,616.743347 580.501526,615.743286 580.788391,614.457153 
	C582.078552,611.843628 583.152344,609.538696 584.518311,607.042297 
z"/>
<path fill="#DDDEDE" opacity="1.000000" stroke="none" 
	d="
M196.109955,389.874512 
	C196.446899,391.214996 197.935547,392.342804 195.988937,393.026215 
	C194.814362,393.438599 193.572266,392.941101 192.956924,391.852966 
	C192.230042,390.567688 192.495575,389.171692 193.711273,388.296295 
	C195.036194,387.342224 195.856384,387.947266 196.109955,389.874512 
z"/>
<path fill="#F1A952" opacity="1.000000" stroke="none" 
	d="
M784.579346,721.180542 
	C784.994812,722.862793 784.840210,724.399841 782.405640,724.776917 
	C782.094360,724.899719 782.074951,724.921570 782.066101,724.912109 
	C781.816772,724.694092 781.551392,724.524597 781.070801,724.533936 
	C780.013123,724.378113 778.918884,724.586487 778.354675,723.489624 
	C779.981689,721.929077 781.684570,720.563843 784.579346,721.180542 
z"/>
<path fill="#FDFCF9" opacity="1.000000" stroke="none" 
	d="
M923.004944,495.885803 
	C923.004944,498.330811 923.004944,500.300781 923.004944,502.270782 
	C922.785706,502.271576 922.566528,502.272369 922.347290,502.273193 
	C922.347290,496.425842 922.347290,490.578491 922.347290,484.731140 
	C922.566528,484.713898 922.785706,484.696655 923.004944,484.679413 
	C923.004944,488.256531 923.004944,491.833649 923.004944,495.885803 
z"/>
<path fill="#BD330C" opacity="1.000000" stroke="none" 
	d="
M119.219963,484.456909 
	C120.518898,490.081635 119.788902,496.201752 119.594070,502.655518 
	C118.580551,496.985291 119.083031,490.941528 119.219963,484.456909 
z"/>
<path fill="#DDDEDE" opacity="1.000000" stroke="none" 
	d="
M746.027466,118.689819 
	C743.729492,120.532104 746.068481,123.498062 743.136047,126.208527 
	C744.552063,119.867264 745.749084,114.821022 746.031372,109.590317 
	C746.031372,112.469597 746.031372,115.348877 746.027466,118.689819 
z"/>
<path fill="#9F270D" opacity="1.000000" stroke="none" 
	d="
M760.159241,710.882202 
	C757.678162,710.432312 755.587280,710.059082 753.205078,709.461670 
	C756.567139,709.124207 760.220581,709.010986 764.321838,708.927368 
	C765.198120,708.646912 765.676208,708.509583 766.521484,708.757935 
	C764.954834,710.305603 762.802856,710.792664 760.159241,710.882202 
z"/>
<path fill="#501704" opacity="1.000000" stroke="none" 
	d="
M682.248291,655.424072 
	C681.410583,656.235474 680.911804,656.876648 680.172119,657.712769 
	C679.698853,657.116821 679.466492,656.325928 679.109436,655.248291 
	C678.966492,654.793274 678.948181,654.624939 678.867920,654.210327 
	C678.502563,652.461548 679.409851,651.588379 680.809265,650.636353 
	C682.312622,650.306213 683.148987,650.715942 683.697998,652.176147 
	C683.785339,653.630432 683.377319,654.525940 682.248291,655.424072 
z"/>
<path fill="#EE6102" opacity="1.000000" stroke="none" 
	d="
M177.028839,843.486328 
	C178.985458,848.455688 177.628174,854.052917 177.911362,860.071594 
	C176.419189,855.098450 177.506332,849.477844 177.028839,843.486328 
z"/>
<path fill="#FCCE53" opacity="1.000000" stroke="none" 
	d="
M646.716309,604.112427 
	C645.999023,607.716614 644.247681,611.079224 641.391724,614.055664 
	C642.827881,610.793091 644.615173,607.520996 646.716309,604.112427 
z"/>
<path fill="#FCCE53" opacity="1.000000" stroke="none" 
	d="
M655.726685,592.078857 
	C654.668396,595.489990 652.214600,598.223511 649.340454,600.970276 
	C650.268005,597.459900 653.025696,594.951538 655.726685,592.078857 
z"/>
<path fill="#FBC82A" opacity="1.000000" stroke="none" 
	d="
M612.354553,692.567749 
	C611.244568,695.796021 608.215393,697.068298 604.998352,698.399658 
	C606.388428,695.430054 609.306030,694.125854 612.354553,692.567749 
z"/>
<path fill="#DDDEDE" opacity="1.000000" stroke="none" 
	d="
M915.001038,417.812744 
	C914.760498,420.940338 917.290588,423.495331 915.287720,426.660736 
	C915.250488,423.294586 913.571228,420.479370 914.113708,417.303406 
	C914.121033,417.260803 914.367249,417.223480 914.491211,417.245300 
	C914.650330,417.273193 914.798462,417.363556 915.001038,417.812744 
z"/>
<path fill="#F1A952" opacity="1.000000" stroke="none" 
	d="
M774.774658,701.251221 
	C775.198975,701.727783 775.102417,702.607239 776.405029,702.837769 
	C775.602966,703.794250 774.513489,704.713257 773.139038,705.758850 
	C772.321594,706.345642 771.708313,706.516785 770.599609,706.123657 
	C771.633484,704.392883 773.082336,702.937866 774.774658,701.251221 
z"/>
<path fill="#DDDEDE" opacity="1.000000" stroke="none" 
	d="
M435.752075,202.169891 
	C437.261383,201.671051 438.703461,201.459381 440.509735,201.213043 
	C441.046539,201.284058 441.219086,201.389740 441.626404,201.689316 
	C442.498718,202.405914 443.245300,202.769333 444.080750,203.530426 
	C444.309387,203.993042 444.351868,204.200043 444.202942,204.659714 
	C441.619812,204.282303 439.228058,203.652222 436.475006,202.942108 
	C435.970734,202.727066 435.827789,202.592056 435.752075,202.169891 
z"/>
<path fill="#DDDEDE" opacity="1.000000" stroke="none" 
	d="
M742.906433,134.761719 
	C742.931824,137.600098 742.931824,140.047394 742.931824,142.494675 
	C742.606750,138.780106 741.283691,135.049408 743.019836,131.167160 
	C742.136414,132.378540 742.897583,133.378983 742.906433,134.761719 
z"/>
<path fill="#DDDEDE" opacity="1.000000" stroke="none" 
	d="
M827.956909,605.084473 
	C829.959290,606.720459 830.627502,609.235779 831.758179,611.886353 
	C829.760864,610.798462 828.913635,608.411255 827.276917,606.246887 
	C827.471252,605.783264 827.693298,605.571777 827.956909,605.084473 
z"/>
<path fill="#FBC82A" opacity="1.000000" stroke="none" 
	d="
M569.717651,641.169434 
	C570.049744,641.747620 570.106812,642.555664 570.302124,643.745117 
	C570.264893,644.807922 570.089478,645.489441 569.831787,646.512512 
	C568.688171,647.874207 567.626770,648.894348 566.244141,649.943604 
	C567.214539,647.163452 568.927856,644.527344 569.717651,641.169434 
z"/>
<path fill="#D64D08" opacity="1.000000" stroke="none" 
	d="
M755.110901,557.608032 
	C754.644287,557.982361 754.160583,558.012390 753.314514,558.029541 
	C751.730957,557.231384 751.562866,555.858093 751.029907,554.322510 
	C751.318176,553.517273 751.119263,551.907104 752.210510,552.980957 
	C753.412476,554.163757 754.152588,555.815979 755.110901,557.608032 
z"/>
<path fill="#D64D08" opacity="1.000000" stroke="none" 
	d="
M769.882690,705.888855 
	C770.777710,705.865173 771.370789,705.882446 772.408936,705.892578 
	C771.077881,706.857483 769.301758,707.829468 767.182312,708.886353 
	C766.380554,708.950439 765.922058,708.929810 765.116638,708.933105 
	C765.966492,707.301331 767.983215,706.948792 769.882690,705.888855 
z"/>
<path fill="#501704" opacity="1.000000" stroke="none" 
	d="
M408.958923,86.098152 
	C408.565369,88.276428 409.838745,90.460625 406.573303,92.728012 
	C408.857300,88.527519 407.466217,85.063057 408.716339,80.371048 
	C408.844177,83.101593 408.904480,84.389938 408.958923,86.098152 
z"/>
<path fill="#EB9112" opacity="1.000000" stroke="none" 
	d="
M424.653381,825.725342 
	C425.062195,825.631348 425.414642,825.767456 425.592529,825.830444 
	C421.807861,826.263977 417.845276,826.634399 413.427124,826.929810 
	C412.971558,826.854797 412.981964,826.426025 412.994629,826.211914 
	C413.774780,825.988586 414.542267,825.979370 415.693176,825.951660 
	C417.643646,825.140808 419.316315,825.651245 421.338623,825.639221 
	C422.574036,825.766174 423.409332,825.792786 424.653381,825.725342 
z"/>
<path fill="#DDDEDE" opacity="1.000000" stroke="none" 
	d="
M869.798645,841.904480 
	C869.954468,839.154480 870.089722,836.854614 870.224976,834.554749 
	C870.391174,834.555786 870.557434,834.556824 870.723633,834.557861 
	C870.723633,837.919006 870.723633,841.280090 870.723633,844.758301 
	C869.249573,844.249634 869.936096,843.156006 869.798645,841.904480 
z"/>
<path fill="#FBC22B" opacity="1.000000" stroke="none" 
	d="
M499.217010,634.141602 
	C499.730927,634.124634 499.883759,634.370361 500.024506,634.874634 
	C501.162720,637.526123 500.069275,638.893921 497.435333,639.640991 
	C496.820282,639.536255 496.578583,639.472717 496.087280,639.129578 
	C496.870331,637.351501 497.902985,635.853088 499.217010,634.141602 
z"/>
<path fill="#D64D08" opacity="1.000000" stroke="none" 
	d="
M331.023712,719.481079 
	C331.061523,719.080872 331.458740,719.056458 331.657471,719.057129 
	C331.337585,722.107788 330.818939,725.157898 330.108704,728.518555 
	C329.559479,725.761292 330.446106,722.842041 331.023712,719.481079 
z"/>
<path fill="#DDDEDE" opacity="1.000000" stroke="none" 
	d="
M404.567871,195.237106 
	C405.303589,194.380859 405.147980,192.074356 407.414856,193.402130 
	C408.374268,196.886856 406.571686,196.180908 404.567871,195.237106 
z"/>
<path fill="#6E6D6F" opacity="1.000000" stroke="none" 
	d="
M922.069580,471.420715 
	C921.940125,474.056000 921.802734,476.272766 921.665344,478.489502 
	C921.456604,478.485687 921.247925,478.481873 921.039185,478.478058 
	C921.039185,475.704498 920.547241,472.799988 921.236877,470.210052 
	C921.608459,468.814331 921.686890,470.761749 922.069580,471.420715 
z"/>
<path fill="#501704" opacity="1.000000" stroke="none" 
	d="
M303.052643,621.563171 
	C302.639832,621.948364 302.210327,621.993774 301.465637,622.121582 
	C300.331146,620.834229 299.970032,619.343750 299.975098,617.367676 
	C301.812805,617.802124 302.341614,619.572510 303.052643,621.563171 
z"/>
<path fill="#AA290A" opacity="1.000000" stroke="none" 
	d="
M408.971191,103.664841 
	C406.845673,103.780090 405.525330,102.635208 405.223450,100.097267 
	C407.109314,100.329910 408.067200,101.782684 408.971191,103.664841 
z"/>
<path fill="#DDDEDE" opacity="1.000000" stroke="none" 
	d="
M504.660706,586.870972 
	C503.506744,588.417053 502.161072,589.684998 500.491577,591.063477 
	C499.920044,591.147461 499.672363,591.121033 499.317261,590.736816 
	C500.592896,589.163269 501.975983,587.947510 503.619812,586.496216 
	C504.076660,586.371399 504.272827,586.482117 504.660706,586.870972 
z"/>
<path fill="#F5E3AB" opacity="1.000000" stroke="none" 
	d="
M226.345627,609.787842 
	C225.116150,612.868164 224.297241,609.489014 222.971771,609.771362 
	C222.958755,608.376709 223.841095,607.707336 225.234039,607.093140 
	C225.554764,606.975708 225.583099,606.980591 225.567505,606.987610 
	C225.818390,607.814819 226.084869,608.634949 226.345627,609.787842 
z"/>
<path fill="#D64D08" opacity="1.000000" stroke="none" 
	d="
M907.018799,457.289185 
	C906.969849,456.230560 906.950928,455.464294 906.900757,454.315979 
	C906.454407,453.285309 906.517151,452.562195 906.636475,451.496887 
	C906.765259,450.958801 906.801025,450.768555 906.912231,450.297974 
	C908.159607,452.619995 907.827820,455.425415 908.016846,458.581787 
	C907.648376,458.535400 907.348633,458.058472 907.018799,457.289185 
z"/>
<path fill="#FBF2D4" opacity="1.000000" stroke="none" 
	d="
M531.675903,584.418945 
	C532.061462,582.460083 533.893188,582.000916 535.906616,581.357056 
	C536.231262,584.255676 534.350464,584.611145 531.675903,584.418945 
z"/>
<path fill="#6E6D6F" opacity="1.000000" stroke="none" 
	d="
M547.132751,66.601341 
	C549.290100,66.424774 551.245239,66.248322 553.200317,66.071861 
	C553.207275,66.248398 553.214294,66.424927 553.221252,66.601456 
	C551.124329,66.601456 549.027405,66.601456 547.132751,66.601341 
z"/>
<path fill="#F1A952" opacity="1.000000" stroke="none" 
	d="
M416.713989,707.718689 
	C416.711700,708.400757 416.401733,708.873352 415.973419,709.612915 
	C414.808838,709.980957 414.123444,711.378418 412.410278,710.496155 
	C413.848083,709.421448 415.127197,708.465332 416.713989,707.718689 
z"/>
<path fill="#D64D08" opacity="1.000000" stroke="none" 
	d="
M554.765564,601.980652 
	C555.051575,602.874695 555.169617,603.716309 556.526001,604.016418 
	C556.533447,605.105896 556.259277,606.711731 554.960510,606.198242 
	C553.710815,605.704102 554.304260,603.896973 554.102173,602.316406 
	C554.168274,601.953613 554.568359,601.946960 554.765564,601.980652 
z"/>
<path fill="#EB9112" opacity="1.000000" stroke="none" 
	d="
M320.466797,740.758789 
	C322.682281,739.299438 325.490570,740.275635 328.647064,740.046265 
	C326.540680,742.203857 323.615936,740.558350 320.466797,740.758789 
z"/>
<path fill="#6E6D6F" opacity="1.000000" stroke="none" 
	d="
M107.883217,484.388916 
	C107.894073,484.821472 107.501381,484.902466 107.306259,484.858063 
	C107.111130,482.067017 107.111130,479.320343 107.111130,476.573700 
	C108.540009,478.973206 107.758675,481.494049 107.883217,484.388916 
z"/>
<path fill="#DDDEDE" opacity="1.000000" stroke="none" 
	d="
M499.934784,590.967346 
	C499.399567,592.205872 498.474152,592.977539 497.020233,593.089905 
	C496.759033,591.600891 498.186859,591.444397 498.990112,590.533203 
	C499.373810,590.506287 499.537811,590.633545 499.934784,590.967346 
z"/>
<path fill="#F8DA7B" opacity="1.000000" stroke="none" 
	d="
M685.735779,631.052856 
	C686.029114,632.701782 685.798523,634.371582 683.325073,634.971436 
	C683.789124,633.725464 684.616516,632.466492 685.735779,631.052856 
z"/>
<path fill="#F8DA7B" opacity="1.000000" stroke="none" 
	d="
M697.344360,616.870239 
	C696.780518,616.946472 696.585815,616.940247 696.100952,616.901184 
	C696.671204,615.350525 697.531555,613.832703 698.653625,612.119873 
	C698.915344,611.924866 699.141907,612.134949 699.254822,612.240356 
	C700.288757,614.374756 699.376038,615.720886 697.344360,616.870239 
z"/>
<path fill="#FBF2D4" opacity="1.000000" stroke="none" 
	d="
M527.648254,587.377930 
	C527.690430,585.553955 529.189819,585.027527 530.722412,584.122864 
	C531.044800,584.087708 531.213196,584.242371 531.293274,584.323914 
	C531.708130,586.767212 530.377747,587.589600 527.648254,587.377930 
z"/>
<path fill="#501704" opacity="1.000000" stroke="none" 
	d="
M417.890930,113.198135 
	C419.130341,114.053009 418.930511,115.282349 418.460968,116.766800 
	C416.780640,116.040443 416.892120,114.781105 417.890930,113.198135 
z"/>
<path fill="#6E6D6F" opacity="1.000000" stroke="none" 
	d="
M176.734848,885.659546 
	C175.065094,885.697632 173.804764,885.762817 172.544418,885.827942 
	C174.787674,884.860840 177.073395,885.878540 179.332260,885.460449 
	C179.240707,885.533264 179.158096,885.624390 179.055450,885.674377 
	C178.913620,885.743469 178.754150,885.831055 178.606628,885.823608 
	C178.118118,885.799011 177.631561,885.735352 176.734848,885.659546 
z"/>
<path fill="#DDDEDE" opacity="1.000000" stroke="none" 
	d="
M915.849243,565.313782 
	C915.890991,566.649231 915.890991,567.706848 915.890991,568.962341 
	C913.818054,567.769409 915.499695,566.323242 915.182251,565.138611 
	C915.149109,565.015015 915.219849,564.801147 915.317932,564.715942 
	C915.692444,564.390198 915.869751,564.513123 915.849243,565.313782 
z"/>
<path fill="#6E6D6F" opacity="1.000000" stroke="none" 
	d="
M108.802689,466.662781 
	C108.688980,467.827759 108.608307,468.636749 108.520775,469.448486 
	C108.457794,467.472321 107.602867,465.503296 108.440918,463.440338 
	C109.273987,464.365143 108.831902,465.362579 108.802689,466.662781 
z"/>
<path fill="#6E6D6F" opacity="1.000000" stroke="none" 
	d="
M907.888184,771.719116 
	C907.977295,769.349548 908.074707,767.420715 908.172119,765.491821 
	C908.406738,765.494263 908.641357,765.496643 908.875977,765.499084 
	C908.875977,767.794128 908.880920,770.089233 908.861816,772.384094 
	C908.860779,772.506348 908.571777,772.740967 908.558716,772.731262 
	C908.324829,772.558533 908.112976,772.356018 907.888184,771.719116 
z"/>
<path fill="#FBF2D4" opacity="1.000000" stroke="none" 
	d="
M541.439392,578.267212 
	C542.215210,578.198914 542.714478,578.208618 543.584106,578.251099 
	C543.341309,580.874390 541.365295,580.969788 538.635254,580.457214 
	C539.055908,579.495911 540.109314,578.920593 541.439392,578.267212 
z"/>
<path fill="#FBC82A" opacity="1.000000" stroke="none" 
	d="
M556.991760,661.006897 
	C556.389893,660.857056 555.798401,660.696472 554.992371,660.308350 
	C555.978455,658.988403 557.179016,657.895935 558.710327,656.674438 
	C559.058350,656.790466 559.075684,657.035706 559.046631,657.646729 
	C558.538635,658.892761 557.844177,659.621460 557.200562,660.737122 
	C557.019653,660.973267 557.002136,660.996155 556.991760,661.006897 
z"/>
<path fill="#BD330C" opacity="1.000000" stroke="none" 
	d="
M575.744751,692.746826 
	C575.453003,693.106812 574.892578,693.278259 574.153931,693.687622 
	C572.968262,693.277466 571.960754,692.629333 570.796326,691.721924 
	C570.596863,691.260315 570.554382,691.057922 570.822021,690.853088 
	C572.580139,691.419800 574.028076,691.989014 575.744751,692.746826 
z"/>
<path fill="#501704" opacity="1.000000" stroke="none" 
	d="
M567.869995,67.964539 
	C566.384583,67.954910 565.274109,67.954910 564.163574,67.954910 
	C566.150513,66.886040 568.134888,66.894661 570.146912,67.256920 
	C570.122192,67.465767 570.145142,67.592697 570.093079,67.645172 
	C569.982178,67.756859 569.838745,67.893005 569.697388,67.907249 
	C569.215881,67.955742 568.729431,67.955696 567.869995,67.964539 
z"/>
<path fill="#D64D08" opacity="1.000000" stroke="none" 
	d="
M546.655823,664.987976 
	C545.888306,665.703247 544.791077,666.377686 543.362854,667.044067 
	C542.489502,665.976624 543.404907,665.363953 543.898560,664.261108 
	C544.014648,663.935730 544.411072,663.921570 544.609131,663.929565 
	C545.137207,664.539429 545.538940,665.033142 546.655823,664.987976 
z"/>
<path fill="#DDDEDE" opacity="1.000000" stroke="none" 
	d="
M892.718018,346.168945 
	C892.978210,346.912476 893.116394,347.451904 892.945618,347.862946 
	C892.474548,348.996796 892.052734,348.257294 891.941711,347.689758 
	C891.714050,346.525513 890.381531,345.559143 891.217163,344.180450 
	C892.370178,344.282745 891.806396,345.509949 892.718018,346.168945 
z"/>
<path fill="#6E6D6F" opacity="1.000000" stroke="none" 
	d="
M162.966003,846.715332 
	C162.849472,847.115112 162.500916,847.066528 162.326736,847.091492 
	C161.677567,845.134094 161.865753,843.181824 162.404999,841.018860 
	C163.345245,842.843689 163.012466,844.605957 162.966003,846.715332 
z"/>
<path fill="#6E6D6F" opacity="1.000000" stroke="none" 
	d="
M857.984192,885.677673 
	C856.067383,885.792053 854.485840,885.792053 852.904358,885.792053 
	C852.902893,885.584167 852.901489,885.376221 852.900085,885.168335 
	C854.706543,885.299988 856.513000,885.431641 857.984192,885.677673 
z"/>
<path fill="#6E6D6F" opacity="1.000000" stroke="none" 
	d="
M538.148010,254.439728 
	C538.215942,254.008469 538.509521,253.898132 539.266846,253.867691 
	C540.915649,253.589966 541.669067,254.562973 542.937622,254.980530 
	C543.328125,255.375183 543.413330,255.678162 543.513245,256.452972 
	C541.809875,256.203430 540.091736,255.482056 538.148010,254.439728 
z"/>
<path fill="#F5E3AB" opacity="1.000000" stroke="none" 
	d="
M216.440628,609.767456 
	C217.055283,610.192444 217.272018,610.495239 217.715485,610.962219 
	C217.319687,611.729431 216.697159,612.332397 215.822952,613.155090 
	C215.571274,613.374817 215.081543,613.412659 214.885559,613.264648 
	C214.987839,612.566406 215.286102,612.016235 215.602798,611.152100 
	C215.222656,610.250061 215.362930,609.852356 216.440628,609.767456 
z"/>
<path fill="#FBC22B" opacity="1.000000" stroke="none" 
	d="
M489.736420,646.700745 
	C490.179199,648.515137 489.437164,650.038696 487.299438,650.989685 
	C487.007812,649.139709 488.480804,648.167908 489.736420,646.700745 
z"/>
<path fill="#6E6D6F" opacity="1.000000" stroke="none" 
	d="
M409.805298,202.565125 
	C409.980591,202.873322 410.221497,203.308899 410.187592,203.555450 
	C408.727966,203.491669 407.302216,203.181335 405.440277,202.776062 
	C407.034454,201.386993 408.351166,201.987122 409.805298,202.565125 
z"/>
<path fill="#EA971B" opacity="1.000000" stroke="none" 
	d="
M729.259888,655.145874 
	C730.894348,655.062988 732.858215,655.103088 735.210876,655.079468 
	C733.596252,655.100098 731.592712,655.184448 729.259888,655.145874 
z"/>
<path fill="#EA971B" opacity="1.000000" stroke="none" 
	d="
M580.792053,614.400391 
	C580.936462,615.087280 580.868164,616.026001 580.769653,617.320740 
	C580.506348,617.922974 580.273254,618.169189 579.956177,618.657471 
	C579.872253,618.899536 579.391968,619.021057 579.144653,619.044312 
	C579.457947,617.595703 580.018616,616.123901 580.792053,614.400391 
z"/>
<path fill="#170C08" opacity="1.000000" stroke="none" 
	d="
M921.285034,514.313354 
	C921.098450,512.090759 920.541992,510.009888 921.998352,506.742126 
	C921.998352,509.791779 921.998352,511.540497 921.960388,513.710815 
	C921.780212,514.255005 921.638000,514.377502 921.285034,514.313354 
z"/>
<path fill="#6E6D6F" opacity="1.000000" stroke="none" 
	d="
M676.747437,82.863281 
	C675.449829,82.860649 674.526794,82.860649 672.501160,82.860649 
	C675.369141,81.740433 677.172058,82.213005 680.400085,82.399536 
	C678.376953,82.687363 677.749512,82.776634 676.747437,82.863281 
z"/>
<path fill="#FDB916" opacity="1.000000" stroke="none" 
	d="
M307.052185,735.427063 
	C307.030121,735.994629 307.015717,736.204590 306.982208,736.729675 
	C305.605286,736.989685 304.704803,736.081360 303.550659,735.062134 
	C303.469421,734.669189 303.567444,734.525879 303.837891,734.187378 
	C305.389648,733.324219 306.250732,734.123291 307.052185,735.427063 
z"/>
<path fill="#501704" opacity="1.000000" stroke="none" 
	d="
M421.280151,71.971115 
	C420.792175,71.953285 420.600525,71.984505 420.477997,71.906754 
	C420.275574,71.778305 420.117737,71.579521 419.941132,71.410370 
	C421.287201,70.768173 422.608459,70.870003 424.686829,71.782982 
	C423.155762,71.876572 422.381653,71.923897 421.280151,71.971115 
z"/>
<path fill="#501704" opacity="1.000000" stroke="none" 
	d="
M581.751587,68.979752 
	C580.644897,68.925056 579.867188,68.871307 578.379089,68.768448 
	C580.409790,67.888550 581.730896,67.747910 583.076355,68.406075 
	C583.086975,68.411293 583.035278,68.660233 582.968018,68.688271 
	C582.681396,68.807755 582.377869,68.886848 581.751587,68.979752 
z"/>
<path fill="#6E6D6F" opacity="1.000000" stroke="none" 
	d="
M921.103882,514.529907 
	C921.074158,514.126831 921.499207,514.028381 921.710815,514.080444 
	C921.922424,515.889526 921.922424,517.646606 921.922424,520.040527 
	C920.493286,518.005981 921.358276,516.414429 921.103882,514.529907 
z"/>
<path fill="#FBC22B" opacity="1.000000" stroke="none" 
	d="
M464.028320,675.039185 
	C464.921356,674.124878 465.902069,673.321777 467.181946,672.403198 
	C467.667603,672.381836 467.854065,672.475952 468.196259,672.841553 
	C468.375946,673.805603 468.012207,674.272217 467.221985,674.823242 
	C466.977722,675.013855 466.999481,674.999878 467.008636,674.990662 
	C466.449036,675.539856 465.772461,675.782593 464.634308,675.525635 
	C464.291229,675.372681 464.116058,675.150269 464.028320,675.039185 
z"/>
<path fill="#9F270D" opacity="1.000000" stroke="none" 
	d="
M500.589050,835.973633 
	C499.283539,837.235718 497.400024,836.828674 495.240723,836.402588 
	C496.685944,836.093689 498.424408,835.984375 500.589050,835.973633 
z"/>
<path fill="#6E6D6F" opacity="1.000000" stroke="none" 
	d="
M107.067398,507.497589 
	C107.055939,507.088165 107.501198,506.984985 107.724327,507.033478 
	C107.723663,508.855377 108.527061,510.695801 107.588638,512.555359 
	C106.370758,511.039276 107.237923,509.414062 107.067398,507.497589 
z"/>
<path fill="#6E6D6F" opacity="1.000000" stroke="none" 
	d="
M919.831299,452.822510 
	C918.449524,451.936798 918.829651,450.626892 919.438721,449.181549 
	C920.515869,450.273651 919.851868,451.433228 919.831299,452.822510 
z"/>
<path fill="#6E6D6F" opacity="1.000000" stroke="none" 
	d="
M560.700684,903.861450 
	C561.248474,902.003967 562.531311,903.565918 564.148987,902.791931 
	C562.888306,904.369202 561.903320,903.794250 560.700684,903.861450 
z"/>
<path fill="#DDDEDE" opacity="1.000000" stroke="none" 
	d="
M121.701187,766.855835 
	C121.863632,768.095398 121.863632,769.062744 121.863632,770.952209 
	C120.969070,768.883240 120.787231,767.735779 121.701187,766.855835 
z"/>
<path fill="#6E6D6F" opacity="1.000000" stroke="none" 
	d="
M484.874359,66.487976 
	C484.018036,66.620628 482.901215,66.620628 481.784424,66.620628 
	C481.784088,66.532188 481.783752,66.443756 481.783417,66.355316 
	C482.726898,66.355316 483.670410,66.355316 484.874359,66.487976 
z"/>
<path fill="#6E6D6F" opacity="1.000000" stroke="none" 
	d="
M467.308441,903.008606 
	C468.444702,903.043213 469.228058,903.118469 470.011414,903.193665 
	C468.906494,903.896851 467.803192,904.372009 466.594635,903.639221 
	C466.548187,903.611023 466.542542,903.414978 466.590240,903.353455 
	C466.685303,903.231262 466.830841,903.148315 467.308441,903.008606 
z"/>
<path fill="#D64D08" opacity="1.000000" stroke="none" 
	d="
M400.532654,827.971924 
	C401.436066,826.705505 402.985992,827.136169 404.823303,827.254395 
	C403.756104,827.604004 402.323273,827.827576 400.532654,827.971924 
z"/>
<path fill="#9F270D" opacity="1.000000" stroke="none" 
	d="
M505.460541,838.022339 
	C504.860260,837.585083 504.595703,837.065857 504.157593,836.307739 
	C504.938507,835.835510 505.970551,835.512207 506.675934,836.415283 
	C506.811462,836.588867 506.111053,837.415283 505.460541,838.022339 
z"/>
<path fill="#9F270D" opacity="1.000000" stroke="none" 
	d="
M566.988281,688.629639 
	C565.988220,688.917786 565.098816,688.597290 564.604126,687.657471 
	C564.552612,687.559631 564.867004,687.105347 565.056274,687.072449 
	C566.002258,686.907471 566.486755,687.607544 566.988281,688.629639 
z"/>
<path fill="#EF8E08" opacity="1.000000" stroke="none" 
	d="
M427.655243,674.331299 
	C427.869537,675.387085 427.957275,676.715759 427.998535,678.440796 
	C427.810944,677.426147 427.669800,676.015137 427.655243,674.331299 
z"/>
<path fill="#501704" opacity="1.000000" stroke="none" 
	d="
M296.670319,609.979492 
	C296.997894,610.741394 296.999023,611.501648 297.002350,612.642944 
	C295.992279,612.180359 293.804077,611.591858 296.670319,609.979492 
z"/>
<path fill="#501704" opacity="1.000000" stroke="none" 
	d="
M601.228149,466.818481 
	C600.674072,467.552582 600.165039,468.006897 599.523438,467.398895 
	C599.399719,467.281677 599.468384,466.740448 599.630737,466.583282 
	C600.144348,466.086121 600.744446,465.922150 601.228149,466.818481 
z"/>
<path fill="#FDE7A6" opacity="1.000000" stroke="none" 
	d="
M351.722076,605.262329 
	C351.294006,604.619812 351.260162,604.088623 351.192474,603.151611 
	C351.152771,602.551270 351.218933,602.385681 351.469452,602.178833 
	C351.837311,602.121521 352.092865,602.134338 352.731873,602.161865 
	C353.977417,603.615723 353.875732,604.753662 351.722076,605.262329 
z"/>
<path fill="#EA971B" opacity="1.000000" stroke="none" 
	d="
M274.004089,617.979248 
	C275.350739,616.634949 276.875427,616.734070 278.471588,618.041626 
	C277.286865,619.220459 276.107635,618.593384 274.579407,618.323853 
	C274.238525,618.192627 274.080109,618.052673 274.004089,617.979248 
z"/>
<path fill="#6E6D6F" opacity="1.000000" stroke="none" 
	d="
M586.848694,475.030945 
	C587.681519,474.133331 588.608276,473.521606 590.074097,472.554016 
	C589.975891,474.409271 588.954834,474.769348 587.807190,475.402313 
	C587.313232,475.470245 587.127930,475.393524 586.848694,475.030945 
z"/>
<path fill="#BD330C" opacity="1.000000" stroke="none" 
	d="
M119.460815,508.344818 
	C120.402664,509.355499 120.074272,510.846985 120.027161,512.658936 
	C119.030914,511.682068 119.269073,510.174255 119.460815,508.344818 
z"/>
<path fill="#FBC22B" opacity="1.000000" stroke="none" 
	d="
M492.643616,643.014404 
	C493.285156,644.702209 492.155304,645.559631 490.455627,646.385620 
	C490.833008,645.355896 491.580536,644.231079 492.643616,643.014404 
z"/>
<path fill="#DDDEDE" opacity="1.000000" stroke="none" 
	d="
M584.468384,476.897400 
	C583.633301,477.746704 582.669373,478.376190 581.358032,479.008179 
	C581.010559,479.010742 580.815430,478.852753 580.712524,478.773834 
	C581.584839,478.029449 582.559937,477.363983 583.817200,476.463379 
	C584.179504,476.377991 584.259583,476.527771 584.468384,476.897400 
z"/>
<path fill="#6E6D6F" opacity="1.000000" stroke="none" 
	d="
M558.196289,695.227783 
	C556.966736,694.695557 555.494385,694.146240 556.094849,693.138062 
	C556.647034,692.210815 557.747314,693.061096 558.535889,694.143921 
	C558.680237,694.683105 558.642273,694.952515 558.196289,695.227783 
z"/>
<path fill="#6E6D6F" opacity="1.000000" stroke="none" 
	d="
M504.144531,586.459839 
	C504.322937,585.786621 504.765320,585.312439 505.446289,584.761719 
	C505.912384,584.750427 506.139954,584.815735 506.557434,585.181152 
	C506.288361,586.003784 505.829376,586.526367 505.111389,587.098999 
	C504.704437,586.985657 504.556488,586.822266 504.144531,586.459839 
z"/>
<path fill="#DDDEDE" opacity="1.000000" stroke="none" 
	d="
M638.475464,472.293671 
	C637.888489,473.054779 637.211792,473.588531 636.292419,474.338440 
	C635.922546,474.441040 635.795288,474.327454 635.425903,474.131042 
	C635.868835,473.401642 636.553772,472.755127 637.579468,472.012848 
	C637.920166,471.917084 638.385681,472.066315 638.475464,472.293671 
z"/>
<path fill="#F26F06" opacity="1.000000" stroke="none" 
	d="
M161.508636,663.216553 
	C162.680359,663.158875 163.029282,664.054871 163.061096,665.507202 
	C162.588409,665.038757 162.106110,664.256592 161.508636,663.216553 
z"/>
<path fill="#BD330C" opacity="1.000000" stroke="none" 
	d="
M119.755219,474.242188 
	C119.949150,475.082672 119.961975,476.224060 119.819702,477.668884 
	C119.041031,476.844879 119.276413,475.694824 119.755219,474.242188 
z"/>
<path fill="#FCCE53" opacity="1.000000" stroke="none" 
	d="
M658.774658,589.935303 
	C658.681213,591.081604 657.724609,591.633179 656.323730,592.057373 
	C656.362854,590.840332 657.453064,590.454590 658.774658,589.935303 
z"/>
<path fill="#FBF2D4" opacity="1.000000" stroke="none" 
	d="
M524.638306,590.168213 
	C524.418762,589.331970 524.897400,588.708252 525.878052,588.334106 
	C526.468323,589.436035 526.136658,590.044434 524.638306,590.168213 
z"/>
<path fill="#6E6D6F" opacity="1.000000" stroke="none" 
	d="
M628.312683,480.981720 
	C627.812927,480.009521 628.654846,479.599365 629.507141,478.911591 
	C629.963562,478.854279 630.127686,478.911713 630.368042,479.218506 
	C629.821533,479.952087 629.198730,480.436310 628.312683,480.981720 
z"/>
<path fill="#9F270D" opacity="1.000000" stroke="none" 
	d="
M567.084351,688.900024 
	C567.900879,689.086121 568.683777,689.314148 569.675903,689.775879 
	C569.814148,690.188416 569.743103,690.367371 569.397827,690.636841 
	C568.481567,690.337158 567.839600,689.947021 567.090637,689.291382 
	C566.983704,689.025879 567.050720,688.941895 567.084351,688.900024 
z"/>
<path fill="#501704" opacity="1.000000" stroke="none" 
	d="
M596.611694,469.326294 
	C596.416626,468.546295 596.731567,468.288635 597.310120,468.368805 
	C597.435120,468.386108 597.625793,468.571075 597.633057,468.688263 
	C597.669250,469.275482 597.369934,469.556885 596.611694,469.326294 
z"/>
<path fill="#501704" opacity="1.000000" stroke="none" 
	d="
M549.729126,696.522217 
	C550.185608,696.577515 550.462524,696.803894 550.739380,697.030273 
	C550.557556,697.209229 550.375732,697.388123 550.193848,697.567017 
	C549.979126,697.275818 549.764282,696.984558 549.729126,696.522217 
z"/>
<path fill="#090605" opacity="1.000000" stroke="none" 
	d="
M382.856628,205.862549 
	C382.593140,206.468643 382.148285,206.830063 381.407104,207.236542 
	C381.222565,206.341751 380.861023,204.956818 382.856628,205.862549 
z"/>
<path fill="#6E6D6F" opacity="1.000000" stroke="none" 
	d="
M353.003845,520.182373 
	C352.097748,519.829529 351.453613,519.398315 350.655396,518.715332 
	C350.570129,518.286865 350.638916,518.110107 350.975922,517.838257 
	C351.874451,518.183350 352.504791,518.623474 353.275085,519.320679 
	C353.365295,519.753174 353.315552,519.928589 353.003845,520.182373 
z"/>
<path fill="#F26505" opacity="1.000000" stroke="none" 
	d="
M544.831787,836.874268 
	C545.006348,837.164612 545.001953,837.334534 544.991394,837.759399 
	C544.433594,837.832458 543.881958,837.650513 543.165771,837.221497 
	C543.551697,836.900879 544.102295,836.827332 544.831787,836.874268 
z"/>
<path fill="#F26505" opacity="1.000000" stroke="none" 
	d="
M127.719040,420.201721 
	C128.014832,421.148376 128.237961,422.388580 127.270905,423.766632 
	C127.161369,422.830170 127.326637,421.654144 127.719040,420.201721 
z"/>
<path fill="#EB9112" opacity="1.000000" stroke="none" 
	d="
M329.295593,739.971924 
	C329.316071,739.340698 329.566498,738.569275 329.864685,737.495300 
	C330.768280,738.216736 330.629700,739.095032 329.295593,739.971924 
z"/>
<path fill="#EB9112" opacity="1.000000" stroke="none" 
	d="
M312.576965,739.570068 
	C313.421234,738.895569 314.395599,739.130310 315.561188,739.937988 
	C314.803925,740.013367 313.802460,739.903320 312.576965,739.570068 
z"/>
<path fill="#F98C08" opacity="1.000000" stroke="none" 
	d="
M280.303955,748.206421 
	C281.042694,746.722473 282.267090,746.799011 283.781433,747.728394 
	C283.352325,748.138794 282.713440,748.292114 281.744171,748.428833 
	C281.147186,748.428223 280.880524,748.444275 280.303955,748.206421 
z"/>
<path fill="#CD4010" opacity="1.000000" stroke="none" 
	d="
M907.823608,532.605469 
	C906.777588,531.832764 906.883545,530.638123 907.760620,529.211487 
	C907.990967,530.077637 907.981018,531.152527 907.823608,532.605469 
z"/>
<path fill="#F6A110" opacity="1.000000" stroke="none" 
	d="
M800.052368,756.475952 
	C801.119324,756.093628 802.442505,755.678101 803.750610,757.013733 
	C802.704346,757.163391 801.483826,756.972168 800.052368,756.475952 
z"/>
<path fill="#F8F7F4" opacity="1.000000" stroke="none" 
	d="
M466.924927,489.121246 
	C466.322052,488.065460 465.743256,486.917450 466.911530,486.534454 
	C468.025635,486.169220 467.857422,487.398773 467.878265,488.546600 
	C467.605225,489.086761 467.406921,489.200073 466.924927,489.121246 
z"/>
<path fill="#DDDEDE" opacity="1.000000" stroke="none" 
	d="
M466.526001,489.257874 
	C466.897736,488.839539 467.156097,488.833771 467.609924,488.942657 
	C467.884369,489.670715 468.387299,490.620453 467.417725,490.891327 
	C466.682587,491.096680 466.595306,490.159058 466.526001,489.257874 
z"/>
<path fill="#501704" opacity="1.000000" stroke="none" 
	d="
M738.229736,710.311279 
	C739.187317,710.156189 740.427002,710.257080 741.976196,710.573975 
	C741.003784,711.120300 739.738953,711.162964 738.229736,710.311279 
z"/>
<path fill="#EB9112" opacity="1.000000" stroke="none" 
	d="
M339.139832,696.602295 
	C339.111786,696.012024 339.298676,695.193298 339.746613,694.187073 
	C339.790070,694.791016 339.572418,695.582336 339.139832,696.602295 
z"/>
<path fill="#F47C05" opacity="1.000000" stroke="none" 
	d="
M791.053467,850.443481 
	C791.815796,850.056702 792.823242,849.888062 793.901733,850.940613 
	C793.176819,851.069885 792.233459,850.892517 791.053467,850.443481 
z"/>
<path fill="#DDDEDE" opacity="1.000000" stroke="none" 
	d="
M746.795532,159.220886 
	C748.167603,159.058304 748.111816,159.837830 747.884399,160.640671 
	C747.822388,160.859619 747.496033,161.003708 747.290955,161.182129 
	C747.066467,160.593231 746.841980,160.004349 746.795532,159.220886 
z"/>
<path fill="#8A1101" opacity="1.000000" stroke="none" 
	d="
M879.384155,534.070068 
	C879.241211,533.391785 879.333557,532.441284 879.692505,531.252441 
	C879.846008,531.942017 879.732727,532.869934 879.384155,534.070068 
z"/>
<path fill="#D64D08" opacity="1.000000" stroke="none" 
	d="
M279.681152,747.989258 
	C280.237488,748.006714 280.480988,748.061035 281.069153,748.263794 
	C280.520508,748.617615 279.627228,748.822998 278.393188,748.960327 
	C278.052490,748.892395 278.066040,748.506592 278.091187,748.316284 
	C278.533691,748.092651 278.950989,748.059387 279.681152,747.989258 
z"/>
<path fill="#F1A952" opacity="1.000000" stroke="none" 
	d="
M418.673401,705.952393 
	C418.528717,706.573120 418.018494,707.200684 417.219147,707.929260 
	C416.389069,706.674438 417.595734,706.481384 418.673401,705.952393 
z"/>
<path fill="#FBC82A" opacity="1.000000" stroke="none" 
	d="
M564.720276,651.047180 
	C565.253113,652.066589 564.797546,652.754272 563.421265,653.108826 
	C563.521912,652.445557 563.972656,651.782410 564.720276,651.047180 
z"/>
<path fill="#6E6D6F" opacity="1.000000" stroke="none" 
	d="
M390.919983,202.646393 
	C390.420776,202.806900 390.113037,202.717575 389.327362,202.678802 
	C389.365753,202.131180 389.794373,201.179245 390.420593,201.023880 
	C391.212830,200.827362 391.221069,201.739960 390.919983,202.646393 
z"/>
<path fill="#501704" opacity="1.000000" stroke="none" 
	d="
M569.731323,210.886749 
	C569.919922,211.569778 570.216248,212.461136 569.313110,212.158737 
	C568.797607,211.986084 568.892639,211.121109 569.731323,210.886749 
z"/>
<path fill="#501704" opacity="1.000000" stroke="none" 
	d="
M543.723877,256.958984 
	C543.468262,256.617371 543.408447,256.309967 543.295776,255.537399 
	C543.663330,255.643890 545.724426,255.637466 543.723877,256.958984 
z"/>
<path fill="#090605" opacity="1.000000" stroke="none" 
	d="
M362.685791,82.107819 
	C363.543549,82.836296 362.847382,82.868515 362.476807,82.896057 
	C362.234131,82.914093 361.970581,82.651253 361.716400,82.514214 
	C361.963562,82.366470 362.210724,82.218719 362.685791,82.107819 
z"/>
<path fill="#EA971B" opacity="1.000000" stroke="none" 
	d="
M278.927246,618.095215 
	C279.705688,618.369080 280.402100,618.742249 281.262146,619.370300 
	C281.425720,619.625122 281.151337,619.856628 281.011292,619.968872 
	C279.836792,620.407288 279.272614,619.805603 278.739868,618.712097 
	C278.682892,618.394531 278.845276,618.194519 278.927246,618.095215 
z"/>
<path fill="#EE6102" opacity="1.000000" stroke="none" 
	d="
M201.464264,862.288940 
	C201.574081,861.036865 202.623444,861.012024 204.115509,861.102173 
	C203.624557,861.519409 202.729752,861.905334 201.464264,862.288940 
z"/>
<path fill="#F47C05" opacity="1.000000" stroke="none" 
	d="
M797.744873,852.332703 
	C798.492554,852.231689 799.536560,852.388672 800.828857,852.858887 
	C800.065186,852.978394 799.053101,852.784546 797.744873,852.332703 
z"/>
<path fill="#EB9112" opacity="1.000000" stroke="none" 
	d="
M629.617676,665.401611 
	C629.008911,664.886841 628.530457,664.241333 628.018066,663.291565 
	C627.984192,662.987244 628.140137,662.841431 628.221497,662.772339 
	C628.504211,662.684448 628.705627,662.665649 629.181152,662.778748 
	C629.927734,663.328613 630.224609,663.841614 630.150269,664.737244 
	C629.999207,665.000793 629.747864,665.270935 629.617676,665.401611 
z"/>
<path fill="#FBC82A" opacity="1.000000" stroke="none" 
	d="
M570.786621,638.203003 
	C571.248352,638.924255 571.203003,639.840698 570.256165,640.841309 
	C570.155029,640.168701 570.352539,639.307007 570.786621,638.203003 
z"/>
<path fill="#FBC22B" opacity="1.000000" stroke="none" 
	d="
M496.803436,640.061707 
	C496.153137,640.570374 495.501465,640.842773 494.496216,641.140808 
	C494.529541,640.485107 494.916443,639.803772 495.570496,638.986206 
	C495.837677,638.849915 496.169464,639.155396 496.335510,639.307983 
	C496.501556,639.460510 496.802032,639.825378 496.803436,640.061707 
z"/>
<path fill="#F26505" opacity="1.000000" stroke="none" 
	d="
M140.969879,580.681030 
	C140.080414,580.454224 139.960403,579.587036 139.980957,578.331909 
	C140.330811,578.781860 140.661880,579.568420 140.969879,580.681030 
z"/>
<path fill="#501704" opacity="1.000000" stroke="none" 
	d="
M548.113159,258.218628 
	C548.458252,258.096924 548.886475,258.245636 549.314636,258.394318 
	C548.994995,259.053314 548.591858,258.726471 548.113159,258.218628 
z"/>
<path fill="#F59D0E" opacity="1.000000" stroke="none" 
	d="
M435.388275,825.586670 
	C435.568237,825.367981 436.040161,825.248657 436.673981,825.240356 
	C436.450653,825.463074 436.065460,825.574585 435.388275,825.586670 
z"/>
<path fill="#DDDEDE" opacity="1.000000" stroke="none" 
	d="
M745.916260,157.486389 
	C746.917358,157.045074 747.062744,157.629105 746.982910,158.692551 
	C746.973633,159.026306 747.022217,158.973419 747.044189,158.944550 
	C746.038452,159.476059 746.110657,158.467331 745.916260,157.486389 
z"/>
<path fill="#501704" opacity="1.000000" stroke="none" 
	d="
M704.130859,718.299133 
	C704.437378,718.091675 704.911194,718.069458 705.723755,718.166626 
	C705.530701,718.853760 704.946655,718.955078 704.130859,718.299133 
z"/>
<path fill="#F47C05" opacity="1.000000" stroke="none" 
	d="
M282.860809,737.704346 
	C282.406097,737.865967 281.897614,737.716309 281.229279,737.349854 
	C281.648651,737.219727 282.227814,737.306335 282.860809,737.704346 
z"/>
<path fill="#DDDEDE" opacity="1.000000" stroke="none" 
	d="
M740.140808,147.755951 
	C739.963684,147.142853 740.320435,146.691528 740.677246,146.240204 
	C740.676392,146.799377 740.675537,147.358551 740.140808,147.755951 
z"/>
<path fill="#6E6D6F" opacity="1.000000" stroke="none" 
	d="
M559.820190,696.342957 
	C559.104187,696.162476 558.597229,695.936523 557.939331,695.472046 
	C557.933594,695.087585 558.078857,694.941467 558.471191,694.604553 
	C559.130127,694.735107 559.541992,695.056519 560.041443,695.629639 
	C560.129028,695.881287 560.029236,696.297424 559.820190,696.342957 
z"/>
<path fill="#6E6D6F" opacity="1.000000" stroke="none" 
	d="
M586.202271,475.975159 
	C585.897522,476.603455 585.502075,476.905640 584.851868,477.162537 
	C584.413086,477.025665 584.229004,476.934113 584.072144,476.535370 
	C584.436340,475.966492 584.773254,475.704803 585.318970,475.374634 
	C585.722290,475.420471 585.916870,475.534790 586.202271,475.975159 
z"/>
<path fill="#EE6102" opacity="1.000000" stroke="none" 
	d="
M166.288391,778.595825 
	C165.947525,778.486389 165.513168,778.097656 165.035172,777.397461 
	C165.392654,777.496216 165.793762,777.906372 166.288391,778.595825 
z"/>
<path fill="#FBC22B" opacity="1.000000" stroke="none" 
	d="
M493.908173,641.269653 
	C493.954315,641.679443 493.738068,642.241760 493.218506,642.897217 
	C493.158691,642.467651 493.402222,641.944885 493.908173,641.269653 
z"/>
<path fill="#170C08" opacity="1.000000" stroke="none" 
	d="
M555.208191,701.251099 
	C555.678589,701.096558 556.219360,701.271240 556.834351,701.778687 
	C556.365173,701.934326 555.821899,701.757324 555.208191,701.251099 
z"/>
<path fill="#BD330C" opacity="1.000000" stroke="none" 
	d="
M569.357666,690.886475 
	C569.215088,690.497620 569.365784,690.317383 569.730469,690.098022 
	C570.207397,690.140381 570.529663,690.271240 570.992004,690.626343 
	C571.132141,690.850586 570.884521,691.152344 570.761963,691.307495 
	C570.290222,691.323608 569.940979,691.184631 569.357666,690.886475 
z"/>
<path fill="#170C08" opacity="1.000000" stroke="none" 
	d="
M558.137695,703.188599 
	C558.489197,703.081482 558.909729,703.246155 559.330322,703.410828 
	C558.983337,704.051697 558.594666,703.748047 558.137695,703.188599 
z"/>
<path fill="#6E6D6F" opacity="1.000000" stroke="none" 
	d="
M441.514923,202.288910 
	C441.122009,201.987900 441.052063,201.832687 440.928040,201.427933 
	C441.359680,201.068176 441.845428,200.957993 442.695007,200.955627 
	C442.972168,201.208694 442.885406,201.353928 442.932434,201.714798 
	C442.743927,202.310745 442.334442,202.478790 441.514923,202.288910 
z"/>
<path fill="#F7F6F3" opacity="1.000000" stroke="none" 
	d="
M444.372498,205.066986 
	C444.011536,204.912384 444.007935,204.529068 444.012665,204.337463 
	C444.733002,203.493561 445.412140,203.547638 446.008484,204.647675 
	C445.959167,205.044205 446.014160,204.972504 446.033997,204.931946 
	C445.715088,205.406723 445.275208,205.517746 444.372498,205.066986 
z"/>
<path fill="#501704" opacity="1.000000" stroke="none" 
	d="
M547.939392,258.063019 
	C547.437073,257.959076 546.750061,258.223999 546.634399,257.419708 
	C547.009949,257.445160 547.385498,257.470612 547.895569,257.722107 
	C548.030090,257.948212 547.971497,258.026245 547.939392,258.063019 
z"/>
<path fill="#D64D08" opacity="1.000000" stroke="none" 
	d="
M297.657776,716.197144 
	C297.841156,716.518799 297.839661,717.037048 297.655212,717.749878 
	C297.472443,717.427612 297.472656,716.910645 297.657776,716.197144 
z"/>
<path fill="#CD4010" opacity="1.000000" stroke="none" 
	d="
M214.490616,613.195801 
	C214.857468,613.088318 215.025330,613.060120 215.382202,613.203369 
	C215.210754,613.726318 214.850266,614.077820 214.269440,614.255127 
	C214.003479,613.774109 214.084320,613.505493 214.490616,613.195801 
z"/>
<path fill="#FBF2D4" opacity="1.000000" stroke="none" 
	d="
M536.132996,581.110352 
	C536.521667,580.694397 536.971741,580.363281 537.712158,580.051758 
	C538.002502,580.071289 538.093018,580.179626 538.132812,580.237915 
	C538.089783,581.028809 537.632568,581.381348 536.639160,581.428528 
	C536.330566,581.354370 536.194397,581.195190 536.132996,581.110352 
z"/>
<path fill="#F47C05" opacity="1.000000" stroke="none" 
	d="
M794.629272,851.382446 
	C795.112976,851.231018 795.834839,851.367554 796.797546,851.788330 
	C796.314697,851.938477 795.591064,851.804382 794.629272,851.382446 
z"/>
<path fill="#EB9112" opacity="1.000000" stroke="none" 
	d="
M681.916016,589.654846 
	C681.429321,589.800781 680.790955,589.639038 679.977539,589.170288 
	C680.456360,589.024597 681.110352,589.185852 681.916016,589.654846 
z"/>
<path fill="#F8DA7B" opacity="1.000000" stroke="none" 
	d="
M707.998535,593.989380 
	C708.084656,593.365417 708.289185,592.836731 708.727722,592.137329 
	C708.961731,591.966553 709.177551,592.169739 709.285034,592.271790 
	C709.595886,593.031555 709.439514,593.594971 708.651367,594.172241 
	C708.354675,594.273865 708.116882,594.084717 707.998535,593.989380 
z"/>
<path fill="#F47C05" opacity="1.000000" stroke="none" 
	d="
M839.671265,864.381531 
	C840.149109,864.270874 840.885437,864.431580 841.852417,864.900513 
	C841.365295,865.023438 840.647583,864.838135 839.671265,864.381531 
z"/>
<path fill="#FCCE53" opacity="1.000000" stroke="none" 
	d="
M647.926453,602.266235 
	C648.002625,602.698792 647.809448,603.280518 647.304382,603.950012 
	C647.214050,603.496948 647.435608,602.956238 647.926453,602.266235 
z"/>
<path fill="#F1A952" opacity="1.000000" stroke="none" 
	d="
M761.162476,656.602295 
	C760.737244,656.758423 760.238892,656.698608 759.740479,656.638855 
	C759.917908,656.461487 760.095276,656.284119 760.527283,656.078369 
	C760.781921,656.049988 761.089355,656.386475 761.162476,656.602295 
z"/>
<path fill="#FBC82A" opacity="1.000000" stroke="none" 
	d="
M561.012634,654.582520 
	C561.702637,655.417236 561.156982,655.788025 559.993408,656.024658 
	C559.987000,655.584717 560.360291,655.136841 561.012634,654.582520 
z"/>
<path fill="#DDDEDE" opacity="1.000000" stroke="none" 
	d="
M743.835938,106.283569 
	C744.792114,106.081543 745.146240,106.527267 744.921021,107.297455 
	C744.849976,107.540482 744.493042,107.699936 744.266968,107.897652 
	C744.075073,107.446396 743.883118,106.995140 743.835938,106.283569 
z"/>
<path fill="#CD4010" opacity="1.000000" stroke="none" 
	d="
M213.348602,615.909912 
	C213.196869,615.461853 213.348862,614.882019 213.786072,614.174988 
	C214.543579,614.772766 214.046066,615.262878 213.348602,615.909912 
z"/>
<path fill="#501704" opacity="1.000000" stroke="none" 
	d="
M298.033966,614.294556 
	C298.312836,614.476501 298.626923,614.953003 298.974243,615.725952 
	C298.694733,615.544617 298.381958,615.066895 298.033966,614.294556 
z"/>
<path fill="#FBC82A" opacity="1.000000" stroke="none" 
	d="
M562.850708,653.107727 
	C563.151672,653.811584 562.938416,654.388123 561.834229,654.438721 
	C561.883911,653.909485 562.236084,653.526245 562.850708,653.107727 
z"/>
<path fill="#F7850A" opacity="1.000000" stroke="none" 
	d="
M571.345459,876.162720 
	C571.425293,875.844421 571.758911,875.477295 572.355103,875.069153 
	C572.278198,875.390015 571.938782,875.751953 571.345459,876.162720 
z"/>
<path fill="#F8DA7B" opacity="1.000000" stroke="none" 
	d="
M510.940674,618.939514 
	C511.086426,618.359375 511.359192,617.884705 512.040894,617.552856 
	C512.447449,618.182068 512.283630,618.609741 511.652008,619.119873 
	C511.324036,619.253296 511.067688,619.045044 510.940674,618.939514 
z"/>
<path fill="#F7850A" opacity="1.000000" stroke="none" 
	d="
M567.400391,879.207275 
	C567.518005,878.869141 567.920288,878.468628 568.625610,878.024719 
	C568.514160,878.369080 568.099609,878.756958 567.400391,879.207275 
z"/>
<path fill="#6E6D6F" opacity="1.000000" stroke="none" 
	d="
M659.775024,81.301888 
	C659.870728,81.991226 660.229553,83.073555 659.247314,82.560356 
	C658.561768,82.202171 658.913391,81.476952 659.775024,81.301888 
z"/>
<path fill="#FBC82A" opacity="1.000000" stroke="none" 
	d="
M571.642090,635.747681 
	C571.797424,636.206360 571.682983,636.903625 571.284058,637.823853 
	C571.123901,637.359924 571.248108,636.673157 571.642090,635.747681 
z"/>
<path fill="#170C08" opacity="1.000000" stroke="none" 
	d="
M570.710327,531.020691 
	C570.622253,531.395203 570.148987,531.715149 569.290039,531.979919 
	C569.377869,531.605164 569.851562,531.285706 570.710327,531.020691 
z"/>
<path fill="#FCA725" opacity="1.000000" stroke="none" 
	d="
M539.607117,538.992065 
	C539.215027,539.026306 538.655884,538.802795 537.957764,538.296997 
	C538.359253,538.254639 538.899658,538.494507 539.607117,538.992065 
z"/>
<path fill="#FCCE53" opacity="1.000000" stroke="none" 
	d="
M574.849487,671.836548 
	C574.981995,672.344727 574.964111,672.683472 574.950562,673.274292 
	C574.568970,673.274353 574.183044,673.022278 573.721375,672.540649 
	C573.645630,672.311096 573.951538,672.031799 574.102539,671.890015 
	C574.253540,671.748230 574.699158,671.667236 574.849487,671.836548 
z"/>
<path fill="#6E6D6F" opacity="1.000000" stroke="none" 
	d="
M356.723999,523.492554 
	C356.023895,523.272888 355.572510,522.947449 354.997192,522.371216 
	C354.873322,522.120422 355.061035,521.697754 355.279907,521.623169 
	C355.959717,521.828857 356.420654,522.109192 357.008789,522.630554 
	C357.081543,523.043274 357.027100,523.215027 356.723999,523.492554 
z"/>
<path fill="#F47C05" opacity="1.000000" stroke="none" 
	d="
M663.688843,519.192383 
	C663.408569,519.468262 662.813477,519.670959 661.897705,519.792480 
	C662.176025,519.513855 662.774963,519.316528 663.688843,519.192383 
z"/>
<path fill="#DDDEDE" opacity="1.000000" stroke="none" 
	d="
M740.009338,149.441528 
	C740.353333,149.196075 740.644592,149.450241 740.935791,149.704437 
	C740.609375,149.783356 740.283020,149.862259 740.009338,149.441528 
z"/>
<path fill="#501704" opacity="1.000000" stroke="none" 
	d="
M570.437805,214.507355 
	C570.403564,214.446640 570.472046,214.568054 570.437805,214.507355 
z"/>
<path fill="#F47C05" opacity="1.000000" stroke="none" 
	d="
M492.851105,904.375427 
	C493.071472,904.290649 493.431488,904.485718 493.933350,904.965698 
	C493.713684,905.052124 493.352203,904.853699 492.851105,904.375427 
z"/>
<path fill="#DDDEDE" opacity="1.000000" stroke="none" 
	d="
M744.046387,105.932175 
	C743.818604,105.930977 743.570557,105.980545 743.324219,105.973351 
	C743.284546,105.972191 743.252258,105.718117 743.216553,105.580956 
	C743.438477,105.531006 743.660461,105.481049 743.931519,105.727173 
	C743.980713,106.023254 744.026794,105.964104 744.046387,105.932175 
z"/>
<path fill="#AA290A" opacity="1.000000" stroke="none" 
	d="
M405.170410,99.514023 
	C404.933350,99.607620 404.619965,99.456268 404.272705,99.028778 
	C404.523926,98.924789 404.809021,99.096924 405.170410,99.514023 
z"/>
<path fill="#DDDEDE" opacity="1.000000" stroke="none" 
	d="
M745.750000,157.261581 
	C745.486450,157.015915 745.320374,156.666824 745.154297,156.317734 
	C745.409241,156.337677 745.664185,156.357605 745.981323,156.664917 
	C746.043579,156.952301 745.847473,157.158157 745.750000,157.261581 
z"/>
<path fill="#F7850A" opacity="1.000000" stroke="none" 
	d="
M570.302002,877.033936 
	C570.248413,876.826355 570.461487,876.542236 570.933472,876.170044 
	C570.984436,876.373718 570.776550,876.665527 570.302002,877.033936 
z"/>
<path fill="#9F270D" opacity="1.000000" stroke="none" 
	d="
M456.932373,836.406433 
	C456.860382,836.609436 456.666656,836.681458 456.176453,836.666443 
	C456.190216,836.478088 456.500427,836.376709 456.932373,836.406433 
z"/>
<path fill="#AA290A" opacity="1.000000" stroke="none" 
	d="
M404.151276,98.514709 
	C403.926025,98.611984 403.610443,98.468338 403.237854,98.055672 
	C403.474182,97.949036 403.767578,98.111412 404.151276,98.514709 
z"/>
<path fill="#6E6D6F" opacity="1.000000" stroke="none" 
	d="
M472.471375,904.509521 
	C472.497131,904.520874 472.445587,904.498108 472.471375,904.509521 
z"/>
<path fill="#DDDEDE" opacity="1.000000" stroke="none" 
	d="
M739.956543,147.952209 
	C740.073975,148.070709 740.065918,148.506287 740.063965,148.724106 
	C740.062073,148.941925 739.858887,149.146835 739.759399,149.252457 
	C739.046326,149.056046 738.670898,148.658768 739.350220,147.768219 
	C739.606873,147.594177 739.839172,147.833694 739.956543,147.952209 
z"/>
<path fill="#6E6D6F" opacity="1.000000" stroke="none" 
	d="
M660.259216,84.269699 
	C660.632690,84.228325 660.760254,84.413544 660.887817,84.598747 
	C660.596313,84.564590 660.304749,84.530434 660.259216,84.269699 
z"/>
<path fill="#AA290A" opacity="1.000000" stroke="none" 
	d="
M403.110229,97.567398 
	C402.894592,97.663025 402.583466,97.512886 402.186371,97.106956 
	C402.405151,97.007996 402.709961,97.164818 403.110229,97.567398 
z"/>
<path fill="#AA290A" opacity="1.000000" stroke="none" 
	d="
M402.035583,96.650131 
	C401.838287,96.739563 401.535522,96.589035 401.122192,96.202263 
	C401.317810,96.114075 401.623962,96.262123 402.035583,96.650131 
z"/>
<path fill="#BD330C" opacity="1.000000" stroke="none" 
	d="
M518.939087,88.735687 
	C518.725342,88.772995 518.459106,88.543587 518.132812,88.050415 
	C518.344055,88.014084 518.615295,88.241531 518.939087,88.735687 
z"/>
<path fill="#BD330C" opacity="1.000000" stroke="none" 
	d="
M414.969177,118.695114 
	C414.720734,118.686279 414.474182,118.361404 414.229187,117.718399 
	C414.477509,117.726540 414.724304,118.052803 414.969177,118.695114 
z"/>
<path fill="#F47C05" opacity="1.000000" stroke="none" 
	d="
M149.160370,782.008179 
	C149.359161,781.521545 149.660736,781.299866 149.749207,782.151367 
	C149.702759,782.344360 149.276962,782.200317 149.160370,782.008179 
z"/>
<path fill="#EE6102" opacity="1.000000" stroke="none" 
	d="
M163.997772,775.705444 
	C163.795486,775.767883 163.518936,775.575134 163.147552,775.141968 
	C163.342972,775.084412 163.633240,775.267273 163.997772,775.705444 
z"/>
<path fill="#EE6102" opacity="1.000000" stroke="none" 
	d="
M163.022369,774.685791 
	C162.813477,774.733704 162.528290,774.517761 162.165588,774.038818 
	C162.374084,773.991211 162.660095,774.206543 163.022369,774.685791 
z"/>
<path fill="#F26505" opacity="1.000000" stroke="none" 
	d="
M545.896973,854.335938 
	C546.129517,854.262390 546.431519,854.472961 546.845825,854.940918 
	C546.627502,855.005615 546.296936,854.812805 545.896973,854.335938 
z"/>
<path fill="#090605" opacity="1.000000" stroke="none" 
	d="
M289.542816,109.571213 
	C289.475128,109.616188 289.610504,109.526245 289.542816,109.571213 
z"/>
<path fill="#BD330C" opacity="1.000000" stroke="none" 
	d="
M734.888855,107.713745 
	C734.646179,107.739891 734.413635,107.490486 734.142822,106.981369 
	C734.369324,106.960495 734.634216,107.199341 734.888855,107.713745 
z"/>
<path fill="#6E6D6F" opacity="1.000000" stroke="none" 
	d="
M435.560699,201.962875 
	C435.891235,202.039078 435.963135,202.195435 436.074341,202.606934 
	C435.491211,202.937790 435.068939,202.815109 435.560699,201.962875 
z"/>
<path fill="#170C08" opacity="1.000000" stroke="none" 
	d="
M570.955688,530.939331 
	C571.064453,530.862549 571.243469,530.030701 571.230225,530.990479 
	C571.095459,531.075195 570.998840,530.988037 570.955688,530.939331 
z"/>
<path fill="#6E6D6F" opacity="1.000000" stroke="none" 
	d="
M506.925598,584.100586 
	C507.100983,583.663696 507.342499,583.467041 507.584015,583.270325 
	C507.659821,583.535217 507.735626,583.800049 507.646973,584.245850 
	C507.482544,584.426819 506.991760,584.340820 506.925598,584.100586 
z"/>
<path fill="#FBF2D4" opacity="1.000000" stroke="none" 
	d="
M239.468307,576.265747 
	C238.792084,575.606934 238.894623,575.187988 239.763977,574.980896 
	C240.479630,575.628845 240.380432,576.065430 239.468307,576.265747 
z"/>
<path fill="#FBF2D4" opacity="1.000000" stroke="none" 
	d="
M240.473938,575.265015 
	C240.201736,574.731567 240.307693,574.338013 240.773529,574.010132 
	C241.493912,574.614990 241.396912,575.057312 240.473938,575.265015 
z"/>
<path fill="#FBF2D4" opacity="1.000000" stroke="none" 
	d="
M241.453705,574.326904 
	C240.985794,572.980774 241.626434,572.881653 242.534393,573.563171 
	C242.317581,574.147827 242.086182,574.330688 241.453705,574.326904 
z"/>
<path fill="#FBC22B" opacity="1.000000" stroke="none" 
	d="
M467.627563,672.499695 
	C467.588715,672.023376 467.760712,671.811218 468.185730,671.566040 
	C468.374298,671.480774 468.760834,671.793640 468.945618,671.960022 
	C469.184479,672.548950 469.041687,672.888733 468.402649,673.126831 
	C467.993469,672.975769 467.883728,672.843689 467.627563,672.499695 
z"/>
<path fill="#CD4010" opacity="1.000000" stroke="none" 
	d="
M907.114319,537.865784 
	C906.976440,537.781982 906.968628,537.605835 907.028198,537.173828 
	C907.354309,537.157043 907.403931,537.442261 907.114319,537.865784 
z"/>
<path fill="#8A1101" opacity="1.000000" stroke="none" 
	d="
M150.004303,533.250854 
	C150.151382,533.258545 150.286270,533.514465 150.279572,533.872437 
	C150.137985,533.974426 149.992096,533.499146 150.004303,533.250854 
z"/>
<path fill="#170C08" opacity="1.000000" stroke="none" 
	d="
M569.044983,532.061646 
	C568.936157,532.140259 568.755066,532.968750 568.769714,532.009521 
	C568.904236,531.924683 569.001465,532.012634 569.044983,532.061646 
z"/>
<path fill="#FCCE53" opacity="1.000000" stroke="none" 
	d="
M575.613159,674.146362 
	C575.652100,674.088013 575.574280,674.146973 575.546570,674.132324 
	C575.518860,674.117676 575.574158,674.204651 575.613159,674.146362 
z"/>
<path fill="#6E6D6F" opacity="1.000000" stroke="none" 
	d="
M358.965210,525.170532 
	C359.122864,525.089172 359.252716,525.170837 359.382538,525.252502 
	C359.234161,525.279541 359.085815,525.306519 358.965210,525.170532 
z"/>
<path fill="#8A1101" opacity="1.000000" stroke="none" 
	d="
M149.003769,525.251831 
	C149.151810,525.263428 149.278854,525.522949 149.260345,525.881226 
	C149.114777,525.979919 148.982788,525.499878 149.003769,525.251831 
z"/>
<path fill="#6E6D6F" opacity="1.000000" stroke="none" 
	d="
M357.882019,523.901489 
	C358.427643,524.048401 358.697693,524.262939 358.980408,524.742554 
	C358.993011,525.007507 359.003967,524.995178 359.010986,524.985718 
	C358.639313,524.973328 358.260620,524.970398 357.666748,524.741211 
	C357.503204,524.333130 357.554840,524.151123 357.882019,523.901489 
z"/>
<path fill="#6E6D6F" opacity="1.000000" stroke="none" 
	d="
M357.633606,524.350464 
	C357.188507,524.362244 356.952087,524.175659 356.608826,523.776855 
	C356.475311,523.598389 356.784515,523.215881 356.960236,523.043701 
	C357.482971,522.924072 357.760071,523.092041 358.062378,523.604614 
	C358.157562,523.833801 357.815674,524.185913 357.633606,524.350464 
z"/>
<path fill="#6E6D6F" opacity="1.000000" stroke="none" 
	d="
M355.030884,521.978760 
	C354.518311,522.085266 354.237305,521.922424 353.923645,521.405945 
	C353.860962,521.018494 353.904846,520.856995 354.194885,520.646118 
	C354.749512,520.716370 355.013428,520.900085 355.365784,521.348145 
	C355.498779,521.548523 355.188477,521.837158 355.030884,521.978760 
z"/>
<path fill="#6E6D6F" opacity="1.000000" stroke="none" 
	d="
M353.246552,519.748413 
	C353.729187,519.703918 353.991821,519.899353 354.321960,520.380371 
	C354.441010,520.596680 354.128143,520.887268 353.972595,521.033630 
	C353.467316,521.140198 353.184204,520.981567 352.854767,520.482422 
	C352.741882,520.260803 353.078064,519.918945 353.246552,519.748413 
z"/>
<path fill="#501704" opacity="1.000000" stroke="none" 
	d="
M664.925781,518.736206 
	C664.860901,518.954468 664.690735,519.024902 664.252319,519.029297 
	C664.262878,518.838379 664.541687,518.713379 664.925781,518.736206 
z"/>
<path fill="#6E6D6F" opacity="1.000000" stroke="none" 
	d="
M350.690155,518.286743 
	C350.257874,518.129028 350.014374,517.794434 349.770874,517.459839 
	C350.135956,517.385437 350.501007,517.311035 351.055115,517.489868 
	C351.122375,517.865417 351.000671,517.987610 350.690155,518.286743 
z"/>
<path fill="#6E6D6F" opacity="1.000000" stroke="none" 
	d="
M348.260681,516.136230 
	C348.562531,515.984985 348.765747,516.302124 348.968933,516.619263 
	C348.699982,516.614380 348.431000,516.609497 348.260681,516.136230 
z"/>
<path fill="#6E6D6F" opacity="1.000000" stroke="none" 
	d="
M347.020935,515.264893 
	C347.356384,515.063904 347.700623,515.140747 348.202087,515.442749 
	C348.359344,515.667847 348.133545,515.875244 348.021301,515.979980 
	C347.615936,515.904053 347.322815,515.723389 347.020935,515.264893 
z"/>
<path fill="#8A1101" opacity="1.000000" stroke="none" 
	d="
M148.093109,515.260010 
	C148.510208,515.188538 148.612869,515.442078 148.306366,515.875366 
	C148.171890,515.969299 148.053391,515.499207 148.093109,515.260010 
z"/>
<path fill="#CD4010" opacity="1.000000" stroke="none" 
	d="
M212.303223,617.228394 
	C212.199921,617.017944 212.349121,616.648804 212.772095,616.150208 
	C212.882492,616.370422 212.719131,616.720093 212.303223,617.228394 
z"/>
<path fill="#FCBE32" opacity="1.000000" stroke="none" 
	d="
M297.631226,634.856445 
	C297.735809,635.108582 297.552582,635.430054 297.106171,635.861206 
	C297.009796,635.622559 297.176575,635.274170 297.631226,634.856445 
z"/>
<path fill="#FCCE53" opacity="1.000000" stroke="none" 
	d="
M386.765686,634.058472 
	C386.922119,634.350891 386.800262,634.688904 386.390076,635.067627 
	C386.230286,634.773621 386.358856,634.438782 386.765686,634.058472 
z"/>
<path fill="#FCBE32" opacity="1.000000" stroke="none" 
	d="
M297.930054,634.165771 
	C298.218231,634.202209 298.349976,634.424133 298.481720,634.645996 
	C298.359039,634.707764 298.236359,634.769592 297.901001,634.830078 
	C297.688324,634.828796 297.773621,634.351135 297.930054,634.165771 
z"/>
<path fill="#FBC82A" opacity="1.000000" stroke="none" 
	d="
M565.672607,649.955688 
	C565.831848,650.268127 565.700256,650.609009 565.276001,650.984009 
	C565.116089,650.673584 565.248901,650.328857 565.672607,649.955688 
z"/>
<path fill="#FCCE53" opacity="1.000000" stroke="none" 
	d="
M400.630127,619.880615 
	C400.689728,620.172729 400.411499,620.514160 399.794617,620.908936 
	C399.734711,620.618103 400.013519,620.273926 400.630127,619.880615 
z"/>
<path fill="#FCCE53" opacity="1.000000" stroke="none" 
	d="
M401.812317,618.944458 
	C401.885559,619.218811 401.654968,619.533264 401.127350,619.889771 
	C401.056366,619.616089 401.282410,619.300354 401.812317,618.944458 
z"/>
<path fill="#F8DA7B" opacity="1.000000" stroke="none" 
	d="
M512.803589,615.944763 
	C513.100708,616.025146 513.141602,616.231689 513.220215,616.751709 
	C513.257996,617.065186 512.935181,617.381165 512.711670,617.413208 
	C512.488159,617.445251 512.289185,617.265076 512.189087,617.175659 
	C512.241760,616.747864 512.394531,616.409424 512.803589,615.944763 
z"/>
<path fill="#501704" opacity="1.000000" stroke="none" 
	d="
M299.097168,616.213501 
	C299.251526,616.183228 299.523132,616.378479 299.907013,616.802612 
	C299.751007,616.833923 299.482697,616.636536 299.097168,616.213501 
z"/>
<path fill="#6E6D6F" opacity="1.000000" stroke="none" 
	d="
M346.994019,515.005554 
	C346.661133,514.852112 346.334320,514.692993 345.991272,514.285706 
	C346.304321,514.167480 346.633667,514.297485 346.987579,514.707275 
	C347.012177,514.987000 347.000092,514.999878 346.994019,515.005554 
z"/>
<path fill="#EA971B" opacity="1.000000" stroke="none" 
	d="
M728.614624,653.598145 
	C728.892944,653.682922 728.912109,653.963562 728.939209,654.666382 
	C728.033813,654.984497 727.998718,654.478882 728.614624,653.598145 
z"/>
<path fill="#F47206" opacity="1.000000" stroke="none" 
	d="
M755.685486,600.983032 
	C755.758850,601.205627 755.538208,601.512695 755.075134,601.980713 
	C755.018982,601.783630 755.205261,601.425537 755.685486,600.983032 
z"/>
<path fill="#FCCE53" opacity="1.000000" stroke="none" 
	d="
M648.771912,601.068115 
	C648.938232,601.333984 648.836914,601.677063 648.455811,602.088318 
	C648.285461,601.819397 648.394897,601.482422 648.771912,601.068115 
z"/>
<path fill="#D64D08" opacity="1.000000" stroke="none" 
	d="
M767.716919,596.076050 
	C767.527588,595.940125 767.494019,595.621643 767.648315,595.125366 
	C767.970032,595.258301 767.982178,595.573608 767.716919,596.076050 
z"/>
<path fill="#501704" opacity="1.000000" stroke="none" 
	d="
M768.251099,594.867432 
	C768.137756,594.675598 768.231201,594.325806 768.595825,593.882202 
	C768.730652,594.095398 768.594238,594.402466 768.251099,594.867432 
z"/>
<path fill="#FBF2D4" opacity="1.000000" stroke="none" 
	d="
M522.104370,592.049805 
	C522.170715,591.682373 522.305664,591.374329 522.811218,591.286255 
	C523.080017,591.674988 522.978210,591.843811 522.598511,592.113647 
	C522.320679,592.214661 522.172974,592.109253 522.104370,592.049805 
z"/>
<path fill="#FBF2D4" opacity="1.000000" stroke="none" 
	d="
M523.015991,591.012085 
	C523.115173,590.654358 523.267212,590.351501 523.679688,590.002136 
	C523.940186,589.955688 524.079102,590.110168 524.142944,590.192139 
	C524.098267,590.496521 523.989746,590.718933 523.528870,591.057983 
	C523.176453,591.174561 523.068787,591.066956 523.015991,591.012085 
z"/>
<path fill="#FBF2D4" opacity="1.000000" stroke="none" 
	d="
M526.043213,588.014893 
	C526.134766,587.658325 526.302307,587.372681 526.730957,587.058838 
	C526.992065,587.030640 527.113953,587.171448 527.168274,587.247070 
	C527.121155,587.529968 527.019714,587.737244 526.599854,588.080017 
	C526.281433,588.215576 526.119263,588.085693 526.043213,588.014893 
z"/>
<path fill="#6E6D6F" opacity="1.000000" stroke="none" 
	d="
M507.325958,584.286133 
	C507.405182,584.714966 507.268463,584.971436 506.909912,585.338745 
	C506.561493,585.360352 506.375580,585.239502 505.937286,584.901855 
	C505.910461,584.441528 506.136078,584.197815 506.610565,583.907227 
	C506.859436,583.860413 507.169373,584.145386 507.325958,584.286133 
z"/>
<path fill="#170C08" opacity="1.000000" stroke="none" 
	d="
M557.963257,703.027527 
	C557.612183,702.960754 557.352234,702.782166 557.026978,702.318604 
	C556.908447,702.111328 557.001526,702.006836 557.054443,701.958984 
	C557.413391,702.031067 557.663696,702.223450 557.963379,702.702637 
	C558.068604,702.916870 558.001038,702.993286 557.963257,703.027527 
z"/>
<path fill="#6E6D6F" opacity="1.000000" stroke="none" 
	d="
M593.625000,471.297546 
	C593.669250,471.574524 593.537598,471.761658 593.416626,471.754913 
	C593.296631,471.748291 593.187439,471.546356 593.073425,471.430084 
	C593.200195,471.327667 593.327026,471.225220 593.625000,471.297546 
z"/>
<path fill="#DDDEDE" opacity="1.000000" stroke="none" 
	d="
M639.693359,469.985138 
	C640.050415,470.176636 640.215393,470.407074 640.284424,470.663361 
	C640.313416,470.770752 640.139221,470.932892 639.794861,471.311401 
	C639.356812,471.530273 639.181274,471.507874 638.980164,471.221313 
	C639.123840,470.649597 639.293213,470.342041 639.693359,469.985138 
z"/>
<path fill="#F1A952" opacity="1.000000" stroke="none" 
	d="
M419.817200,704.701050 
	C419.835724,704.836182 419.632172,705.220886 419.190857,705.828491 
	C419.167145,705.684509 419.381134,705.317566 419.817200,704.701050 
z"/>
<path fill="#DDDEDE" opacity="1.000000" stroke="none" 
	d="
M639.995117,470.000885 
	C640.181885,469.684784 640.346069,469.345825 640.588745,468.672424 
	C641.351746,468.766113 641.442200,469.289612 640.421997,469.923584 
	C639.924194,469.935760 639.972595,469.977997 639.995117,470.000885 
z"/>
<path fill="#8A1101" opacity="1.000000" stroke="none" 
	d="
M148.177765,469.271118 
	C148.570908,469.236969 148.642853,469.486847 148.329346,469.878784 
	C148.201355,469.965057 148.114044,469.499298 148.177765,469.271118 
z"/>
<path fill="#DDDEDE" opacity="1.000000" stroke="none" 
	d="
M640.683472,468.412170 
	C641.112976,468.485931 641.555298,468.534576 641.997681,468.583221 
	C641.625854,468.767792 641.254028,468.952393 640.774719,468.737488 
	C640.667236,468.338013 640.696411,468.387085 640.683472,468.412170 
z"/>
<path fill="#DDDEDE" opacity="1.000000" stroke="none" 
	d="
M644.012939,467.017822 
	C643.680481,467.241364 643.370544,467.494995 643.060669,467.748657 
	C643.209900,467.384399 643.359131,467.020142 643.790833,466.884460 
	C644.073303,467.113037 644.035583,467.047913 644.012939,467.017822 
z"/>
<path fill="#DDDEDE" opacity="1.000000" stroke="none" 
	d="
M638.077698,472.072021 
	C638.089233,471.623322 638.258240,471.329529 638.690918,470.996460 
	C638.954529,470.957153 639.251221,471.246887 639.391785,471.399780 
	C639.380188,471.824493 639.184204,472.059753 638.754761,472.389709 
	C638.565186,472.521027 638.235229,472.226990 638.077698,472.072021 
z"/>
<path fill="#DDDEDE" opacity="1.000000" stroke="none" 
	d="
M652.999512,458.003174 
	C653.142822,457.718475 653.263062,457.409698 653.499146,456.841492 
	C654.344055,456.935608 654.433594,457.405121 653.399536,457.963013 
	C652.928162,457.933105 652.976440,457.979126 652.999512,458.003174 
z"/>
<path fill="#DDDEDE" opacity="1.000000" stroke="none" 
	d="
M653.682617,456.663391 
	C653.972290,456.478851 654.239380,456.267365 654.502563,455.798401 
	C654.550903,455.724762 654.603027,455.908600 654.561951,455.821228 
	C654.890686,456.094330 654.846985,456.612823 653.998779,456.845093 
	C653.614990,456.582123 653.659973,456.636414 653.682617,456.663391 
z"/>
<path fill="#DDDEDE" opacity="1.000000" stroke="none" 
	d="
M654.511353,455.573792 
	C654.888184,455.497711 655.277527,455.454529 655.950195,455.156708 
	C655.867737,455.179199 655.502075,455.456299 654.802551,455.641724 
	C654.468750,455.550049 654.523926,455.606659 654.511353,455.573792 
z"/>
<path fill="#DDDEDE" opacity="1.000000" stroke="none" 
	d="
M656.153687,454.996582 
	C656.135071,455.034027 656.140198,454.855316 656.140198,454.855316 
	C656.140198,454.855316 656.045044,455.044830 656.139282,454.973450 
	C656.233459,454.902100 656.172241,454.959137 656.153687,454.996582 
z"/>
<path fill="#F26505" opacity="1.000000" stroke="none" 
	d="
M122.888596,446.113831 
	C123.009262,446.025421 123.003510,446.479004 122.968292,446.587158 
	C122.696960,446.591766 122.641914,446.427429 122.888596,446.113831 
z"/>
<path fill="#9F270D" opacity="1.000000" stroke="none" 
	d="
M781.036377,724.841064 
	C781.130676,724.374695 781.426331,724.319580 781.912354,724.705566 
	C782.057251,724.902588 781.642029,725.097656 781.642029,725.097656 
	C781.642029,725.097656 781.192200,725.008240 781.036377,724.841064 
z"/>
<path fill="#D64D08" opacity="1.000000" stroke="none" 
	d="
M297.550842,726.217407 
	C297.891083,726.165955 298.009583,726.347961 297.953369,726.763611 
	C297.601318,726.857483 297.451477,726.675293 297.550842,726.217407 
z"/>
<path fill="#6E6D6F" opacity="1.000000" stroke="none" 
	d="
M625.319946,483.307800 
	C625.411926,483.225983 625.482178,483.492035 625.482178,483.492035 
	C625.482178,483.492035 625.228027,483.389618 625.319946,483.307800 
z"/>
<path fill="#6E6D6F" opacity="1.000000" stroke="none" 
	d="
M346.028992,513.975769 
	C345.779724,513.871155 345.272125,513.749817 345.278748,513.705872 
	C345.349762,513.234436 345.573822,513.205383 345.911255,513.820251 
	C345.975006,514.037476 346.009430,513.994934 346.028992,513.975769 
z"/>
<path fill="#6E6D6F" opacity="1.000000" stroke="none" 
	d="
M343.501984,512.534241 
	C343.420288,512.429443 343.737946,512.411438 343.737946,512.411438 
	C343.737946,512.411438 343.583679,512.639038 343.501984,512.534241 
z"/>
<path fill="#DDDEDE" opacity="1.000000" stroke="none" 
	d="
M366.054413,511.953827 
	C365.314301,512.121582 364.897430,511.822357 365.077148,510.635925 
	C365.154816,510.290222 364.978424,510.349487 365.076294,510.356873 
	C365.504730,510.670807 365.658905,511.036621 365.900024,511.711914 
	C365.986938,512.021362 366.030731,511.975098 366.054413,511.953827 
z"/>
<path fill="#DDDEDE" opacity="1.000000" stroke="none" 
	d="
M365.312073,510.262207 
	C365.106140,510.651672 365.206329,511.585327 364.278839,510.898071 
	C364.416290,510.719757 364.553772,510.541443 365.020874,510.334106 
	C365.350525,510.305023 365.292999,510.293488 365.312073,510.262207 
z"/>
<path fill="#501704" opacity="1.000000" stroke="none" 
	d="
M616.889893,490.081299 
	C616.943237,490.031586 616.939026,490.826630 616.889893,490.081299 
z"/>
<path fill="#501704" opacity="1.000000" stroke="none" 
	d="
M616.998901,489.988098 
	C617.121521,490.000916 617.194885,488.980713 617.233643,489.995361 
	C617.068054,490.055054 617.019775,490.012573 616.998901,489.988098 
z"/>
<path fill="#501704" opacity="1.000000" stroke="none" 
	d="
M619.813232,488.058472 
	C619.932617,488.268738 619.756226,488.454376 619.579834,488.640045 
	C619.559021,488.437988 619.538269,488.235901 619.813232,488.058472 
z"/>
<path fill="#EF8E08" opacity="1.000000" stroke="none" 
	d="
M504.253998,688.715637 
	C504.232727,688.272156 504.501007,688.208435 504.906921,688.552734 
	C504.821716,688.738220 504.654724,688.783142 504.253998,688.715637 
z"/>
<path fill="#EF8E08" opacity="1.000000" stroke="none" 
	d="
M507.249634,688.906067 
	C507.278076,688.717285 507.551208,688.627991 507.910889,688.691528 
	C507.829681,688.898132 507.661987,688.951904 507.249634,688.906067 
z"/>
<path fill="#501704" opacity="1.000000" stroke="none" 
	d="
M619.936340,487.918274 
	C620.048340,487.685455 620.214539,487.511078 620.380737,487.336670 
	C620.402039,487.527161 620.423401,487.717621 620.276855,487.995605 
	C620.109009,488.083099 619.990540,487.976654 619.936340,487.918274 
z"/>
<path fill="#6E6D6F" opacity="1.000000" stroke="none" 
	d="
M622.790710,485.057251 
	C622.863037,485.200195 622.734802,485.647186 622.682556,485.638458 
	C622.247864,485.566040 622.234863,485.366791 622.790710,485.057251 
z"/>
<path fill="#6E6D6F" opacity="1.000000" stroke="none" 
	d="
M623.004150,485.015564 
	C623.172668,484.808197 623.327332,484.581787 623.481995,484.355377 
	C623.450073,484.556061 623.418091,484.756714 623.171082,484.960876 
	C622.955994,484.964386 622.990356,484.996552 623.004150,485.015564 
z"/>
<path fill="#EF8E08" opacity="1.000000" stroke="none" 
	d="
M607.742126,733.461182 
	C607.951050,733.309143 608.323669,733.406311 608.862793,733.752136 
	C608.654785,733.903992 608.280334,733.807190 607.742126,733.461182 
z"/>
<path fill="#6E6D6F" opacity="1.000000" stroke="none" 
	d="
M627.995361,480.984009 
	C627.820129,481.179962 627.660950,481.397308 627.501770,481.614655 
	C627.543152,481.418396 627.584473,481.222107 627.837646,481.034363 
	C628.049438,481.042908 628.011353,481.005432 627.995361,480.984009 
z"/>
<path fill="#6E6D6F" opacity="1.000000" stroke="none" 
	d="
M631.551453,478.182251 
	C631.429626,478.724487 631.177917,478.975616 630.685303,479.347321 
	C630.444397,479.467896 630.121582,479.132782 629.960449,478.964813 
	C629.872192,478.455261 630.052734,478.185913 630.567017,477.886597 
	C631.002563,477.819977 631.212036,477.855560 631.551453,478.182251 
z"/>
<path fill="#6E6D6F" opacity="1.000000" stroke="none" 
	d="
M631.002563,477.972809 
	C631.111633,477.526794 631.430237,477.269257 631.748901,477.011719 
	C631.878174,477.350891 632.007507,477.690033 631.909058,478.251282 
	C631.524963,478.369324 631.368469,478.265320 631.002563,477.972809 
z"/>
<path fill="#6E6D6F" opacity="1.000000" stroke="none" 
	d="
M559.998535,696.007080 
	C560.308472,696.161011 560.487854,696.440735 560.667297,696.720459 
	C560.430908,696.738037 560.194580,696.755554 559.784668,696.580811 
	C559.611084,696.388489 559.868042,696.132812 559.998535,696.007080 
z"/>
<path fill="#6E6D6F" opacity="1.000000" stroke="none" 
	d="
M634.207397,475.952209 
	C633.889160,476.537933 633.488403,476.778503 633.087708,477.019043 
	C633.037048,476.606689 632.986328,476.194366 633.213745,475.533936 
	C633.702820,475.392883 633.913818,475.499939 634.207397,475.952209 
z"/>
<path fill="#6E6D6F" opacity="1.000000" stroke="none" 
	d="
M635.222290,475.020508 
	C635.228394,475.669556 635.032593,475.924652 634.515869,476.202148 
	C634.148376,476.136810 634.006897,475.976227 633.678650,475.550720 
	C633.648926,475.026428 633.852661,474.811096 634.300293,474.531189 
	C634.703491,474.514832 634.909424,474.607117 635.222290,475.020508 
z"/>
<path fill="#6E6D6F" opacity="1.000000" stroke="none" 
	d="
M587.316895,475.342529 
	C587.325378,475.838867 587.079224,476.042877 586.526611,476.230103 
	C586.155334,476.144592 586.017700,475.987915 585.703918,475.568726 
	C585.725647,475.051971 585.982117,474.891266 586.526001,474.784546 
	C586.881653,474.876099 587.008423,475.007141 587.316895,475.342529 
z"/>
<path fill="#501704" opacity="1.000000" stroke="none" 
	d="
M553.917847,699.846558 
	C553.793030,699.887329 553.661011,699.689697 553.528992,699.492004 
	C553.656250,699.530701 553.783508,699.569336 553.917847,699.846558 
z"/>
<path fill="#501704" opacity="1.000000" stroke="none" 
	d="
M554.035034,699.971252 
	C554.359619,700.107849 554.645325,700.280090 555.034424,700.687134 
	C555.137756,700.921875 555.019348,700.997681 554.975586,701.055725 
	C554.652283,700.930054 554.372864,700.746338 554.009155,700.323853 
	C553.924988,700.085022 553.996155,700.006958 554.035034,699.971252 
z"/>
<path fill="#6E6D6F" opacity="1.000000" stroke="none" 
	d="
M634.701355,474.656036 
	C634.561829,474.216248 634.691650,474.066742 635.035400,474.011108 
	C635.394836,474.018677 635.605774,473.989197 635.933228,474.257141 
	C636.117981,474.868469 636.003540,475.086426 635.517822,475.275024 
	C635.187866,475.190918 635.046509,475.040222 634.701355,474.656036 
z"/>
<path fill="#501704" opacity="1.000000" stroke="none" 
	d="
M529.916870,701.712402 
	C529.849670,701.899353 529.677612,701.947205 529.243286,701.941467 
	C529.257935,701.783020 529.534912,701.678162 529.916870,701.712402 
z"/>
<path fill="#6E6D6F" opacity="1.000000" stroke="none" 
	d="
M591.301025,472.293701 
	C591.572693,472.302765 591.634399,472.490997 591.696106,472.679199 
	C591.494385,472.610413 591.292725,472.541626 591.301025,472.293701 
z"/>
<path fill="#E82E03" opacity="1.000000" stroke="none" 
	d="
M827.702698,349.156067 
	C829.745911,349.102692 831.586304,348.576965 832.029541,351.397491 
	C834.030884,364.132874 837.926880,376.429810 840.898560,388.940857 
	C843.606140,400.339783 845.442871,411.906891 846.134216,423.687531 
	C846.791565,434.889893 846.828613,446.079742 847.074829,457.279144 
	C847.163574,461.313782 846.094666,465.160004 846.003906,469.564392 
	C846.324768,472.023468 846.081360,474.096802 845.345276,475.890045 
	C843.048035,481.486603 841.376587,486.946320 843.123413,493.187897 
	C843.998840,496.315857 841.921997,497.856537 838.374390,497.639618 
	C827.624634,496.982269 827.725220,497.217285 825.191223,508.020233 
	C822.605835,519.042236 818.988586,529.693298 813.709412,539.831238 
	C810.916992,545.193726 808.488892,550.886841 808.191467,557.300659 
	C808.023804,560.915222 808.099670,565.529724 802.409912,566.215088 
	C798.100403,561.890320 794.125000,557.779114 790.063354,553.341309 
	C789.806213,550.149780 791.703003,548.016357 792.880188,545.746033 
	C796.486267,538.791016 797.258057,530.701721 801.810852,524.138916 
	C803.266907,522.039978 804.612854,519.836853 807.168762,519.188110 
	C811.816406,518.008484 813.830933,514.466980 815.376282,510.518219 
	C817.072754,506.183289 818.435974,501.721039 819.855713,497.289520 
	C821.410645,492.436432 821.663818,487.155365 825.208008,482.989532 
	C826.249817,481.764984 826.165771,479.851532 826.458862,478.210266 
	C829.898132,458.954590 830.228027,439.499176 829.386902,420.070129 
	C829.027649,411.772003 829.385559,403.299652 825.563782,395.185425 
	C823.390137,390.570465 823.442749,384.843445 820.621521,379.746277 
	C820.024902,377.991943 820.302002,376.659607 820.828613,374.960938 
	C822.763306,369.192688 824.457703,363.803467 820.191895,358.301025 
	C822.460571,355.097229 824.934631,352.204376 827.702698,349.156067 
z"/>
<path fill="#F33603" opacity="1.000000" stroke="none" 
	d="
M820.720215,379.278809 
	C823.873840,381.932831 825.509521,385.662354 825.830566,389.529144 
	C826.130798,393.145538 826.768982,396.399384 828.865723,399.320648 
	C829.573364,400.306488 829.921509,401.325500 830.005981,402.537628 
	C831.231201,420.121948 831.301270,437.736938 830.878540,455.335968 
	C830.679199,463.633545 828.290405,471.758942 827.688171,480.088165 
	C827.511841,482.526001 827.126221,485.488312 824.284119,486.929077 
	C823.062866,487.548157 823.186584,488.798401 822.970947,489.952240 
	C821.234802,499.239288 818.298096,508.120300 814.044128,516.582581 
	C813.287170,518.088440 812.317078,519.255493 810.885315,519.461487 
	C802.610474,520.652100 801.213135,527.648071 798.988647,533.683350 
	C796.592468,540.184265 794.830261,546.920410 790.177856,552.736938 
	C783.422546,547.205078 776.867798,541.395569 770.143066,535.298340 
	C773.649231,531.612061 776.122437,527.188171 779.645996,523.663513 
	C780.388550,522.920776 780.857605,522.099609 781.015076,521.079285 
	C781.708557,516.586609 784.709045,513.831055 788.153137,511.300323 
	C792.169312,508.349091 795.958923,505.113220 799.088501,501.185730 
	C799.814758,500.274323 800.392029,499.083923 801.392700,498.586700 
	C807.707886,495.448700 808.426270,489.384399 809.473328,483.481903 
	C810.522827,477.565643 812.013000,472.226471 816.540283,467.447601 
	C820.500366,463.267517 820.505188,456.659332 821.462280,450.948761 
	C824.459961,433.065125 823.611511,415.194885 821.184570,397.299591 
	C820.392578,391.459717 818.356140,385.564087 820.720215,379.278809 
z"/>
<path fill="#FC9515" opacity="1.000000" stroke="none" 
	d="
M769.684570,410.893951 
	C776.305481,404.055664 782.794495,397.568115 789.581665,390.919739 
	C792.191223,391.375244 793.010315,393.199951 793.160400,395.270325 
	C793.709351,402.842072 795.497986,410.449615 793.629211,418.004913 
	C791.924133,424.898224 792.358582,431.879547 791.988220,438.833588 
	C791.606201,446.006317 791.421204,446.174500 784.407410,445.875000 
	C779.453735,445.663483 776.603699,448.030853 776.027771,452.974609 
	C775.692688,455.851288 774.042847,457.955811 771.947632,459.599518 
	C769.395935,461.601349 768.249329,464.166992 767.665588,467.212372 
	C766.602234,472.759705 764.998291,477.966797 761.725098,482.850586 
	C758.425049,487.774384 757.987305,494.139313 755.034729,499.427765 
	C752.000244,504.862823 747.400513,508.717773 742.438599,512.720520 
	C736.661255,510.014862 732.031250,505.912842 726.116455,503.426697 
	C724.931702,501.587402 725.782288,500.471985 727.020996,499.847565 
	C730.321716,498.183777 732.286682,495.330505 734.160156,492.356873 
	C735.745911,489.839813 737.742798,488.035858 740.936157,487.891144 
	C743.100037,487.793060 744.693176,486.560333 745.730042,484.713531 
	C749.703491,477.636414 753.219604,470.389648 754.853699,462.329987 
	C755.655701,458.374237 757.935425,455.240875 762.074463,454.317383 
	C764.320923,453.816132 765.182068,452.524017 765.518433,450.639343 
	C767.441162,439.866760 770.250366,429.184448 768.962463,418.068634 
	C768.695312,415.762634 768.253967,413.423431 769.684570,410.893951 
z"/>
<path fill="#FC7F0A" opacity="1.000000" stroke="none" 
	d="
M742.272461,513.045837 
	C748.911194,504.906891 755.669983,497.383850 758.733704,486.604797 
	C761.022156,478.553436 766.289429,471.290588 767.345581,462.565063 
	C767.533447,461.013824 769.063171,460.301239 770.184692,459.300842 
	C772.797852,456.969879 776.320618,454.902252 774.282715,450.309998 
	C773.683777,448.960327 774.563232,446.845490 775.396851,446.819519 
	C779.369568,446.695587 782.688232,442.019836 787.016663,445.069794 
	C789.449524,446.784119 789.605835,445.138000 790.123718,443.327789 
	C791.311584,439.175690 790.781311,434.900482 790.727905,430.768799 
	C790.621033,422.501648 794.216980,414.469849 792.743286,406.378418 
	C791.841980,401.429291 793.767456,395.950928 790.059204,391.121460 
	C791.451904,389.082611 793.023926,387.406281 794.882507,385.610901 
	C798.829590,385.327972 799.304382,388.188660 799.940613,390.706238 
	C801.047791,395.087616 799.994080,399.669830 800.790344,404.038177 
	C803.370850,418.193756 802.747437,432.351837 801.291321,446.971252 
	C801.123291,447.671967 801.034302,447.940460 800.744629,448.569275 
	C794.730103,451.677734 796.399292,457.846497 794.386108,462.704926 
	C793.633667,467.324432 793.025146,471.605865 792.178223,475.839905 
	C791.096313,481.248932 787.892395,482.465332 782.512207,482.202332 
	C778.669739,482.014526 773.778931,479.722809 770.557312,484.604218 
	C769.876343,485.635986 769.468506,486.306976 769.507568,487.579498 
	C769.675415,493.060608 767.818298,497.961853 764.935913,502.568848 
	C762.465149,506.517853 760.993958,510.984863 758.704651,515.041626 
	C756.703003,518.588684 754.096741,520.218140 749.748413,518.166260 
	C747.096924,516.501099 744.792786,514.902771 742.272461,513.045837 
z"/>
<path fill="#AF1A02" opacity="1.000000" stroke="none" 
	d="
M864.707764,486.152618 
	C866.833801,490.684509 864.881897,495.276917 864.433472,499.844727 
	C863.667236,507.649872 862.179443,515.384155 860.996094,523.574097 
	C858.883484,532.849060 857.298340,541.867188 854.536377,550.509094 
	C849.943298,564.880188 845.763245,579.465820 837.967529,592.613342 
	C836.369141,595.309082 835.329590,598.330322 833.896423,601.131897 
	C832.685852,603.498291 830.888062,604.679199 827.824707,603.110840 
	C825.178345,599.283386 822.911682,595.543945 820.521362,591.460327 
	C827.338806,585.079529 831.446594,576.717224 832.897156,568.418884 
	C836.163330,549.734192 842.078125,531.801880 846.327637,513.423950 
	C846.477234,512.777039 846.520325,512.111206 846.621033,511.060364 
	C846.707520,510.151672 846.790344,509.638489 847.016724,508.758911 
	C847.410034,507.651764 847.881897,507.055511 848.755127,506.288910 
	C851.008789,504.366425 851.062805,502.098297 851.007202,499.401245 
	C853.396729,498.657074 854.985229,497.386536 856.458435,495.394257 
	C858.843140,492.169312 861.730103,489.315735 864.707764,486.152618 
z"/>
<path fill="#F94503" opacity="1.000000" stroke="none" 
	d="
M821.039185,378.652222 
	C820.768860,387.989044 823.015747,396.747925 823.583191,405.634766 
	C824.234558,415.836670 825.665955,425.958405 824.395813,436.370789 
	C823.272034,445.583801 822.572021,454.791718 820.058411,463.771881 
	C819.254944,466.642578 818.417603,468.829010 815.429565,470.737579 
	C811.671814,473.137787 811.990112,478.355194 811.043396,482.509338 
	C810.199036,486.214111 809.625610,489.980011 808.867920,493.705780 
	C808.742249,494.323914 808.428650,495.201691 807.959961,495.406860 
	C802.327393,497.872528 799.432617,503.343353 795.226990,507.314301 
	C791.793579,510.556152 787.371521,512.534912 784.510193,516.282532 
	C783.305298,517.860718 781.400208,519.519958 782.796814,522.046143 
	C782.986450,522.389160 782.849670,523.322266 782.610657,523.432434 
	C777.443542,525.814697 776.422241,532.122131 771.698730,534.884338 
	C771.437256,535.037292 771.046204,534.968567 770.344238,535.006836 
	C765.720764,533.070190 763.023376,529.147400 759.054321,526.322021 
	C761.038879,522.927612 763.830688,520.347351 766.335754,517.515625 
	C767.830139,515.826416 769.738342,515.032471 771.936462,514.667786 
	C775.461182,514.083008 777.985168,512.187195 779.316895,508.383972 
	C784.426941,507.295319 787.579651,504.488342 789.211548,499.430634 
	C789.577881,498.973999 789.749268,498.812500 790.244629,498.511841 
	C794.007751,498.722717 795.577820,497.028442 796.336304,493.755707 
	C797.342224,489.415039 798.480713,485.087982 800.048828,480.525269 
	C800.396423,479.507263 800.731445,478.872101 801.276917,477.935028 
	C802.554810,476.503021 802.719238,474.999329 803.280396,473.232574 
	C804.113647,471.499268 805.095032,470.334808 806.336182,469.500214 
	C810.293152,466.839417 811.837036,462.826447 812.189697,458.417114 
	C813.060547,447.528870 815.919312,436.772888 814.530823,425.730316 
	C812.848938,412.353699 814.212524,398.841736 812.602478,385.437561 
	C811.987854,380.320343 809.441406,375.683594 809.724487,370.093079 
	C811.448608,366.798645 813.848389,364.564392 816.300354,361.990723 
	C819.192444,361.192535 819.691345,363.197113 820.219604,364.901154 
	C821.160400,367.936005 821.519104,371.085876 821.807373,374.633789 
	C821.680176,376.107635 821.374329,377.207855 821.039185,378.652222 
z"/>
<path fill="#FCA31D" opacity="1.000000" stroke="none" 
	d="
M777.104614,328.757141 
	C772.730286,332.077240 768.293274,335.027863 763.524048,338.063843 
	C759.256165,336.820221 760.396484,333.256287 760.510132,330.737885 
	C760.692261,326.701508 760.754028,323.558289 755.763672,322.531525 
	C753.631226,322.092743 753.471436,319.502045 752.876282,317.607422 
	C750.865356,311.205658 747.371948,305.837128 742.400085,301.230255 
	C739.660400,298.691681 738.628906,294.771698 736.294861,291.701294 
	C733.269897,287.721771 729.337463,284.355804 726.944885,280.079376 
	C720.750305,269.006989 710.902588,261.386841 702.411743,252.457581 
	C699.104736,248.979797 694.277832,247.865707 691.222229,244.220596 
	C690.913147,243.851822 690.198975,243.594208 689.859558,243.872559 
	C685.674622,247.305084 681.824036,242.779037 677.511597,243.184402 
	C672.780334,238.615936 668.568481,233.973907 663.162537,230.728882 
	C661.326172,229.626572 661.308105,227.793869 660.892944,226.059082 
	C660.388184,223.949875 659.417175,222.064362 657.594360,220.242386 
	C657.887024,219.616165 658.491760,219.483322 659.573181,219.777298 
	C666.283875,222.703018 672.929321,224.271317 679.789185,226.322845 
	C682.554504,229.961029 685.512939,232.295349 690.135803,231.326614 
	C691.662903,231.006577 693.163269,231.566620 694.375305,232.473389 
	C701.120300,237.519592 708.584229,241.552551 714.319885,248.025436 
	C717.685364,251.823456 722.121338,254.642410 725.836609,258.225311 
	C740.039856,271.922699 749.781799,288.501190 758.612854,305.941589 
	C761.076355,310.806824 763.933350,316.925842 770.776978,318.966553 
	C774.284241,321.436829 775.642151,324.925598 777.104614,328.757141 
z"/>
<path fill="#DD2902" opacity="1.000000" stroke="none" 
	d="
M802.133240,566.331116 
	C806.591064,565.145874 806.681946,560.953247 806.799255,558.070312 
	C807.109985,550.435913 810.312073,544.079468 813.512573,537.445740 
	C818.247681,527.631287 821.833496,517.325012 824.033813,506.589111 
	C824.462158,504.499054 825.087036,502.428284 825.837219,500.429626 
	C827.329956,496.452362 829.319336,494.399902 834.449402,495.712097 
	C842.321472,497.725586 843.400879,496.160919 840.916443,488.348663 
	C840.278748,486.343201 839.878540,484.546051 841.135437,482.694153 
	C843.607788,479.051208 844.064148,474.637787 845.854553,470.337372 
	C847.912476,472.551941 847.520447,475.671783 846.661865,478.090454 
	C843.752808,486.285675 845.867920,494.901489 844.003418,503.566223 
	C844.541382,504.593903 844.826355,505.284149 844.824951,506.462646 
	C844.607300,507.850891 844.243225,508.802216 843.756042,510.110443 
	C839.995728,518.629578 838.634094,527.521729 835.480103,535.841858 
	C834.838318,537.534790 834.372192,539.292603 833.287231,541.181030 
	C832.481140,542.375366 831.710571,543.203125 831.798218,544.758850 
	C831.593689,547.047913 831.232849,548.939026 829.668945,550.770264 
	C826.972900,553.707275 824.789368,556.573853 820.556519,556.638733 
	C818.233643,556.674316 818.474060,558.615173 818.809509,560.387756 
	C819.683655,565.007568 819.940613,569.614868 817.440002,573.884155 
	C816.170959,576.050903 814.811218,578.243591 811.343567,577.199219 
	C811.024536,576.988403 810.995667,576.995789 811.004761,576.983398 
	C810.546753,576.535828 810.540039,575.863098 809.913208,575.235596 
	C807.156433,572.288391 804.673523,569.474609 802.133240,566.331116 
z"/>
<path fill="#FCA725" opacity="1.000000" stroke="none" 
	d="
M769.496582,410.681305 
	C772.183777,423.130341 769.644104,435.513855 767.708801,447.821594 
	C767.262146,450.662354 768.580811,457.326874 760.975525,455.792267 
	C760.087524,455.613098 755.393127,459.194031 756.003723,463.290955 
	C756.398193,465.937866 754.869751,467.954803 754.023499,470.266571 
	C752.312195,474.940948 750.444397,479.500732 747.902771,483.764496 
	C746.083801,486.815826 744.634338,490.531128 739.770264,489.175507 
	C738.490417,488.818817 737.462524,489.771576 736.872742,490.758240 
	C734.088623,495.415955 731.022461,499.778992 726.003479,502.776581 
	C723.388794,502.006348 720.846375,500.880798 718.081299,499.486267 
	C719.410156,494.619812 723.594666,491.805969 725.625732,487.434937 
	C729.998352,478.025208 736.695374,469.689301 738.252686,458.981873 
	C738.718994,455.775269 740.526306,453.132202 743.603455,451.551392 
	C751.640076,447.422577 755.953369,441.247681 754.708618,431.797424 
	C754.391296,429.388885 754.236084,426.795380 755.574097,424.083008 
	C755.743347,423.733948 755.827698,423.767395 755.796509,423.800354 
	C756.168396,423.754547 756.484680,423.544861 756.786621,422.915924 
	C760.819641,418.539948 764.676392,414.344025 769.496582,410.681305 
z"/>
<path fill="#FC5606" opacity="1.000000" stroke="none" 
	d="
M780.238525,507.745819 
	C780.699646,512.799622 776.991394,515.454224 773.800964,515.573547 
	C768.247009,515.781189 766.292175,519.871704 763.205627,522.803162 
	C762.032532,523.917297 761.366638,525.557983 759.218140,526.007202 
	C757.833679,525.305359 756.807068,524.565125 755.606934,523.551880 
	C761.700439,517.138245 766.184204,509.885986 768.939941,501.563751 
	C769.459656,499.994385 770.669128,499.180634 772.053467,498.519135 
	C773.932312,497.621399 775.278931,496.194702 776.190796,494.338837 
	C777.540100,491.592743 778.993591,489.142548 782.601624,491.582153 
	C783.703003,492.326874 784.712219,491.834015 784.880676,490.679291 
	C785.675171,485.233398 790.272644,482.121338 792.776489,477.712006 
	C798.422424,467.769318 804.169678,457.976746 805.428345,445.909546 
	C805.950256,438.385956 807.350159,431.313446 807.362183,424.186707 
	C807.384338,411.060883 806.017639,398.015747 803.935791,385.051453 
	C803.494629,382.304138 802.285034,379.579010 803.775513,376.362244 
	C805.757629,373.986755 807.516052,371.996735 809.576843,369.856628 
	C815.987976,384.020538 814.353638,399.195587 815.264709,414.154480 
	C815.684265,421.043427 815.182861,428.061218 816.719971,434.928284 
	C817.302063,437.528564 816.483826,440.549011 815.988892,442.970673 
	C815.031006,447.657318 814.015869,452.258026 813.992065,457.058380 
	C813.955627,464.393768 809.805176,469.299469 804.149536,473.697784 
	C802.987488,474.960205 803.207214,476.460052 802.228699,477.770264 
	C801.835083,478.561157 801.665283,479.115021 801.253906,479.839661 
	C798.217163,479.803650 797.206970,481.347778 796.003784,483.780029 
	C793.654114,488.529968 791.893738,493.421844 790.231201,498.737244 
	C790.000000,498.996979 790.000000,499.000000 789.998779,498.999390 
	C784.445190,499.160095 782.383972,503.238281 780.238525,507.745819 
z"/>
<path fill="#F94503" opacity="1.000000" stroke="none" 
	d="
M737.769653,224.226959 
	C738.049805,223.589554 738.252930,223.357620 738.810303,223.205170 
	C744.893127,225.249557 749.176697,229.306763 752.352722,234.407150 
	C753.706055,236.580383 754.798340,238.641434 757.296387,239.652634 
	C758.373657,240.088669 759.149353,241.053925 759.799805,242.027618 
	C763.495972,247.560699 768.054138,252.428391 771.953064,257.804565 
	C773.320984,259.690826 774.959167,261.537903 775.349426,263.838959 
	C776.826904,272.550018 783.043701,278.240570 787.979736,284.876587 
	C794.262024,293.322540 800.954895,301.424469 807.573364,310.044006 
	C802.727722,313.292328 797.730286,316.209656 792.436523,319.352570 
	C787.920654,310.242188 783.590393,300.932312 778.737976,291.934753 
	C775.328369,285.612396 772.296875,278.756561 765.889648,274.014435 
	C764.866516,272.807007 764.124512,271.844788 763.243408,270.534485 
	C760.634644,262.106110 753.766235,257.111237 749.028870,250.642670 
	C745.854309,246.308075 742.258240,242.101517 738.178467,238.446106 
	C735.283569,235.852402 733.973328,232.982651 736.494202,229.323517 
	C737.457214,227.925720 736.880615,226.058258 737.769653,224.226959 
z"/>
<path fill="#FDF5A4" opacity="1.000000" stroke="none" 
	d="
M649.809937,412.343201 
	C650.798584,411.208679 651.488647,409.691589 652.337524,409.596832 
	C662.736206,408.435760 663.470154,398.766876 667.717468,392.250549 
	C668.416077,391.178680 668.681091,389.906494 669.872070,389.071625 
	C674.774170,385.635345 679.003052,381.419250 683.553833,377.091736 
	C686.884644,377.019714 687.167114,379.473419 687.295288,381.506317 
	C687.566467,385.804840 688.056213,390.122223 687.276672,394.849121 
	C682.186707,401.560181 675.156433,405.688293 670.314636,412.058746 
	C666.233032,417.429047 662.802979,423.046173 662.130676,429.874847 
	C661.913452,432.081146 661.033752,433.591980 659.533936,435.009583 
	C652.410828,441.741943 645.203735,448.391296 638.257446,455.302277 
	C635.029968,458.513397 632.898315,455.681427 630.136047,454.303711 
	C629.908508,451.888123 631.562500,450.881500 632.952026,449.750702 
	C641.133667,443.092651 646.121765,434.140991 651.049866,425.076630 
	C653.606445,420.374268 651.026306,416.652496 649.809937,412.343201 
z"/>
<path fill="#FCB62B" opacity="1.000000" stroke="none" 
	d="
M677.348755,243.263641 
	C680.132202,243.340256 683.369751,240.693405 685.951111,244.190018 
	C686.723755,245.236618 687.800476,244.471985 687.946655,243.223907 
	C688.242615,240.697617 690.109192,240.913651 690.981079,242.127914 
	C694.463013,246.977341 701.147949,247.660934 704.343262,252.810562 
	C706.938721,256.993469 710.797791,259.787018 715.087341,262.091675 
	C717.154968,263.202606 719.065369,264.829834 719.908508,266.989075 
	C723.014832,274.944061 729.470703,280.345642 734.358582,286.940063 
	C737.082397,290.614807 741.082397,293.723633 741.974426,298.672791 
	C742.061279,299.154877 742.064392,299.898193 742.359436,300.060608 
	C750.017700,304.276672 752.298584,311.888550 754.684326,319.437531 
	C755.095581,320.738831 755.551086,321.727051 757.224182,322.055969 
	C758.777283,322.361298 762.152039,320.283051 761.349060,324.678253 
	C761.034851,326.398071 763.449402,327.617645 761.879944,330.101501 
	C760.626587,332.085297 761.876953,335.131378 762.890869,337.893402 
	C760.667664,339.951508 758.143433,341.753784 755.312317,343.662903 
	C752.929199,331.875793 746.135254,321.800079 741.020142,311.325348 
	C736.445068,301.956512 731.311829,292.429993 725.038391,283.813904 
	C723.920105,282.278076 723.131958,280.005066 720.077759,281.298218 
	C714.396484,278.169342 711.077515,272.892975 706.988220,268.486572 
	C702.857788,264.035736 699.537659,259.123779 692.453430,260.014282 
	C691.288391,260.160736 690.290039,259.293854 689.116577,258.286011 
	C685.185852,253.116089 681.768799,247.990921 677.348755,243.263641 
z"/>
<path fill="#FDCD3D" opacity="1.000000" stroke="none" 
	d="
M688.893372,258.419800 
	C689.141418,258.098938 689.470276,258.147186 689.797913,258.139862 
	C705.669434,257.783813 710.409668,272.029816 719.698120,280.855347 
	C721.441711,282.254517 721.172852,284.013794 721.364258,285.625824 
	C721.522034,286.954193 721.506653,288.546051 722.559326,289.334290 
	C731.575623,296.085754 733.495850,306.542725 737.513794,316.127991 
	C740.356140,322.908905 743.435486,329.693237 746.544861,336.413239 
	C748.023926,339.609802 749.154907,342.849823 749.227173,346.760925 
	C748.659973,349.356689 746.517151,349.869415 744.681580,351.144043 
	C741.568665,351.484650 741.063416,349.117065 740.660583,347.401001 
	C737.678833,334.699158 729.747009,324.306091 724.547485,312.642365 
	C721.502136,305.810944 716.629517,299.975403 710.795166,295.121368 
	C709.615173,294.139648 708.271484,293.045227 708.028137,291.673584 
	C707.425720,288.278229 705.010559,286.850739 702.083740,285.274963 
	C698.109619,276.005035 694.299988,267.013855 688.893372,258.419800 
z"/>
<path fill="#FC6705" opacity="1.000000" stroke="none" 
	d="
M763.734680,269.752258 
	C764.634338,270.793762 765.271179,271.586304 765.941284,272.690582 
	C766.630920,277.425354 769.237671,280.929077 771.612244,284.477509 
	C776.591187,291.917816 781.044861,299.634644 784.734009,307.790985 
	C785.349976,309.152771 786.112244,310.414734 786.987244,311.630371 
	C791.449585,317.829651 791.301270,318.936554 785.292603,323.793121 
	C785.059509,324.078766 784.994202,324.016449 785.034058,324.037170 
	C784.565979,324.419891 783.923340,324.462341 783.242371,325.034363 
	C781.643982,326.297211 780.194458,327.292603 778.426758,328.399780 
	C776.282593,325.153839 776.496094,321.263245 775.233398,317.652191 
	C773.327271,312.201263 771.564758,307.043182 767.185791,303.101898 
	C766.825134,302.777344 766.463684,302.253082 766.484558,301.804321 
	C766.875000,293.418091 760.452209,287.543121 758.490295,280.030853 
	C758.099121,278.533203 757.250610,277.292267 755.968140,276.416779 
	C749.925049,272.291412 745.892456,266.327362 741.561218,260.648438 
	C736.385742,253.862564 729.714661,248.506165 724.055054,242.184448 
	C723.157959,241.182358 721.862305,240.478149 720.518127,240.492432 
	C714.397034,240.557449 711.174438,236.238907 707.885559,231.922394 
	C711.418579,231.436005 714.782715,231.266510 718.607239,231.149017 
	C724.327820,230.580200 727.811768,233.619904 731.761719,236.544983 
	C742.551025,244.534851 749.612366,255.820648 758.442322,265.525604 
	C759.953003,267.186005 762.018372,267.908936 763.734680,269.752258 
z"/>
<path fill="#FCBA37" opacity="1.000000" stroke="none" 
	d="
M755.419312,423.815033 
	C755.827087,428.890320 756.253601,434.069641 755.910034,439.197357 
	C755.454041,446.000458 750.113159,449.453217 744.944885,452.302124 
	C741.791870,454.040131 739.459839,456.347931 739.545410,459.368225 
	C739.739502,466.218597 735.418884,471.106934 732.962891,476.735809 
	C730.413940,482.577820 726.892334,488.006439 723.645569,493.527374 
	C722.373108,495.691284 720.321411,497.218628 718.052124,498.923889 
	C716.076355,498.293121 714.294128,497.368958 712.252014,496.235046 
	C709.872864,493.410278 711.025574,490.801971 712.498474,488.628235 
	C715.603516,484.045746 717.169495,478.705139 720.103638,474.058624 
	C722.446411,470.348785 723.888733,466.293640 724.529358,461.942108 
	C725.024109,458.581726 725.992981,455.438141 728.851135,453.217255 
	C731.618469,451.066895 729.881348,447.415833 731.811768,444.588562 
	C739.741821,437.490479 747.418579,430.693298 755.419312,423.815033 
z"/>
<path fill="#FDED6F" opacity="1.000000" stroke="none" 
	d="
M733.198730,358.814148 
	C724.071045,366.441895 714.882935,373.694122 705.356812,381.027771 
	C702.024902,378.348816 700.515137,375.347107 701.862061,371.000732 
	C703.444824,365.893127 700.168579,362.218018 696.997131,358.315491 
	C699.792603,349.610413 703.276794,341.424774 704.630615,332.239868 
	C710.626343,333.180267 715.348022,335.309753 717.830200,341.540253 
	C719.625427,346.046295 720.761292,351.736511 727.615234,352.464172 
	C730.379150,352.757599 731.794128,355.951172 733.198730,358.814148 
z"/>
<path fill="#FC8E11" opacity="1.000000" stroke="none" 
	d="
M771.239807,319.711548 
	C767.521851,319.462189 763.307068,319.861206 763.838501,314.256561 
	C763.877686,313.843475 763.544678,313.207245 763.188354,312.972015 
	C754.302429,307.104858 753.996277,295.888000 747.834473,288.388794 
	C743.574341,283.204071 740.691650,277.167084 736.427979,271.898956 
	C731.187988,265.424561 725.410034,259.607544 719.377319,254.060654 
	C711.600464,246.910156 703.755859,239.746902 694.697754,234.132004 
	C692.997681,233.078140 691.582703,232.037506 689.243530,232.686264 
	C684.560303,233.985092 681.703857,231.540115 680.097046,226.897079 
	C680.539185,226.593536 680.979614,226.682159 681.723267,226.919876 
	C682.323425,227.367569 682.657166,227.617035 683.337280,227.762878 
	C690.609924,229.988434 697.915894,230.109543 705.500000,231.245193 
	C710.925476,239.267227 718.866943,244.258438 726.026978,249.500992 
	C733.685852,255.108810 738.942993,262.303558 744.694641,269.326355 
	C750.505310,276.421326 755.606812,284.034851 760.615845,291.707794 
	C761.253723,292.684845 762.360474,293.663208 762.294312,294.725433 
	C761.808044,302.543304 767.199341,307.883667 770.266235,314.199280 
	C771.062256,315.838470 771.947998,317.487488 771.239807,319.711548 
z"/>
<path fill="#E82E03" opacity="1.000000" stroke="none" 
	d="
M807.777710,310.359497 
	C803.457458,305.315338 797.459961,301.863800 794.328796,295.728973 
	C791.048035,289.300995 785.857727,284.299713 781.297546,278.839447 
	C779.155457,276.274506 776.640869,273.789825 776.080933,270.486267 
	C774.546753,261.435303 768.498901,255.177307 762.998962,248.623627 
	C760.141846,245.219254 758.827332,240.074844 753.369995,239.261063 
	C753.046509,239.212814 752.685242,238.503006 752.579590,238.045990 
	C750.901550,230.788559 744.053040,228.259109 739.260498,223.421448 
	C739.763977,222.494766 740.480286,221.807205 741.478760,221.024170 
	C744.605530,221.147705 746.003479,223.390076 747.537048,225.274338 
	C751.703674,230.393784 757.496155,234.422684 760.720276,239.852585 
	C764.804199,246.730377 772.898621,248.270584 776.856323,255.088852 
	C783.010132,265.690399 792.282349,274.105042 798.664978,284.722260 
	C802.382324,290.905884 807.066467,296.536102 810.070862,303.195129 
	C811.242432,305.791870 813.248779,308.681549 808.116943,309.964539 
	C807.910095,310.268921 807.830200,310.343933 807.777710,310.359497 
z"/>
<path fill="#C92103" opacity="1.000000" stroke="none" 
	d="
M828.757690,550.262146 
	C830.521973,548.563965 829.940369,546.361084 830.963745,544.364014 
	C831.026184,543.405090 831.206604,542.868042 831.791870,542.201050 
	C835.009827,532.808289 838.254517,523.690796 840.462585,514.249756 
	C840.783081,512.879456 840.937073,511.254822 842.684204,510.176147 
	C844.305176,508.921051 845.713379,508.667786 847.626221,509.730713 
	C847.378113,519.335266 844.262512,528.103943 841.427124,536.867004 
	C838.371887,546.309265 836.996460,556.063293 835.176453,565.719238 
	C833.850281,572.755554 830.183777,578.550354 827.132629,584.717529 
	C825.803711,587.403564 825.582886,591.168152 820.814697,591.088440 
	C817.558350,586.996460 814.718933,582.876648 811.818115,578.406006 
	C816.119812,577.903625 817.273376,574.291931 818.496826,571.254211 
	C821.375305,564.107300 825.359802,557.520447 828.757690,550.262146 
z"/>
<path fill="#FDE65E" opacity="1.000000" stroke="none" 
	d="
M733.572266,359.088440 
	C729.906494,356.280029 727.284241,352.907013 722.070068,352.063232 
	C719.019348,351.569489 717.755676,346.023773 716.856812,342.859711 
	C715.505371,338.102539 712.556519,336.236298 708.842651,334.393982 
	C707.665100,333.809906 706.614319,332.970337 705.184753,332.093201 
	C705.970825,322.980591 706.121826,313.993744 705.707031,304.524658 
	C706.479919,303.218292 707.615540,302.807343 708.432373,303.325470 
	C711.790649,305.455872 714.649658,308.371307 718.762146,309.292297 
	C719.619751,309.484344 720.158264,311.137695 719.628540,311.904541 
	C716.663269,316.196320 721.064575,319.294464 721.273621,323.042969 
	C721.323486,323.936096 722.043884,324.557892 722.856079,324.811279 
	C727.186462,326.162476 727.891663,329.944580 729.309265,333.563141 
	C732.077881,340.630249 734.663025,347.885437 740.229126,353.880188 
	C738.190735,355.811676 736.038086,357.399445 733.572266,359.088440 
z"/>
<path fill="#FC7608" opacity="1.000000" stroke="none" 
	d="
M771.280579,320.195251 
	C770.076538,315.542908 768.076416,311.467804 765.257019,308.076599 
	C763.117981,305.503784 761.800781,303.038147 761.739441,299.725708 
	C761.590637,291.688293 755.448608,286.640991 751.565125,280.613342 
	C746.809509,273.231934 740.542053,266.839600 735.535950,259.599426 
	C732.105896,254.638626 726.629822,252.619278 722.468872,248.788651 
	C718.246155,244.901154 714.581848,240.337448 708.907776,238.138199 
	C706.495728,237.203339 707.092590,233.854523 705.819824,231.639114 
	C706.403381,231.362503 706.888489,231.347519 707.714111,231.469025 
	C709.836609,233.296356 712.202332,234.249527 713.447693,236.694626 
	C714.001587,237.782028 716.005554,238.901779 717.202271,238.758926 
	C722.750854,238.096481 725.421204,241.896133 728.776611,245.153885 
	C736.411560,252.566727 743.428650,260.473297 749.691040,269.066010 
	C750.176392,269.732025 750.717834,270.461609 751.407593,270.858459 
	C759.918701,275.755463 761.473389,285.233521 765.853027,292.829681 
	C767.046814,294.900085 768.234924,297.169373 767.240845,299.878876 
	C766.617859,301.576843 768.073181,302.638733 769.166504,303.620422 
	C772.785400,306.869720 774.744446,310.630005 775.723755,315.646576 
	C776.503967,319.643463 779.416260,323.249512 778.172302,328.138733 
	C778.029358,328.795471 777.848877,328.981018 777.367249,329.097382 
	C774.454956,326.758759 773.412109,323.316162 771.280579,320.195251 
z"/>
<path fill="#FCCE53" opacity="1.000000" stroke="none" 
	d="
M731.744995,444.357697 
	C731.708679,448.438873 733.506165,453.181091 728.016479,455.780914 
	C726.453552,456.521057 726.205139,459.224152 726.041138,461.205872 
	C725.550781,467.131287 722.189819,471.923706 720.146545,477.237213 
	C717.767456,483.423950 712.124695,488.086945 711.996399,495.617554 
	C707.808594,494.219208 703.625183,492.413086 699.185913,490.370728 
	C698.721375,489.868011 698.401367,489.440796 698.524048,489.282623 
	C702.788391,483.786316 701.700806,476.373840 705.206299,470.632568 
	C706.903259,467.853210 708.079468,465.301971 704.216492,463.308929 
	C703.591125,462.986237 703.535156,462.231415 703.774780,461.245056 
	C714.432495,457.600983 722.855103,450.891968 731.744995,444.357697 
z"/>
<path fill="#FC6705" opacity="1.000000" stroke="none" 
	d="
M806.742554,446.773438 
	C806.645935,448.094971 806.004395,449.198395 806.004028,450.302032 
	C806.000916,459.708710 799.697083,466.789612 796.233215,474.782318 
	C794.913635,477.827148 794.075073,483.393707 788.689148,484.929108 
	C787.230652,485.344879 786.785461,489.566345 786.018372,492.084656 
	C785.270874,494.538361 784.256287,496.100250 782.177551,493.230743 
	C779.671509,489.771118 778.798157,491.420319 777.753479,494.256989 
	C776.759766,496.955383 774.945679,498.767151 772.144592,500.167877 
	C768.626343,501.927124 768.979736,506.526123 767.059753,509.595215 
	C763.982971,514.513306 762.154053,520.427490 755.799805,523.123840 
	C753.548340,521.752502 751.663208,520.226074 749.589600,518.399536 
	C755.858398,519.582458 757.958252,514.828979 759.591675,510.365906 
	C761.627014,504.804382 765.503052,500.225922 767.267151,494.545258 
	C768.656860,490.070404 768.751160,487.791595 766.479797,484.361084 
	C769.425659,484.072052 772.220703,483.707123 772.337402,479.813080 
	C772.370667,478.704071 773.861023,477.530273 774.821228,479.053925 
	C777.649658,483.542023 779.757935,481.165833 781.677795,478.410278 
	C783.647644,479.032074 782.486450,482.742462 785.407104,481.679047 
	C788.104370,480.697021 790.584412,479.496826 791.008423,476.045074 
	C791.511108,471.952759 792.311218,467.897003 792.992432,463.414520 
	C797.649414,459.707275 799.563171,455.085938 799.764771,449.260223 
	C799.992676,448.996338 800.000000,449.000000 799.997559,448.996704 
	C802.155701,448.164795 803.771545,445.883972 806.742554,446.773438 
z"/>
<path fill="#FDDA66" opacity="1.000000" stroke="none" 
	d="
M703.572449,460.944031 
	C704.065125,461.257996 704.077087,461.810852 704.241333,461.860504 
	C711.151245,463.950165 708.828857,467.755920 706.150818,471.713318 
	C705.331787,472.923676 704.031128,474.399750 704.194336,475.582581 
	C704.972168,481.218018 702.242493,485.360931 698.985962,489.771667 
	C689.219849,486.470459 681.096313,479.982635 672.104370,475.038910 
	C669.137573,473.407776 671.449341,472.480499 672.622131,471.108398 
	C679.183777,463.431732 688.095764,462.422058 697.308044,462.015198 
	C699.271545,461.928467 701.211792,461.317596 703.572449,460.944031 
z"/>
<path fill="#FDD847" opacity="1.000000" stroke="none" 
	d="
M740.641968,354.134338 
	C734.529541,351.927399 733.656921,346.019684 731.088928,341.396393 
	C729.112915,337.838837 727.589111,334.045807 726.839905,329.989868 
	C726.723450,329.359497 726.365601,328.324249 725.985840,328.259552 
	C720.427490,327.312469 720.123108,322.190613 717.866821,318.529205 
	C716.617126,316.501434 715.039062,315.137482 717.931030,313.351868 
	C718.836365,312.792877 719.122986,311.713531 718.694763,310.683624 
	C718.190369,309.470337 717.068420,308.753662 715.880432,309.111969 
	C712.988403,309.984161 711.231689,309.704590 710.666504,306.160645 
	C710.385254,304.397003 708.280151,304.099365 706.145874,304.047058 
	C704.444763,297.990601 703.151184,291.920715 701.831360,285.451385 
	C704.014160,285.980835 706.225769,286.948578 708.703979,282.621094 
	C707.679077,289.345184 709.550110,292.108154 713.424866,295.418671 
	C718.631348,299.867004 723.499329,305.690857 725.878540,312.308533 
	C728.220337,318.822388 732.069397,324.374329 735.347534,330.222229 
	C739.043518,336.815399 739.591003,344.512268 744.039917,351.022095 
	C743.223328,352.173737 742.081970,353.109283 740.641968,354.134338 
z"/>
<path fill="#FC7608" opacity="1.000000" stroke="none" 
	d="
M806.993469,446.547516 
	C804.321411,445.953064 803.805847,451.446045 800.345093,449.030090 
	C799.704712,439.201691 801.815247,429.483612 800.977539,419.684143 
	C800.134460,409.821777 799.139343,399.972321 798.186523,390.119537 
	C798.024719,388.446289 797.737366,386.786438 795.566284,385.719360 
	C797.126221,381.716461 800.668823,379.352539 803.694641,376.117065 
	C805.050964,384.282928 806.777344,392.470428 807.586548,400.841125 
	C808.859192,414.005676 809.633728,427.079071 807.457153,440.199646 
	C807.135254,442.139709 807.141968,444.134247 806.993469,446.547516 
z"/>
<path fill="#FDD847" opacity="1.000000" stroke="none" 
	d="
M485.505646,204.975281 
	C502.021179,205.005020 518.087952,205.005020 534.154724,205.005020 
	C526.005798,209.556717 517.821106,213.785248 510.318909,219.172470 
	C508.929260,220.170395 507.783752,219.392014 506.576050,218.967331 
	C495.281525,214.995773 483.976593,211.052017 472.728241,206.953247 
	C471.418915,206.476151 468.270782,206.666229 469.740417,203.905655 
	C470.820496,201.876785 472.612030,199.541183 475.761078,201.499542 
	C478.612244,203.272659 481.705292,204.479553 485.505646,204.975281 
z"/>
<path fill="#FCBE32" opacity="1.000000" stroke="none" 
	d="
M749.543457,347.128052 
	C747.164062,341.982788 745.189331,336.815735 743.081360,331.703644 
	C741.158569,327.040619 739.288513,322.398773 736.729736,317.962463 
	C734.426636,313.969360 733.451599,309.172363 732.152771,304.654602 
	C731.544678,302.539215 731.380554,300.374298 728.748169,299.753510 
	C728.449951,299.683136 727.942505,299.340515 727.968994,299.219330 
	C729.169373,293.709381 723.838440,293.238586 721.400208,290.508087 
	C719.224670,288.071808 720.131958,284.824310 719.997437,281.447479 
	C721.055969,278.869476 721.785034,276.804535 724.216980,280.251526 
	C728.771118,286.706238 732.371460,293.667267 736.080444,300.595184 
	C737.533752,303.309784 738.436951,306.486267 741.363953,308.218781 
	C742.267334,308.753540 742.746643,309.568909 742.963928,310.617126 
	C744.714783,319.064117 749.482849,326.198334 753.328979,333.695953 
	C754.931702,336.820282 755.908508,339.646332 755.007324,343.398560 
	C753.478882,345.161743 752.104309,346.785248 749.543457,347.128052 
z"/>
<path fill="#FEEDBA" opacity="1.000000" stroke="none" 
	d="
M649.724426,412.195587 
	C650.133728,412.547485 650.172424,413.052429 650.341980,413.508759 
	C651.082581,415.501617 654.291260,415.771637 653.953003,418.471069 
	C653.500122,422.085754 652.349976,425.458832 650.634583,428.724701 
	C645.559265,438.387634 639.150269,446.923126 630.199341,453.848633 
	C626.053101,453.223511 623.531006,450.546021 621.080811,447.377686 
	C631.171021,442.341461 633.248840,431.280792 639.810059,423.313416 
	C644.415649,420.567139 645.793640,415.463440 649.724426,412.195587 
z"/>
<path fill="#FDF385" opacity="1.000000" stroke="none" 
	d="
M696.626465,358.172546 
	C702.306885,360.868408 705.167603,367.077301 702.760681,372.258423 
	C701.029236,375.985535 704.829590,377.532166 704.984436,380.736633 
	C699.785156,386.411011 693.562195,390.483673 687.388428,395.144043 
	C685.674805,391.596771 686.020630,387.773926 686.015564,383.989105 
	C686.012451,381.667938 686.181335,379.327759 684.174316,377.169006 
	C688.219788,370.887390 692.933105,365.064911 696.626465,358.172546 
z"/>
<path fill="#FC5606" opacity="1.000000" stroke="none" 
	d="
M763.959717,269.637878 
	C757.815063,269.930634 756.286438,263.955566 752.628967,260.765320 
	C748.023438,256.748169 744.702271,251.361115 740.768066,246.689545 
	C736.957703,242.165039 731.986816,239.400146 728.157410,235.175598 
	C726.010742,232.807449 722.873291,231.836685 719.338623,231.434265 
	C725.489380,229.718933 731.891235,228.186203 737.620361,223.992950 
	C738.258301,226.627609 739.314758,229.239548 736.589844,231.690887 
	C734.958130,233.158783 736.482544,235.084259 737.894714,236.379120 
	C746.249329,244.039703 752.269409,253.754089 760.241089,261.749512 
	C762.326111,263.840790 762.645081,266.790802 763.959717,269.637878 
z"/>
<path fill="#FDE65E" opacity="1.000000" stroke="none" 
	d="
M735.227417,402.850891 
	C725.306274,412.419434 714.328979,420.167450 703.915649,428.608795 
	C701.600647,430.485382 699.647400,429.262665 698.164978,427.874512 
	C696.104919,425.945374 698.740356,425.023865 699.716736,424.128296 
	C709.597229,415.065063 719.537415,406.064392 730.518066,397.789856 
	C732.803528,398.879333 734.614258,400.195221 735.227417,402.850891 
z"/>
<path fill="#FC5606" opacity="1.000000" stroke="none" 
	d="
M785.394592,324.026245 
	C785.060730,323.096436 784.816467,321.730042 785.864746,321.416260 
	C791.514038,319.725372 788.779053,316.512756 787.173645,313.834137 
	C779.899597,301.697998 773.640503,288.965424 765.664490,277.241577 
	C764.891785,276.105774 764.721008,274.776825 765.710083,273.238770 
	C773.510254,276.956329 775.600708,285.080719 780.005432,291.418762 
	C783.855530,296.958588 784.974060,303.900726 788.927917,309.421326 
	C790.913391,312.193542 791.906128,315.307220 792.106506,319.138306 
	C790.003357,321.043335 787.866516,322.508545 785.394592,324.026245 
z"/>
<path fill="#E43C05" opacity="1.000000" stroke="none" 
	d="
M811.648682,328.106384 
	C815.023804,329.218170 817.412109,331.324188 819.844299,333.937561 
	C814.049683,338.862488 807.946167,343.627045 801.519775,348.548706 
	C798.983643,346.216309 799.009949,343.108093 798.927307,339.659729 
	C802.649231,335.029053 807.311584,331.980042 811.648682,328.106384 
z"/>
<path fill="#FBF2D4" opacity="1.000000" stroke="none" 
	d="
M639.720093,423.165253 
	C640.089661,425.849548 638.854187,428.345367 637.078979,430.201691 
	C634.483765,432.915527 632.742188,436.059814 631.366394,439.395020 
	C629.543579,443.813629 626.330078,446.166138 621.417847,447.019989 
	C620.826843,445.913269 620.631653,444.786346 620.383606,443.671143 
	C618.927185,437.124634 619.858276,435.679840 625.802002,432.852997 
	C630.832886,430.460327 635.544678,427.435425 639.720093,423.165253 
z"/>
<path fill="#FC8E11" opacity="1.000000" stroke="none" 
	d="
M774.804932,360.533386 
	C780.176880,355.562500 785.294189,350.943115 790.697815,346.153748 
	C793.769531,348.281647 793.810547,351.379639 793.294556,354.963562 
	C788.712524,359.355774 784.442871,363.512421 778.996460,366.739929 
	C778.681946,367.187317 778.574402,367.351196 778.239685,367.701721 
	C777.899170,368.034393 777.785767,368.180389 777.427612,368.456787 
	C774.912109,366.495911 773.543518,364.096344 774.804932,360.533386 
z"/>
<path fill="#FCD350" opacity="1.000000" stroke="none" 
	d="
M735.407959,403.085754 
	C734.481079,400.956085 731.219360,400.994598 730.921875,398.061584 
	C736.386963,391.832489 743.156921,387.399902 749.366089,381.861206 
	C751.725220,383.107819 751.902161,385.559937 753.133789,387.776001 
	C747.364258,393.089325 741.547302,398.030762 735.407959,403.085754 
z"/>
<path fill="#FCA31D" opacity="1.000000" stroke="none" 
	d="
M774.745972,360.281799 
	C774.152710,363.126648 777.159485,365.023224 777.134033,368.166077 
	C772.689575,372.369263 768.196289,376.151337 763.388794,380.076904 
	C760.510193,378.870148 759.502808,376.663879 759.808838,373.550903 
	C764.836426,368.953888 769.634460,364.667816 774.745972,360.281799 
z"/>
<path fill="#D52604" opacity="1.000000" stroke="none" 
	d="
M828.647949,550.057129 
	C827.024048,559.579956 820.756531,567.226318 817.155945,576.085083 
	C816.512939,577.667297 814.945129,579.620667 812.089478,578.145996 
	C811.401001,578.004578 811.170715,577.807434 811.045166,577.226135 
	C815.958557,577.083374 817.004761,573.005432 817.707764,569.707581 
	C818.393433,566.490845 819.012817,562.747375 817.004089,559.598511 
	C815.098145,556.610779 817.094666,555.053040 819.213196,555.285645 
	C823.793396,555.788635 825.984619,553.068604 828.647949,550.057129 
z"/>
<path fill="#FCB62B" opacity="1.000000" stroke="none" 
	d="
M759.732056,373.346619 
	C760.959778,375.346771 761.881165,377.453552 762.938599,379.890381 
	C759.981384,382.776489 756.888123,385.332581 753.488037,388.018250 
	C750.847656,387.012329 749.780029,385.126343 749.778442,382.166626 
	C749.690247,381.777069 749.735168,381.795502 749.759094,381.799194 
	C750.180359,381.753693 750.485474,381.559662 750.757080,380.939453 
	C753.686035,378.256897 756.555908,375.855072 759.732056,373.346619 
z"/>
<path fill="#FC7608" opacity="1.000000" stroke="none" 
	d="
M793.415588,355.206848 
	C792.431213,352.483765 791.764038,349.623169 791.040466,346.373169 
	C793.469910,343.814209 795.955688,341.644684 798.743530,339.365967 
	C800.426819,341.939056 801.156189,344.779114 801.156128,348.255707 
	C798.708923,350.826935 796.220886,352.948120 793.415588,355.206848 
z"/>
<path fill="#FCBA37" opacity="1.000000" stroke="none" 
	d="
M626.852051,207.493225 
	C624.818665,204.228271 628.312622,203.867096 629.376038,202.363113 
	C630.302795,201.052414 631.386841,202.675110 632.075134,203.489883 
	C634.907104,206.842087 638.468994,209.246262 642.760864,211.450455 
	C635.901794,215.171173 631.925476,209.827286 626.852051,207.493225 
z"/>
<path fill="#F33603" opacity="1.000000" stroke="none" 
	d="
M822.167969,374.664337 
	C818.061279,373.168060 820.898193,369.090942 819.179688,366.389832 
	C818.417603,365.192047 819.051453,363.140900 816.955688,362.007996 
	C816.853149,361.281677 817.121887,360.723907 817.692261,360.085449 
	C818.370850,359.998413 818.594604,359.801514 818.856201,359.249664 
	C819.022461,359.054352 818.998840,359.001801 819.027039,359.007690 
	C819.209534,358.840607 819.363831,358.667694 819.754639,358.239960 
	C819.991150,357.985168 819.999878,357.998840 819.993164,357.994476 
	C822.908142,357.649719 824.437805,358.761200 823.995911,361.875671 
	C823.408081,366.019104 825.471252,370.513641 822.167969,374.664337 
z"/>
<path fill="#020101" opacity="1.000000" stroke="none" 
	d="
M446.355225,205.052490 
	C445.980621,204.138000 445.398285,203.976547 444.342743,204.071655 
	C443.123352,203.682404 442.229309,203.218948 441.263611,202.449310 
	C441.617554,202.147812 442.043182,202.152527 442.767517,202.043823 
	C445.865326,201.930420 448.664398,201.930420 451.632843,201.930420 
	C450.911926,204.726059 448.963959,205.105026 446.355225,205.052490 
z"/>
<path fill="#501704" opacity="1.000000" stroke="none" 
	d="
M649.254211,403.047852 
	C650.314575,402.040955 651.007568,400.634888 652.917053,401.281342 
	C652.312195,403.284546 651.627991,404.686523 649.254211,403.047852 
z"/>
<path fill="#F5E3AB" opacity="1.000000" stroke="none" 
	d="
M659.817993,219.734802 
	C659.409363,219.974472 658.816895,219.963730 657.777466,219.960510 
	C656.617920,219.826263 655.937073,219.153046 656.401062,218.726807 
	C657.652100,217.577576 658.587463,219.016357 659.817993,219.734802 
z"/>
<path fill="#020101" opacity="1.000000" stroke="none" 
	d="
M821.945312,342.188782 
	C822.488098,341.418579 823.079407,340.935669 823.670715,340.452759 
	C824.167419,341.403839 823.392029,341.907684 822.686035,342.694031 
	C822.284668,342.733490 822.139221,342.604767 821.945312,342.188782 
z"/>
<path fill="#E82E03" opacity="1.000000" stroke="none" 
	d="
M818.793579,359.139923 
	C818.845215,359.514221 819.280151,360.332489 818.139526,360.159180 
	C818.103088,359.685608 818.293396,359.425873 818.793579,359.139923 
z"/>
<path fill="#FC5606" opacity="1.000000" stroke="none" 
	d="
M783.389404,325.229736 
	C783.537659,324.899567 783.981812,324.497314 784.749939,324.076477 
	C784.611023,324.424500 784.148071,324.791077 783.389404,325.229736 
z"/>
<path fill="#D52604" opacity="1.000000" stroke="none" 
	d="
M809.726501,575.390747 
	C810.068359,575.513550 810.497314,575.924866 810.970093,576.653625 
	C810.613708,576.540466 810.213684,576.109924 809.726501,575.390747 
z"/>
<path fill="#F5E3AB" opacity="1.000000" stroke="none" 
	d="
M654.466675,217.528229 
	C654.429016,217.469727 654.504272,217.586716 654.466675,217.528229 
z"/>
<path fill="#E82E03" opacity="1.000000" stroke="none" 
	d="
M819.752747,358.068665 
	C819.895874,358.300140 819.721313,358.562347 819.261353,358.892639 
	C819.208252,358.726410 819.361328,358.439270 819.752747,358.068665 
z"/>
<path fill="#FCA31D" opacity="1.000000" stroke="none" 
	d="
M683.443970,227.469437 
	C683.244263,227.649963 682.841736,227.591293 682.232788,227.300781 
	C682.431335,227.122726 682.836243,227.176483 683.443970,227.469437 
z"/>
<path fill="#020101" opacity="1.000000" stroke="none" 
	d="
M822.315552,342.611664 
	C822.061646,343.359467 821.588379,343.670410 821.091187,343.138885 
	C820.939026,342.976288 821.159729,342.464874 821.553284,342.007385 
	C821.998230,342.054718 822.099548,342.207916 822.315552,342.611664 
z"/>
<path fill="#020101" opacity="1.000000" stroke="none" 
	d="
M807.462891,319.789124 
	C807.739441,319.214081 808.148926,318.939453 808.558411,318.664825 
	C808.662231,319.060303 808.766052,319.455811 808.552979,320.044159 
	C808.022583,320.187897 807.809204,320.138733 807.462891,319.789124 
z"/>
<path fill="#020101" opacity="1.000000" stroke="none" 
	d="
M808.014526,320.043823 
	C808.001404,320.772858 807.773987,321.451294 807.031311,321.072296 
	C806.772705,320.940338 806.762390,320.321838 806.984375,319.707123 
	C807.484314,319.609314 807.638733,319.729980 808.014526,320.043823 
z"/>
<path fill="#FCBA37" opacity="1.000000" stroke="none" 
	d="
M756.601074,422.753784 
	C756.688171,422.974670 756.517273,423.321838 756.055908,423.751160 
	C755.957886,423.515533 756.150452,423.197784 756.601074,422.753784 
z"/>
<path fill="#FCD350" opacity="1.000000" stroke="none" 
	d="
M750.578979,380.786194 
	C750.659424,380.993652 750.502747,381.328583 750.064514,381.733215 
	C749.969299,381.506500 750.155579,381.210083 750.578979,380.786194 
z"/>
<path fill="#FCA31D" opacity="1.000000" stroke="none" 
	d="
M778.235779,367.843079 
	C778.080444,367.618195 778.222351,367.395172 778.613953,367.121368 
	C778.891602,367.372192 778.781433,367.630310 778.235779,367.843079 
z"/>
<path fill="#FDF385" opacity="1.000000" stroke="none" 
	d="
M427.676910,258.371643 
	C437.548004,262.462128 446.283813,268.499634 456.460846,272.118500 
	C448.592102,275.522552 439.404388,274.698395 432.469971,280.946320 
	C423.361145,282.468353 418.311005,289.874146 411.282806,294.094513 
	C401.575165,299.923859 396.079620,308.878906 392.016235,319.086975 
	C390.381958,323.192535 386.907349,326.264740 383.361938,328.551819 
	C378.731720,331.538727 377.254517,335.861389 376.503235,340.622925 
	C375.924866,344.288300 375.130341,347.803375 373.416260,351.076965 
	C370.761444,356.147369 371.495239,361.020325 374.123688,365.819183 
	C376.450562,370.067535 379.066589,374.099609 382.901917,377.671326 
	C379.373413,387.582092 380.371307,396.638184 386.197632,405.512573 
	C386.294464,407.540131 385.007660,408.440460 384.045288,409.545776 
	C383.366486,410.325378 382.631653,411.577820 383.300354,412.210999 
	C387.234894,415.936859 386.182251,421.166534 387.438019,425.646942 
	C389.077942,431.497986 391.422882,437.226715 391.624756,443.813171 
	C387.281219,447.492310 380.875946,446.100006 378.171448,441.215668 
	C376.396606,438.010223 375.497681,434.411896 373.651917,430.802002 
	C370.225952,423.208740 365.797852,416.391479 365.396179,408.111969 
	C365.364624,407.461212 365.105194,406.578339 364.520142,406.387878 
	C358.194763,404.329071 360.227844,397.006073 356.341125,393.486420 
	C352.169098,389.708405 350.357941,384.272369 350.902588,379.535675 
	C351.862183,371.190887 347.877686,362.229370 353.731110,354.431854 
	C355.357147,352.265778 355.596191,349.488129 355.975983,346.836945 
	C356.600159,342.480133 357.805084,338.540863 361.489410,335.490662 
	C364.795288,332.753784 365.003326,328.041718 366.419647,324.352997 
	C369.606598,316.052979 374.976044,309.624878 380.509369,303.076965 
	C385.227142,297.494141 390.249817,292.167664 394.670990,286.334473 
	C395.482330,285.264038 396.385315,284.253326 397.576080,283.627960 
	C406.456055,278.964325 413.315979,272.026764 419.264374,264.140533 
	C421.407349,261.299438 425.497009,261.632050 427.676910,258.371643 
z"/>
<path fill="#FDED6F" opacity="1.000000" stroke="none" 
	d="
M427.688568,257.937256 
	C427.854919,259.398743 428.502045,261.269165 426.927338,261.668457 
	C418.000854,263.931915 415.374176,273.259888 408.533722,277.822449 
	C407.166321,278.734497 406.066986,280.090759 404.638977,280.862885 
	C393.215027,287.039612 387.512451,298.775024 378.579956,307.317474 
	C374.934784,310.803497 372.661346,315.092468 370.437469,319.062805 
	C368.215057,323.030640 365.239075,327.250916 365.020111,332.247833 
	C364.949524,333.859344 364.641754,335.467560 363.211426,336.119202 
	C358.039062,338.475494 357.695892,343.388885 357.179565,347.885345 
	C356.820709,351.010193 355.967743,353.828278 354.270538,356.233307 
	C352.081696,359.335114 351.375824,362.726318 352.093170,366.141785 
	C353.414154,372.431458 350.999420,378.795044 352.900726,385.065704 
	C353.391266,386.683502 353.773529,388.110565 354.887695,389.446960 
	C357.860748,393.012909 360.955658,396.569916 361.034119,401.623383 
	C361.047211,402.468201 361.180969,403.615601 362.079315,403.661957 
	C367.638519,403.948883 366.356232,408.120850 367.173126,411.574554 
	C368.249451,416.125244 369.391479,420.861786 372.324982,424.721863 
	C373.395325,426.130310 374.164154,427.450745 374.007202,429.612549 
	C372.863739,432.819489 371.276337,435.013214 367.416016,434.201660 
	C360.254150,422.616272 352.201416,412.114807 344.077637,401.665436 
	C338.391876,394.352051 332.674591,387.063202 326.887329,379.426880 
	C333.522797,370.373077 336.093903,359.688629 340.303986,349.819550 
	C341.972534,345.908264 341.650208,341.079010 342.800964,336.737701 
	C344.530548,330.212769 347.113129,324.217590 351.751862,319.185822 
	C356.549316,313.981873 358.624939,307.162628 362.108673,301.174561 
	C365.747894,294.919373 369.226959,288.604218 374.000061,283.104767 
	C375.334778,281.566986 376.866730,280.240875 378.637207,279.378235 
	C387.313324,275.150940 393.026398,267.440186 400.021912,261.259247 
	C404.098206,257.657623 409.222778,255.989151 413.536011,252.893204 
	C414.809204,251.979324 416.068420,252.752792 417.009003,253.882751 
	C418.212982,255.329071 419.676178,255.769302 421.782959,254.858978 
	C423.887238,255.732925 425.648651,256.737671 427.688568,257.937256 
z"/>
<path fill="#EF3303" opacity="1.000000" stroke="none" 
	d="
M226.954025,342.761414 
	C222.058044,346.689026 216.310028,349.016571 210.584991,352.051147 
	C207.363541,352.547729 207.188202,350.229858 206.555283,348.446136 
	C204.112564,341.561920 207.167389,335.623871 210.313126,330.003387 
	C217.443588,317.263397 225.575577,305.127991 233.724777,293.019012 
	C236.869553,288.346161 239.334991,283.296722 242.614594,278.655121 
	C248.554428,270.248535 255.166260,262.366730 261.063538,253.919601 
	C267.809601,244.256699 276.910919,236.588470 285.912537,228.759674 
	C289.511108,232.940857 292.887573,236.814377 298.694885,238.015244 
	C299.114899,238.386826 299.195282,238.609695 299.125000,239.154465 
	C293.331940,244.009720 289.229492,250.074326 283.448608,254.947327 
	C281.101105,255.940643 279.250946,257.109589 277.873718,258.798309 
	C268.004608,270.899475 257.865723,282.813080 250.460876,296.694305 
	C249.112961,299.221161 247.198059,301.311584 245.409729,303.481812 
	C242.849136,306.589264 240.920883,309.944611 239.322830,313.675720 
	C237.123947,318.809631 233.022385,322.876862 230.496872,327.931854 
	C229.015869,330.896210 227.434052,333.816925 226.105972,336.860474 
	C225.241516,338.841583 225.285431,340.740479 226.954025,342.761414 
z"/>
<path fill="#FEF69B" opacity="1.000000" stroke="none" 
	d="
M383.327087,377.805389 
	C373.655731,373.878845 367.651215,359.600067 372.185425,350.884766 
	C375.031067,345.415131 374.676788,339.287354 376.875244,333.735992 
	C377.498291,332.162872 377.730835,330.781921 379.355377,329.786957 
	C385.107452,326.263947 389.818573,321.802368 392.409180,315.308990 
	C393.821930,311.767883 396.025879,308.547821 397.523163,305.033905 
	C400.570404,297.882599 408.136658,295.878510 413.320221,291.178528 
	C416.164856,288.599213 419.132355,285.817902 422.479126,283.615204 
	C425.268188,281.779572 427.984894,280.609619 431.743408,281.080872 
	C427.982025,287.474884 425.173828,294.013153 429.279877,301.560272 
	C430.241028,303.326965 429.168396,303.722351 427.599152,304.133362 
	C416.231476,307.110687 408.636566,313.545624 407.972382,326.103943 
	C407.877716,327.893982 406.573547,328.529877 405.369934,329.457367 
	C396.100769,336.600098 394.409821,342.668915 398.329224,353.733337 
	C399.718292,357.654633 399.427612,360.774963 395.375916,363.594910 
	C390.323029,367.111664 386.698975,372.237488 383.327087,377.805389 
z"/>
<path fill="#AF1A02" opacity="1.000000" stroke="none" 
	d="
M191.269623,557.681885 
	C186.570251,557.639709 182.376221,555.705444 177.408691,556.006775 
	C174.472473,552.562988 174.230545,548.275818 173.235687,544.408020 
	C170.386337,533.330383 168.356705,522.041870 165.994476,510.421265 
	C165.049591,500.334595 164.074005,490.666656 163.192108,480.990204 
	C162.330887,471.540375 164.130386,462.182800 164.381073,452.760925 
	C164.594879,444.725861 166.295609,436.741974 166.929016,428.703186 
	C167.556488,420.739960 169.100494,413.031067 171.928894,405.172180 
	C174.068726,406.957031 176.052902,409.096008 178.161774,411.550110 
	C180.445236,418.106262 179.195419,424.472107 178.144806,430.562561 
	C174.561996,451.332306 177.184952,471.919983 178.973282,492.569794 
	C179.603912,499.851532 180.659515,507.071625 181.532776,514.746338 
	C183.538910,527.792725 188.167847,539.724731 191.209091,552.073120 
	C191.643188,553.835754 192.428055,555.537659 191.269623,557.681885 
z"/>
<path fill="#DD2902" opacity="1.000000" stroke="none" 
	d="
M200.998901,437.633728 
	C196.866150,441.565979 199.185974,446.347687 199.244370,450.506348 
	C199.344559,457.641846 199.684082,464.799347 200.921600,471.907104 
	C202.637054,481.760071 203.565918,491.707214 205.656891,501.554352 
	C207.057419,508.149963 208.160507,514.854980 209.936172,521.398621 
	C210.832214,524.700684 211.908890,527.953796 212.948273,531.616943 
	C212.100449,532.802246 211.027756,532.707886 210.282257,532.045776 
	C203.383392,525.918518 194.775558,522.084595 188.009857,515.160706 
	C182.619263,498.301575 181.578659,481.187225 180.560242,464.140564 
	C179.887985,452.888123 180.307770,441.563446 180.498276,430.274567 
	C180.561111,426.552368 180.257523,422.553833 183.956635,419.734467 
	C188.643127,420.992493 189.903748,425.240265 192.673813,427.927734 
	C195.648026,430.813293 198.169891,434.165131 200.998901,437.633728 
z"/>
<path fill="#F33603" opacity="1.000000" stroke="none" 
	d="
M267.269623,554.862000 
	C261.386932,558.764709 255.702820,562.347168 249.709656,566.026855 
	C247.378693,565.977539 245.888275,564.960510 245.189041,563.102234 
	C241.282837,552.721619 234.281631,543.796753 231.059998,533.106873 
	C227.987381,522.911377 221.757462,513.850159 220.646545,502.894653 
	C220.313217,499.607605 216.221481,497.812195 215.282547,494.185974 
	C214.859238,492.551178 214.032669,490.830658 213.558838,489.100037 
	C212.523010,485.317017 211.743210,481.916718 213.618103,477.694458 
	C216.031921,472.258636 215.062424,465.944336 214.970322,459.971588 
	C214.947556,458.495361 213.935806,457.602875 213.112961,456.558289 
	C211.878189,454.990723 210.513947,453.387390 212.083862,450.861511 
	C213.689392,451.505859 213.817078,453.754517 215.913651,454.577820 
	C216.228897,455.167114 216.438736,455.429413 216.893097,455.806946 
	C217.455963,456.005829 217.717758,456.191559 217.951538,456.749390 
	C218.472458,457.451813 218.454666,458.145020 219.136703,458.630005 
	C219.447464,458.611298 219.233871,458.929779 219.319183,458.758057 
	C219.240707,459.043488 219.337845,459.423676 220.067627,459.660553 
	C220.310196,459.748657 220.222473,459.890869 220.257690,459.815491 
	C220.238846,460.050537 220.342117,460.425781 221.058594,460.675110 
	C221.385284,460.639679 221.207764,461.027710 221.284058,460.828827 
	C221.204926,461.047516 221.314606,461.390961 221.914078,461.824188 
	C222.643326,462.535645 223.109848,463.093872 223.795563,463.816406 
	C224.146942,464.198395 224.279144,464.416046 224.512238,465.001709 
	C223.433640,475.964722 225.549774,486.066681 228.790771,496.099243 
	C230.335342,500.880524 233.523911,503.231903 238.021515,504.032013 
	C240.475876,504.468658 241.673203,505.550537 242.679733,507.770416 
	C249.257690,522.278076 257.763275,535.745789 265.530090,549.612671 
	C266.406311,551.177124 267.909973,552.468750 267.269623,554.862000 
z"/>
<path fill="#FDCD3D" opacity="1.000000" stroke="none" 
	d="
M390.834717,227.746002 
	C392.452179,229.116379 393.709229,230.553055 395.075378,232.285385 
	C396.334106,235.868469 393.881897,237.522552 391.949738,239.208618 
	C387.714081,242.904831 382.823395,246.020645 381.717499,252.172546 
	C381.660034,252.492157 381.443512,252.890549 381.169037,252.975159 
	C374.676422,254.976730 372.431610,262.224884 366.236877,264.809326 
	C360.325226,267.275635 356.777710,272.447815 353.923828,278.029999 
	C353.466034,278.925446 352.792572,279.919403 353.164490,280.842255 
	C355.863739,287.539734 351.746735,292.358826 348.523682,297.274597 
	C346.246643,300.747589 344.108795,304.293915 341.733276,308.137634 
	C333.324005,316.104187 325.758698,324.558380 321.899078,335.043213 
	C319.616150,341.244934 318.519440,348.091034 316.445618,354.528015 
	C315.661774,356.961060 314.812347,359.458588 310.999664,358.324402 
	C306.526245,352.980743 302.390320,347.800232 298.146790,342.301880 
	C300.706482,337.022705 304.120453,332.498718 306.564178,327.404144 
	C307.080566,326.327606 307.906769,325.370087 309.104889,325.167847 
	C312.478333,324.598389 314.310638,322.174164 315.556366,319.460266 
	C318.016327,314.100861 321.644714,309.566254 325.180206,304.965454 
	C329.731903,299.042084 334.515076,293.295013 338.292053,286.813049 
	C341.647858,281.053986 347.340942,277.238373 350.827271,271.462097 
	C352.437744,268.793793 353.965149,266.524017 353.712036,263.381805 
	C353.409760,259.628448 355.129028,256.904907 357.472778,254.041031 
	C362.853638,247.466049 369.316681,242.066193 375.548340,236.421967 
	C379.856323,232.520050 384.705750,229.304718 390.834717,227.746002 
z"/>
<path fill="#FDE65E" opacity="1.000000" stroke="none" 
	d="
M421.891846,254.491302 
	C420.246002,258.183655 417.839874,258.268677 416.143005,254.947098 
	C414.864044,252.443512 414.210724,253.839920 412.892639,254.553192 
	C406.860809,257.817291 400.759979,261.355774 396.388306,266.443512 
	C393.822754,269.429321 389.151031,270.524475 388.358582,275.105835 
	C388.192474,276.066162 387.260437,276.552979 386.260376,277.001648 
	C381.090271,279.321014 377.139771,282.608246 373.086334,287.027374 
	C368.179565,292.376740 366.348663,299.075409 361.809906,304.267944 
	C358.737762,307.782654 358.217194,312.723663 355.448975,316.716614 
	C353.656189,319.302643 351.107788,321.267670 349.472809,324.182953 
	C345.292145,331.637177 343.096710,339.276978 342.436584,347.717712 
	C342.008759,353.188080 338.554443,357.867493 336.385864,362.839417 
	C334.348450,367.510712 333.665741,372.819336 330.127930,376.849030 
	C329.351257,377.733673 328.813599,378.757812 327.170227,379.031891 
	C323.440277,376.044006 321.219025,372.080353 318.306976,368.290588 
	C323.109192,364.786285 325.206146,359.909546 326.945465,354.577484 
	C330.697968,343.073822 333.681793,331.220642 341.215759,321.298553 
	C345.014984,316.294983 347.160156,310.135742 352.069183,305.861816 
	C353.281738,304.806152 354.422241,303.088867 353.796631,301.394684 
	C352.363220,297.512970 354.431519,295.739288 357.282654,293.709167 
	C362.638641,289.895416 365.842072,284.542267 366.899689,277.606506 
	C368.597717,273.316437 371.288574,270.140137 374.479584,267.454376 
	C383.125122,260.177673 390.419861,251.415970 399.577881,244.711853 
	C400.985229,243.681625 401.564240,242.080078 402.680786,240.423126 
	C407.895874,243.911636 413.079559,247.331558 417.491760,251.756973 
	C418.600311,252.868805 420.254456,253.436615 421.891846,254.491302 
z"/>
<path fill="#FCBE32" opacity="1.000000" stroke="none" 
	d="
M391.005188,227.423798 
	C387.201752,230.905273 382.209290,232.483734 378.234222,235.824142 
	C370.358185,242.442734 363.108459,249.665802 356.221619,257.285553 
	C354.663055,259.009918 354.979950,261.008392 355.027557,262.958466 
	C355.117432,266.639069 354.026031,269.246277 351.575775,272.514130 
	C345.508514,280.605988 338.183319,287.749939 333.135773,296.656586 
	C330.894989,300.610596 327.625214,303.978577 324.849823,307.633301 
	C321.954285,311.446289 319.123505,315.232056 316.944641,319.604248 
	C315.535583,322.431702 314.445679,326.710999 309.467102,326.217346 
	C307.994965,326.071411 307.747223,327.957520 307.083496,329.082458 
	C304.510773,333.442688 302.783691,338.378540 298.348389,341.843201 
	C296.000946,339.574707 293.962677,337.165405 291.758545,334.454712 
	C297.071808,329.501038 299.879669,323.037018 303.204926,316.935883 
	C304.097504,315.298157 304.204681,313.428802 303.955872,311.210480 
	C303.895721,310.118073 303.989746,309.401154 304.380676,308.378510 
	C310.787354,306.542023 314.437164,302.385437 317.562164,296.896484 
	C320.748901,291.299133 325.347076,286.478943 329.969696,281.980774 
	C334.497955,277.574493 338.207703,273.462433 335.002136,266.403687 
	C337.089233,261.570892 340.453461,258.161041 344.274628,254.670868 
	C349.746460,248.955475 355.430664,243.919373 360.160736,237.525482 
	C360.484528,237.032761 360.637054,236.851486 361.083099,236.471161 
	C371.224548,234.287704 379.274078,228.732498 387.670013,223.104034 
	C388.942200,224.395538 389.878723,225.781723 391.005188,227.423798 
z"/>
<path fill="#F94503" opacity="1.000000" stroke="none" 
	d="
M267.419708,555.115173 
	C263.067871,547.992126 259.121582,540.769653 255.043732,533.622192 
	C251.742264,527.835571 247.654236,522.596619 245.678619,515.941711 
	C244.709656,512.677734 241.656876,509.962646 240.671677,506.216156 
	C240.100830,504.045349 237.620712,506.404999 235.824738,505.416931 
	C231.667252,503.129639 228.387802,500.767151 227.167450,495.637970 
	C224.820709,485.774628 220.945053,476.170197 223.961487,465.372314 
	C224.192963,464.881439 224.376587,464.775299 224.863464,464.765320 
	C225.166702,464.861511 225.070343,464.885254 225.088287,464.838989 
	C225.195587,465.154694 225.392395,465.443420 225.929962,465.798218 
	C230.709045,470.728424 235.254700,475.519501 239.914627,480.624023 
	C240.427017,481.484070 240.835678,482.133179 240.743744,482.756683 
	C239.379013,492.012329 243.769531,497.565460 251.887497,501.296417 
	C255.558441,502.983551 257.683105,506.383118 258.689056,510.601074 
	C259.997864,516.088623 262.942200,521.002808 265.255981,526.130371 
	C265.954895,527.679138 267.411591,528.542114 268.783905,529.519714 
	C273.696411,533.019348 277.165283,537.801270 280.073700,542.993164 
	C280.792023,544.275452 281.156708,545.794006 280.223511,547.587708 
	C276.227600,550.800964 271.903198,552.763184 267.419708,555.115173 
z"/>
<path fill="#FCA31D" opacity="1.000000" stroke="none" 
	d="
M305.258514,307.738525 
	C305.003876,308.749939 304.996765,309.495880 304.988342,310.614807 
	C300.192200,314.160431 299.615051,320.199219 295.979736,324.231659 
	C293.921326,326.514923 292.446136,329.368835 290.245667,332.041229 
	C289.346039,331.695404 288.759338,331.170227 288.069611,330.364899 
	C286.394165,324.470673 286.288635,319.474213 292.189941,315.878357 
	C295.024323,314.151276 296.591095,310.906433 297.774536,307.830383 
	C299.567047,303.171204 301.530670,298.710571 305.117889,295.091339 
	C308.929962,291.245239 308.996674,286.344086 308.471558,281.094666 
	C307.765686,280.041077 307.199646,279.305725 306.563599,278.190887 
	C306.307922,277.394531 306.284424,276.919922 306.435303,276.097778 
	C312.190735,269.711700 317.805420,263.643036 323.643036,257.761658 
	C330.768372,250.582870 337.832611,243.361908 345.195923,236.416702 
	C348.670746,233.139175 352.912720,230.594193 355.444946,226.330322 
	C356.390381,224.738358 358.564117,225.320328 359.595032,223.823730 
	C366.993469,220.721771 375.140839,219.331253 381.895355,214.457260 
	C383.654816,213.187653 384.542206,214.020859 385.010193,215.889404 
	C385.371185,217.330643 385.937164,218.720535 386.526672,220.513214 
	C384.740204,223.017715 382.015320,223.511307 379.504517,223.853806 
	C371.270477,224.977051 366.400238,230.669327 361.267822,236.721954 
	C361.032959,237.014038 361.004883,237.004822 361.009491,237.018890 
	C354.211487,241.397736 348.275513,246.534668 345.247925,254.738052 
	C342.109558,258.470947 339.201996,261.934479 336.146606,265.698395 
	C331.885101,269.999298 327.058685,273.132782 323.118164,277.421051 
	C318.276764,282.689697 316.975098,289.344604 314.652496,295.598663 
	C312.796967,300.594971 310.134430,304.728729 305.258514,307.738525 
z"/>
<path fill="#FC7608" opacity="1.000000" stroke="none" 
	d="
M323.748413,234.168396 
	C326.055389,233.113754 328.104614,232.295807 330.537445,231.438263 
	C332.650085,236.127762 329.010742,238.742538 326.492126,241.427979 
	C324.374146,243.686264 323.018982,245.619492 322.634949,248.924179 
	C322.167847,252.943405 320.040649,256.725494 317.049072,259.732635 
	C312.459930,264.345612 309.031219,269.767517 305.733459,275.735321 
	C292.806305,288.938995 282.701111,303.776154 273.614685,319.358887 
	C272.844910,320.678955 272.106598,321.933105 270.323822,322.733704 
	C268.423065,323.331116 266.827637,323.740875 264.882080,324.122742 
	C262.941406,324.381256 261.124542,325.284332 259.866089,323.824890 
	C258.457428,322.191345 259.483307,320.347229 260.286285,318.717072 
	C263.271881,312.655731 266.355164,306.707855 270.330444,301.141510 
	C273.102753,297.259613 273.741821,292.101013 277.035858,288.156952 
	C279.665466,285.008423 281.993652,281.547760 284.828918,278.061279 
	C288.331207,273.204651 291.298096,268.402405 295.102966,263.768677 
	C304.974548,254.051437 313.950500,243.955017 323.748413,234.168396 
z"/>
<path fill="#DD2902" opacity="1.000000" stroke="none" 
	d="
M286.194153,228.543716 
	C284.092346,231.179642 282.033051,233.572662 279.741943,235.718094 
	C270.127533,244.721100 261.464752,254.489838 254.166687,265.513641 
	C250.343704,271.288361 245.123718,276.195221 241.692810,282.160156 
	C235.333420,293.216492 227.884872,303.550018 221.302841,314.447510 
	C216.787079,321.923981 211.629593,328.991882 208.337234,337.192810 
	C206.255127,342.379150 206.603180,347.108154 209.888916,351.923584 
	C204.385696,355.307983 198.530090,358.522339 192.334976,361.774078 
	C190.174316,360.788696 190.035980,359.347473 190.998825,357.317749 
	C202.736557,335.948486 212.773270,313.994385 225.869476,293.326477 
	C232.066528,284.790283 238.235535,276.646179 244.155014,268.324554 
	C254.294083,254.071060 267.122162,242.326126 279.426361,230.086838 
	C281.199951,228.322617 282.974854,226.584061 284.071228,223.852081 
	C284.852570,225.062592 285.491302,226.624756 286.194153,228.543716 
z"/>
<path fill="#F95203" opacity="1.000000" stroke="none" 
	d="
M296.220764,263.709167 
	C292.864410,268.544800 289.705353,273.080383 286.277893,277.814941 
	C275.502991,284.079590 270.285278,294.757721 263.467041,304.010986 
	C258.660736,310.533752 253.968964,317.157715 250.078751,324.299835 
	C249.513229,325.338043 248.660965,326.138550 247.034561,326.184448 
	C243.162567,320.954315 243.533432,315.200195 247.714493,310.859253 
	C248.413467,310.133575 249.273804,309.494843 249.400162,308.462891 
	C250.350037,300.705109 254.670532,294.500732 259.003052,288.439606 
	C266.997650,277.255280 274.344971,265.627655 282.743713,254.278137 
	C286.716187,250.123184 290.396851,246.206558 294.157623,242.368408 
	C295.395569,241.104996 296.414490,239.503433 298.667389,239.019516 
	C299.950592,238.126419 301.089386,238.662201 302.450806,238.602066 
	C304.248749,238.576813 305.727661,238.480209 307.650818,238.427155 
	C309.572266,239.048859 309.272369,239.882812 308.252350,240.533493 
	C306.809723,241.453766 305.022430,241.115982 303.452850,241.590942 
	C301.112915,242.299026 299.470276,243.571655 300.868073,246.286453 
	C301.717102,247.935455 301.841461,249.637131 300.808411,250.983963 
	C297.970673,254.683685 297.408936,259.104645 296.220764,263.709167 
z"/>
<path fill="#FC5606" opacity="1.000000" stroke="none" 
	d="
M280.344574,547.933472 
	C279.587006,543.359436 277.379944,540.000793 274.045837,536.918518 
	C265.693787,529.197266 258.874329,520.459534 256.885040,508.739777 
	C256.326965,505.452057 253.510147,503.388275 250.735779,502.004639 
	C247.994980,500.637726 245.763550,498.578949 242.616913,497.558075 
	C239.571915,496.570160 240.183823,491.915710 239.442902,488.880646 
	C238.900620,486.659363 239.758926,484.096161 240.010925,481.311462 
	C246.533325,486.985016 252.156036,493.892181 258.795044,499.836060 
	C263.026337,503.624298 267.382233,506.987640 272.894043,509.356995 
	C274.859344,514.072388 277.206207,518.203796 279.920074,522.180603 
	C281.321533,524.234253 282.383850,524.262695 284.295502,522.906738 
	C289.863647,518.956970 291.983093,519.439514 295.820770,525.182983 
	C296.096588,525.595703 296.279144,526.092041 296.626984,526.433105 
	C301.862701,531.566650 302.137543,532.179626 296.365356,540.580078 
	C290.923431,543.133850 285.814423,545.564636 280.344574,547.933472 
z"/>
<path fill="#FCDD51" opacity="1.000000" stroke="none" 
	d="
M367.723755,276.768127 
	C367.886139,284.935364 363.882538,290.705231 357.655304,295.099335 
	C355.485107,296.630707 352.790741,297.073914 355.469238,300.913666 
	C357.102448,303.254974 354.153137,306.290344 352.378448,307.651337 
	C348.455994,310.659363 347.195251,315.194153 344.462738,318.814087 
	C335.765472,330.335968 331.664612,343.702728 327.586151,357.288208 
	C326.430878,361.136383 325.514008,367.464478 318.598572,367.976593 
	C315.785034,364.918610 313.339905,361.865967 310.778473,358.487305 
	C311.945648,357.955902 313.906097,358.254059 314.217621,356.922699 
	C315.621857,350.921326 319.581818,345.512543 319.033051,339.163452 
	C318.798523,336.450195 320.076721,334.646851 321.108856,332.847687 
	C326.330353,323.745728 331.828308,314.790039 340.681030,308.123657 
	C343.378113,307.450500 344.549103,305.730255 345.167206,303.561493 
	C346.385559,299.286652 349.122253,296.144806 352.194580,293.039001 
	C355.890778,289.302582 359.361938,285.277771 361.825348,280.545044 
	C363.031433,278.227905 364.515930,276.382935 367.723755,276.768127 
z"/>
<path fill="#FEEDBA" opacity="1.000000" stroke="none" 
	d="
M457.047058,464.681915 
	C453.756012,468.854279 448.798706,470.203888 444.395081,473.020020 
	C438.688873,468.016876 433.737122,462.484253 427.043335,458.450348 
	C424.116577,454.113281 420.504456,450.896240 416.541992,448.278473 
	C413.766235,446.444733 411.568787,444.508911 410.465881,441.376343 
	C410.134918,440.436401 409.753387,439.408081 409.005066,438.790619 
	C402.056763,433.057404 404.388672,425.753418 405.746521,418.348389 
	C411.053284,419.457733 416.421448,419.592804 421.673157,421.833252 
	C424.206085,424.156830 424.281799,427.116211 424.745178,429.850311 
	C425.773376,435.917297 428.785126,440.675659 433.675751,444.281372 
	C437.040039,446.761780 439.705597,449.992737 442.675995,452.861481 
	C447.115082,457.148590 452.434784,460.221008 457.047058,464.681915 
z"/>
<path fill="#F94503" opacity="1.000000" stroke="none" 
	d="
M282.653320,254.043335 
	C279.722992,262.446625 273.729736,269.196838 268.814453,276.603821 
	C263.060272,285.274994 256.354584,293.323975 252.015198,302.904327 
	C251.309402,304.462555 250.922546,306.011536 250.985992,307.713043 
	C251.035492,309.040405 251.016754,310.344849 249.886536,311.382080 
	C245.214493,315.669708 244.458267,319.316132 246.975357,325.649719 
	C248.369965,328.225708 247.505157,330.257172 246.252975,332.598328 
	C240.702148,337.039886 234.521973,339.559631 228.290497,342.662079 
	C227.761536,342.698761 227.570190,342.666534 227.212158,342.872864 
	C227.045456,343.111481 227.050217,343.049622 227.076004,343.067322 
	C222.941757,343.039825 223.646545,340.026337 224.336395,337.798767 
	C225.255539,334.830780 226.390152,331.672180 228.324448,329.333344 
	C231.623657,325.344147 234.180817,320.512695 236.206253,316.288696 
	C240.967514,306.359192 248.476974,298.469879 253.655899,288.962311 
	C259.999512,277.316589 269.271332,267.709229 277.376007,257.299652 
	C278.516388,255.834946 280.635956,255.132614 282.653320,254.043335 
z"/>
<path fill="#FDD847" opacity="1.000000" stroke="none" 
	d="
M368.142578,276.695892 
	C362.969055,277.394867 363.077087,282.576416 360.450012,285.240448 
	C356.908051,288.832306 354.366821,293.294647 350.225189,296.484802 
	C346.838776,299.093231 346.973724,303.913422 344.810730,307.395966 
	C343.991455,308.715027 343.459137,310.974396 341.251038,308.164001 
	C342.886475,301.852264 347.520966,297.333588 350.490814,291.837830 
	C352.200256,288.674408 354.617798,285.554047 351.554993,281.812042 
	C350.703583,280.771820 351.306732,279.716614 351.878784,278.609741 
	C355.533264,271.538269 360.448822,265.677429 367.739563,262.183258 
	C370.561371,260.830841 372.784332,259.112610 373.997162,256.144470 
	C374.355164,255.268372 375.169006,253.932114 375.803711,253.915070 
	C382.497772,253.735306 380.971313,246.612030 384.575500,243.649139 
	C388.205475,240.665024 392.712585,238.376724 394.917328,233.823151 
	C394.988037,233.677048 394.999817,233.502396 395.111755,232.961060 
	C397.652863,234.925171 400.121277,237.269302 402.768555,239.897827 
	C403.842346,245.949417 398.323639,247.057312 395.472321,249.736893 
	C386.218231,258.433594 376.489441,266.622803 368.142578,276.695892 
z"/>
<path fill="#C92103" opacity="1.000000" stroke="none" 
	d="
M184.395264,419.456848 
	C182.203110,422.372559 182.110321,425.616486 182.070068,428.642059 
	C181.901672,441.302338 181.222382,454.027008 182.204086,466.613098 
	C183.383270,481.730865 183.838943,497.061218 188.711914,511.696655 
	C189.067642,512.765015 188.917847,514.001648 189.004700,515.578613 
	C190.768570,517.776794 192.716354,519.478394 191.499847,522.777954 
	C186.012817,524.421265 183.942352,523.420837 181.921219,518.571289 
	C181.601990,517.805298 181.131699,517.163513 180.291046,516.283569 
	C178.897522,505.503235 177.738388,495.013733 176.693680,484.512817 
	C176.040649,477.948639 175.518585,471.370483 175.010406,464.792999 
	C173.847275,449.737854 175.633377,434.864532 178.002777,420.049103 
	C178.430252,417.376251 176.495346,414.939514 177.969086,412.091339 
	C180.680389,413.970856 182.820389,416.290405 184.395264,419.456848 
z"/>
<path fill="#FDDE77" opacity="1.000000" stroke="none" 
	d="
M374.139648,461.212524 
	C373.871826,457.629669 373.879944,454.284149 373.826019,450.487213 
	C374.408844,448.621979 375.652008,447.727936 376.715820,446.687927 
	C378.956940,444.497040 381.459015,444.642242 383.221771,446.942993 
	C385.773438,450.273499 388.724915,453.161804 391.683197,456.083069 
	C392.878296,457.263214 393.749481,458.743591 394.059326,460.411743 
	C394.699005,463.855499 396.366730,466.221283 400.040039,466.845184 
	C401.649994,467.118652 402.880493,468.129364 403.078339,469.767273 
	C403.548737,473.661591 406.232300,474.901123 409.532654,475.624573 
	C413.802887,476.560669 416.974701,479.210388 419.736816,482.429047 
	C420.930847,483.820465 422.233429,485.206329 421.205627,487.620178 
	C417.790253,490.883423 414.503021,493.715393 410.325867,495.887207 
	C404.696259,494.513245 400.807617,491.850250 396.940704,487.383453 
	C391.058197,480.588318 388.606201,472.656952 385.362030,464.860657 
	C384.205688,462.081665 382.557068,460.481842 379.298279,461.189087 
	C377.711212,461.533539 376.077148,462.048126 374.139648,461.212524 
z"/>
<path fill="#FDE786" opacity="1.000000" stroke="none" 
	d="
M421.320038,487.864075 
	C419.025299,480.590637 413.234863,477.871979 406.666382,476.114197 
	C405.723877,475.861969 403.895874,475.694031 403.903259,475.576538 
	C404.429871,467.185699 391.749878,468.313080 392.439941,459.510101 
	C392.626892,457.125122 389.173553,455.605316 387.288391,453.783417 
	C386.574310,453.093262 385.615051,452.504486 385.222534,451.658417 
	C382.460724,445.704681 378.924744,445.233856 374.139923,449.997375 
	C372.413513,444.562256 370.883514,439.164215 367.193237,434.306152 
	C370.205231,434.467987 371.372009,431.644775 373.705719,430.148926 
	C377.177887,431.282593 376.705017,434.653320 377.736908,437.022156 
	C380.885345,444.249725 382.463318,445.423340 390.744720,444.268219 
	C393.821747,442.797852 394.010986,445.252106 394.513245,446.757996 
	C396.382965,452.363770 399.770996,456.325928 405.638245,457.897736 
	C407.720520,458.455536 408.862457,460.124268 410.054047,461.755188 
	C412.727814,465.414642 415.794525,468.674011 420.125366,471.098267 
	C422.401093,472.605957 424.080780,474.170715 424.237366,476.703705 
	C424.396881,479.284424 426.268555,480.690002 427.943329,482.682129 
	C426.344299,485.175232 423.912445,486.369171 421.320038,487.864075 
z"/>
<path fill="#FEF69B" opacity="1.000000" stroke="none" 
	d="
M420.214081,471.677643 
	C418.504517,472.060974 417.489349,471.092712 416.507660,470.245392 
	C410.551514,465.104309 405.860291,458.589386 398.254944,455.231171 
	C393.965637,453.337219 394.256897,447.662323 391.360718,444.059113 
	C389.338501,435.161682 385.039520,426.940857 384.985901,417.744568 
	C384.980072,416.746460 384.754272,415.947174 383.876038,415.171295 
	C379.988342,411.736328 380.102020,410.597412 384.260315,407.648163 
	C384.790802,407.271912 385.195770,406.718689 385.984680,406.051605 
	C389.688995,409.209747 393.434540,412.106354 397.690369,414.899750 
	C398.809967,416.059265 398.828003,417.132904 398.374878,418.309723 
	C394.774384,427.660248 397.793915,435.676849 403.555267,443.032379 
	C405.687958,445.755219 408.552765,447.866669 410.621368,451.159424 
	C413.441589,458.388733 418.517548,464.120697 420.214081,471.677643 
z"/>
<path fill="#FC8E11" opacity="1.000000" stroke="none" 
	d="
M305.313354,276.205933 
	C306.666443,269.188690 311.409668,264.317963 315.693695,259.177521 
	C318.816681,255.430176 322.142059,251.798279 321.220825,246.369141 
	C320.915405,244.569061 321.755432,243.342056 323.063843,242.633194 
	C327.314850,240.330063 329.135681,236.300385 330.916656,231.795990 
	C339.910736,227.854141 349.534424,226.546448 359.043335,223.529480 
	C357.985535,226.826126 355.208282,229.092636 352.747437,231.438538 
	C344.772125,239.041306 336.239777,246.004730 328.907074,254.347488 
	C322.280884,261.886383 314.740692,268.621918 307.304260,275.856445 
	C306.618927,276.379578 306.160736,276.516418 305.313354,276.205933 
z"/>
<path fill="#FC6705" opacity="1.000000" stroke="none" 
	d="
M296.336548,540.734131 
	C297.293182,538.629028 296.890350,535.779297 299.186127,534.154846 
	C299.929840,533.628601 299.914764,532.610107 299.389130,531.897339 
	C296.996338,528.652710 294.845764,525.139221 291.987427,522.361084 
	C290.207214,520.630798 287.947601,521.014343 285.701324,523.361938 
	C281.689514,527.554871 281.483368,527.212341 278.530884,522.146179 
	C276.345062,518.395508 272.693176,515.365234 273.110870,510.002686 
	C283.234009,512.898987 293.471588,514.895874 304.559326,513.206787 
	C307.784821,514.863342 308.912933,517.729980 310.106049,520.439514 
	C311.892303,524.496033 314.661011,528.123108 315.299530,532.931519 
	C309.516479,535.563416 303.913971,537.867249 298.087097,540.453979 
	C297.455383,540.746338 297.048004,540.755798 296.336548,540.734131 
z"/>
<path fill="#FC9515" opacity="1.000000" stroke="none" 
	d="
M308.639404,279.984436 
	C310.051483,280.579437 311.380768,281.399292 310.491608,282.617096 
	C309.181000,284.412109 309.590576,285.593628 310.488708,287.458679 
	C312.040955,290.681885 308.470459,292.188965 306.982117,293.911957 
	C301.721466,300.002045 300.093719,308.027252 295.384247,314.334503 
	C294.988953,314.863892 294.812286,315.815369 294.330353,315.982086 
	C287.650909,318.293091 288.433868,324.087891 287.980286,329.701721 
	C285.548767,328.194824 283.564758,325.703552 280.268799,324.479553 
	C278.253998,322.022583 279.516602,320.135803 280.893188,318.457855 
	C282.491089,316.510101 283.223389,314.559052 282.393494,312.048828 
	C281.714844,309.996002 282.327515,308.019623 283.739288,306.484528 
	C290.386719,299.256500 295.458069,290.813202 301.732025,283.301392 
	C302.266327,282.661682 302.873108,282.098206 303.832825,281.382904 
	C305.423645,280.463226 306.748505,279.868103 308.639404,279.984436 
z"/>
<path fill="#FDE7A6" opacity="1.000000" stroke="none" 
	d="
M420.162079,472.302490 
	C419.819031,469.922577 418.724518,468.294617 417.446930,466.802277 
	C413.906921,462.667145 412.685120,457.342102 410.059326,452.353638 
	C410.847076,451.017883 412.150055,450.526154 413.140747,451.019318 
	C417.814789,453.346039 423.643616,453.112732 427.695923,457.712402 
	C434.003998,460.308868 437.572144,465.639587 442.285675,469.562592 
	C443.224884,470.344269 444.078278,471.006348 444.023315,472.706055 
	C438.949799,476.366425 433.854401,479.658539 428.412598,482.988281 
	C424.642212,482.166901 422.570862,480.240204 422.996887,476.443787 
	C423.232422,474.344696 421.207764,473.904205 420.162079,472.302490 
z"/>
<path fill="#FBF2D4" opacity="1.000000" stroke="none" 
	d="
M457.527130,465.033447 
	C445.147552,458.161499 435.432007,448.683197 426.579315,438.241211 
	C422.811676,433.797150 423.692322,427.904114 422.022247,422.389374 
	C424.978790,421.691467 427.713745,422.685699 430.743469,423.725708 
	C435.108917,433.242615 441.727295,440.343079 449.638733,446.495575 
	C453.131775,449.212006 455.854950,452.878937 459.737000,455.763794 
	C460.287048,457.767670 460.574188,459.529846 460.872162,461.290131 
	C461.268341,463.630707 460.716003,465.214142 457.527130,465.033447 
z"/>
<path fill="#FC7F0A" opacity="1.000000" stroke="none" 
	d="
M315.502441,533.223877 
	C311.774567,526.815796 308.430176,520.372009 305.031799,513.592896 
	C309.542664,511.795746 314.147552,510.444916 318.652710,508.817902 
	C320.468018,508.162323 321.692352,508.362335 323.101074,509.648010 
	C328.829559,514.876221 334.647003,520.006897 340.743134,525.451782 
	C332.337219,528.067993 324.111603,530.628113 315.502441,533.223877 
z"/>
<path fill="#FDDA66" opacity="1.000000" stroke="none" 
	d="
M373.709778,461.297485 
	C375.809204,460.614777 377.878540,460.560852 379.675995,459.834259 
	C384.348572,457.945435 385.933990,461.575562 386.727417,464.402313 
	C388.039520,469.077026 389.306183,473.574249 392.553680,477.335968 
	C393.383850,478.297607 394.245483,479.620575 393.781189,480.985657 
	C393.044037,483.152893 393.567657,484.125763 395.912720,484.040405 
	C396.953186,484.002502 398.327728,484.350922 398.403839,485.298340 
	C398.976746,492.431335 405.713013,492.305878 409.914673,495.589966 
	C408.897491,496.933533 407.806213,497.916473 406.426483,499.036194 
	C403.554321,499.462219 401.215088,498.964569 399.172272,497.226471 
	C397.882538,496.129120 396.326599,495.437805 394.624664,495.394501 
	C390.074066,495.278687 387.530243,492.505829 385.274994,488.953339 
	C380.933289,482.113983 376.202240,475.524261 371.899231,468.211365 
	C372.339020,465.789612 372.947418,463.704681 373.709778,461.297485 
z"/>
<path fill="#FCCE53" opacity="1.000000" stroke="none" 
	d="
M371.505951,468.113464 
	C376.492371,468.937683 376.381531,473.869019 378.711639,476.854462 
	C382.405365,481.586914 385.520355,486.769257 388.933624,491.724487 
	C389.378754,492.370758 390.175415,493.292999 390.749664,493.252045 
	C396.530579,492.839966 400.480286,497.402252 405.890869,498.880310 
	C402.753906,502.700073 398.490997,504.930542 393.929413,507.166260 
	C392.790131,507.585876 391.914886,507.590668 391.260040,507.006714 
	C384.478363,500.959595 377.108612,495.515961 371.621460,488.129669 
	C370.207672,486.226593 369.302307,484.058014 369.212921,481.659241 
	C369.140839,479.723846 368.384155,478.121979 367.081268,476.318237 
	C368.391663,473.438507 369.836456,470.895416 371.505951,468.113464 
z"/>
<path fill="#FCBA37" opacity="1.000000" stroke="none" 
	d="
M366.668823,476.159119 
	C369.631500,476.276245 370.813446,478.175232 370.581207,480.454437 
	C370.097565,485.200287 373.195404,487.768341 375.743408,491.023468 
	C380.634003,497.271362 387.644653,501.090851 393.221008,507.008759 
	C392.057404,509.618408 389.175964,510.491211 387.153656,512.421814 
	C385.655273,513.852234 384.509125,512.733704 383.382660,511.628510 
	C375.593140,503.986145 367.832245,496.313232 359.942352,488.775452 
	C357.748718,486.679779 357.668884,485.351837 360.090149,483.311462 
	C362.463867,481.311096 364.311981,478.686981 366.668823,476.159119 
z"/>
<path fill="#FC6705" opacity="1.000000" stroke="none" 
	d="
M246.348846,333.005493 
	C245.893631,330.811615 246.038712,328.741699 246.969147,326.399719 
	C250.301270,321.099457 253.509140,316.131378 256.880280,311.276672 
	C263.628479,301.558746 270.098572,291.639648 277.696320,282.531006 
	C279.732239,280.090179 282.604584,279.299408 285.648407,278.047119 
	C282.585144,282.837830 278.081146,287.239899 275.992188,292.585693 
	C272.941772,300.391998 266.663361,306.337067 264.491058,314.529297 
	C263.969574,316.495819 262.153137,318.096771 261.049255,319.936096 
	C259.230804,322.966095 260.409637,324.204407 264.101654,324.080383 
	C258.590729,327.094238 252.649490,330.093597 246.348846,333.005493 
z"/>
<path fill="#FDF5A4" opacity="1.000000" stroke="none" 
	d="
M427.952209,457.648407 
	C422.412567,455.561035 416.751251,453.381714 410.404114,451.999268 
	C407.996857,449.831482 406.174377,447.460968 403.964264,445.535339 
	C397.012878,439.478760 396.252502,431.089539 394.979279,422.829041 
	C394.507751,419.769684 398.179199,418.649170 397.989136,415.430389 
	C400.421387,416.011627 402.849487,416.968353 405.632141,417.987701 
	C405.698517,422.161591 406.679565,426.338531 405.335083,430.399323 
	C405.183350,430.857544 404.991058,431.667572 405.195160,431.825043 
	C410.432831,435.866089 410.834747,443.580597 417.078461,446.998474 
	C421.493805,449.415466 424.803467,453.338226 427.952209,457.648407 
z"/>
<path fill="#FDF7E5" opacity="1.000000" stroke="none" 
	d="
M460.047241,455.610504 
	C459.498077,455.985718 458.793182,456.173248 458.533966,455.914459 
	C448.708832,446.104645 434.995911,439.716583 431.005554,424.376282 
	C442.069183,428.028717 452.307617,433.142090 458.595886,443.890686 
	C460.744690,447.563568 461.784546,451.146973 460.047241,455.610504 
z"/>
<path fill="#F7850A" opacity="1.000000" stroke="none" 
	d="
M305.188049,281.739319 
	C299.137238,287.377686 295.234406,294.314209 290.348694,300.468689 
	C288.707733,302.535828 287.305695,304.777435 285.237915,306.484009 
	C284.039917,307.472778 282.686584,309.313293 283.261749,310.256500 
	C286.287933,315.219147 282.565155,318.107452 280.348297,321.536316 
	C280.022095,322.040863 280.119385,322.819214 280.026306,323.863708 
	C276.974823,323.869537 273.917786,323.482452 270.439636,323.008362 
	C274.408478,314.031128 279.631012,305.624268 286.047546,298.099213 
	C292.237335,290.840088 295.550934,281.191406 304.650513,276.038696 
	C305.442688,276.000458 305.889008,276.000885 306.670166,276.001282 
	C307.000397,276.445404 306.995758,276.889557 306.989410,277.666870 
	C306.833832,279.336670 305.823029,280.279938 305.188049,281.739319 
z"/>
<path fill="#FC6705" opacity="1.000000" stroke="none" 
	d="
M296.319244,263.860382 
	C295.980377,259.559570 295.431274,255.095459 299.147003,251.432541 
	C300.445862,250.152100 301.803741,248.223343 298.706848,246.293365 
	C296.820343,245.117706 299.907623,240.645538 302.990753,240.006073 
	C304.752472,239.640686 306.849182,241.063766 308.192657,238.750809 
	C313.139557,236.921646 318.184082,235.372589 323.617371,233.877609 
	C321.834595,238.733215 317.690491,241.795013 314.216522,245.516937 
	C308.454193,251.690552 302.781403,257.933350 296.319244,263.860382 
z"/>
<path fill="#FCB62B" opacity="1.000000" stroke="none" 
	d="
M361.422424,237.011215 
	C360.734711,234.059540 361.562805,231.918335 364.710114,230.891739 
	C367.763641,229.895752 368.382721,226.164841 371.588715,224.814087 
	C376.194611,222.873535 381.114716,222.526062 386.192200,220.919434 
	C387.057800,221.429672 387.474213,221.966171 387.948120,222.756012 
	C384.643280,226.186737 381.840302,230.125412 376.841156,231.060059 
	C376.059540,231.206161 374.947540,231.462311 374.648499,232.020981 
	C371.767395,237.403397 366.001648,235.159622 361.422424,237.011215 
z"/>
<path fill="#FCB62B" opacity="1.000000" stroke="none" 
	d="
M290.011047,332.472351 
	C290.665405,327.774261 294.288300,325.000854 296.331055,321.303223 
	C297.731659,318.767792 300.031952,316.809204 300.142029,313.537598 
	C300.222961,311.131775 302.282684,310.976929 304.587158,310.991272 
	C306.207306,312.552673 305.594391,314.204010 304.992493,315.697906 
	C302.419800,322.083130 298.829651,327.906860 294.735809,333.412598 
	C294.356110,333.923279 293.203552,333.859314 292.001282,334.107788 
	C291.091583,333.676971 290.590485,333.200531 290.011047,332.472351 
z"/>
<path fill="#FC6705" opacity="1.000000" stroke="none" 
	d="
M302.425720,238.504608 
	C301.731567,238.779999 300.693237,238.886581 299.333923,238.987427 
	C299.012939,238.981689 299.005890,238.572266 299.020203,238.368103 
	C300.050232,238.221237 301.065887,238.278519 302.425720,238.504608 
z"/>
<path fill="#D64D08" opacity="1.000000" stroke="none" 
	d="
M219.343262,458.349060 
	C218.716187,458.662079 218.273865,458.312653 218.047729,457.305511 
	C218.424805,457.354767 218.831940,457.720764 219.343262,458.349060 
z"/>
<path fill="#EF3303" opacity="1.000000" stroke="none" 
	d="
M227.299393,343.080963 
	C227.259781,342.908417 227.474121,342.705353 227.820663,342.616638 
	C227.819702,342.837524 227.686523,342.944000 227.299393,343.080963 
z"/>
<path fill="#D64D08" opacity="1.000000" stroke="none" 
	d="
M220.305603,459.373962 
	C220.066071,459.463074 219.734207,459.319672 219.403442,458.881317 
	C219.674088,458.771393 219.943665,458.956421 220.305603,459.373962 
z"/>
<path fill="#D64D08" opacity="1.000000" stroke="none" 
	d="
M226.081970,465.670807 
	C225.865585,465.733490 225.567749,465.529633 225.188065,465.059265 
	C225.404327,464.996552 225.702438,465.200409 226.081970,465.670807 
z"/>
<path fill="#D64D08" opacity="1.000000" stroke="none" 
	d="
M225.081192,464.593292 
	C224.975021,464.894257 224.783340,464.927032 224.300507,464.973663 
	C224.008270,464.819702 224.007202,464.651886 224.010437,464.232422 
	C224.341736,464.095490 224.668701,464.210297 225.081192,464.593292 
z"/>
<path fill="#D64D08" opacity="1.000000" stroke="none" 
	d="
M222.209808,461.681519 
	C221.900742,461.723602 221.624680,461.469757 221.354477,460.922943 
	C221.654495,460.881836 221.948654,461.133728 222.209808,461.681519 
z"/>
<path fill="#D64D08" opacity="1.000000" stroke="none" 
	d="
M221.295593,460.400757 
	C221.054688,460.488708 220.724091,460.337769 220.387054,459.892395 
	C220.655731,459.785919 220.930832,459.973877 221.295593,460.400757 
z"/>
<path fill="#D64D08" opacity="1.000000" stroke="none" 
	d="
M217.022675,455.693542 
	C216.813126,455.759857 216.526245,455.566956 216.145325,455.126373 
	C216.349319,455.063904 216.647324,455.249115 217.022675,455.693542 
z"/>
<path fill="#AA290A" opacity="1.000000" stroke="none" 
	d="
M506.682007,153.423889 
	C507.395691,152.763290 508.033875,152.451874 509.007996,152.012421 
	C514.844055,157.011185 518.988953,163.266205 523.679932,169.067688 
	C524.569031,170.167206 525.037231,172.303528 526.797913,171.812302 
	C528.585632,171.313522 527.942505,169.274567 527.952515,167.870560 
	C528.050049,154.234512 528.088989,140.598038 528.284058,126.519470 
	C529.776184,131.613953 528.853149,137.236679 529.000122,142.815857 
	C529.160339,148.897186 528.749390,155.004349 530.505615,161.326767 
	C530.904846,159.491089 531.237000,157.963928 531.868896,156.220932 
	C534.153259,158.495117 533.077209,161.444183 533.406799,164.184265 
	C533.854004,167.902100 532.321777,171.811935 534.843872,175.546143 
	C538.204468,177.291153 541.446899,176.378326 544.978271,176.621552 
	C545.911438,176.615875 546.444763,176.618454 547.378906,176.621429 
	C548.047363,176.617844 548.314880,176.617386 548.983887,176.618896 
	C550.995178,176.657654 552.606750,176.662598 554.604187,176.955231 
	C556.804321,177.678406 558.679443,177.650696 560.967041,177.608154 
	C563.901367,177.637482 566.427368,177.539474 569.366577,177.858063 
	C571.697327,178.628342 573.684326,178.646622 576.117065,178.587158 
	C586.121277,179.354904 595.703247,179.990036 605.210693,181.351730 
	C610.457397,182.103180 611.502563,181.338058 611.575378,176.150482 
	C611.628967,172.328018 611.465637,168.499268 611.638611,164.683136 
	C611.767212,161.846100 610.889221,160.560257 607.821411,160.232010 
	C597.946838,159.175461 588.057373,158.263916 578.161072,157.508026 
	C574.674438,157.241714 571.261047,156.613312 567.799316,156.284821 
	C567.140869,156.222336 567.914856,156.463730 567.313232,156.194351 
	C560.839783,153.295792 564.372925,147.543335 563.735474,143.051361 
	C563.267151,139.751801 565.142151,137.770248 568.697266,137.646515 
	C574.023315,137.461151 579.285889,138.388992 584.544922,138.846054 
	C591.768250,139.473846 599.072632,139.785126 606.575195,141.572021 
	C606.966919,142.924469 606.994690,144.013474 607.021851,145.509445 
	C596.855164,145.110550 586.688843,144.308136 576.523743,143.490799 
	C575.869141,143.438171 575.227966,143.233780 574.573730,143.161469 
	C567.969116,142.431763 567.738708,142.674973 568.834290,149.616394 
	C569.578308,150.727448 570.477295,150.974960 571.676514,151.396362 
	C585.711487,152.970291 599.416992,154.536072 613.153564,155.750717 
	C616.831726,156.075958 618.076904,157.443985 617.972412,161.005569 
	C617.762390,168.161041 617.737915,175.325989 617.826294,182.484695 
	C617.880371,186.863205 615.898926,188.493576 611.664246,188.056473 
	C596.620239,186.503616 581.580688,184.886322 566.515381,183.569122 
	C557.415161,182.773468 548.275024,182.178406 539.144531,182.039673 
	C522.911926,181.793045 506.670624,181.804047 490.438385,182.056091 
	C485.810394,182.127960 482.321411,181.022095 479.853485,176.678986 
	C480.161224,174.999161 481.068268,174.139328 482.701599,173.538147 
	C483.335449,173.522125 483.587097,173.565918 484.181396,173.772736 
	C485.537811,174.805496 486.571411,175.569138 488.020142,175.585129 
	C499.571259,175.712570 511.119629,175.622772 523.410217,175.656265 
	C520.999207,172.084503 518.713318,169.396378 516.117188,166.484985 
	C515.529541,165.863953 515.215149,165.491730 514.701782,164.814011 
	C512.532654,160.446518 507.563416,158.579636 506.682007,153.423889 
z"/>
<path fill="#0D0706" opacity="1.000000" stroke="none" 
	d="
M581.318726,114.278397 
	C578.692505,113.998970 576.365723,113.669189 574.067688,113.809822 
	C570.691406,114.016449 568.895447,113.355042 569.002502,109.275208 
	C569.119629,104.809380 571.407959,105.429504 574.518799,105.513847 
	C587.616455,105.868988 600.612427,106.927315 613.820374,109.875290 
	C614.653625,110.628685 614.775452,111.334450 614.350220,112.396271 
	C613.206116,113.720795 612.280823,114.744164 611.057556,115.957832 
	C610.363831,116.133171 609.968018,116.118210 609.275757,116.129005 
	C608.550781,116.389359 608.093628,116.480553 607.306396,116.234436 
	C599.311829,114.956535 591.590576,114.206909 583.399292,114.134827 
	C582.555847,114.396156 582.105408,114.480980 581.318726,114.278397 
z"/>
<path fill="#9F270D" opacity="1.000000" stroke="none" 
	d="
M663.196106,154.173264 
	C663.592957,152.948074 664.927917,152.591492 665.043823,150.932877 
	C666.062805,150.092285 667.112183,150.178757 667.960815,150.684494 
	C676.595703,155.830795 686.496948,157.778488 695.960693,161.832123 
	C696.749390,162.189621 697.175232,162.439560 697.880249,162.937759 
	C698.555115,163.472122 698.920837,163.801773 699.542603,164.402283 
	C700.517761,165.378845 701.156921,166.154572 701.948181,167.308716 
	C703.366516,170.172485 703.677551,172.762436 702.433838,175.779175 
	C698.827881,178.943298 694.710205,178.734253 690.873169,178.193161 
	C680.499329,176.730240 670.725159,173.470428 662.086182,166.606705 
	C661.834839,165.995605 661.782837,165.734436 661.899536,165.113464 
	C666.444580,163.453979 669.329834,166.298279 672.723877,168.761322 
	C679.452332,172.273499 686.182983,174.466309 693.503296,174.335434 
	C695.159607,174.305817 696.986328,174.355347 697.438599,172.164093 
	C697.823181,170.300934 696.946899,168.918365 695.429504,167.956863 
	C691.187012,165.268661 686.590149,163.390808 681.771057,161.998306 
	C675.375427,160.150299 669.177307,157.797287 663.196106,154.173264 
z"/>
<path fill="#BD330C" opacity="1.000000" stroke="none" 
	d="
M483.086243,173.624725 
	C482.104340,174.701324 481.259430,175.395721 480.096191,176.216949 
	C479.777924,176.343781 479.786987,176.263168 479.809143,176.229187 
	C479.769897,175.839554 479.598511,175.548721 479.072510,175.226685 
	C478.827972,175.130615 478.918549,175.039658 478.900574,175.101257 
	C478.760132,174.810608 478.547760,174.525284 477.990021,174.208221 
	C471.413513,167.211472 466.804047,159.062683 461.148987,151.270126 
	C460.636414,150.737198 460.460571,150.068542 459.722870,150.604095 
	C459.667114,155.585114 459.709564,160.356735 459.674500,165.592346 
	C459.529572,166.474884 459.501221,166.896057 459.553894,167.634445 
	C459.656677,170.029770 459.717682,172.110504 459.703552,174.638000 
	C458.120392,176.404831 460.315125,180.207565 456.000488,179.865936 
	C453.982880,177.208374 454.698486,174.299759 454.661652,171.520111 
	C454.566772,164.356415 454.582733,157.190140 454.656738,150.025604 
	C454.680450,147.728271 454.383362,145.088165 457.277222,144.159103 
	C460.584900,143.097214 463.195251,144.445297 465.024811,147.199219 
	C469.539703,153.995178 474.736237,160.292114 479.388763,166.985657 
	C479.861877,167.666367 480.457275,168.262848 481.178711,169.281586 
	C482.195709,170.740082 483.046600,171.822739 483.086243,173.624725 
z"/>
<path fill="#BD330C" opacity="1.000000" stroke="none" 
	d="
M656.272095,193.382477 
	C655.891541,193.556870 655.408691,193.447754 655.203369,193.309448 
	C654.626953,192.519379 653.946838,192.501495 653.013672,192.273560 
	C640.296204,188.107956 640.141479,187.996536 643.433777,175.935730 
	C644.964294,170.328934 645.965515,164.695206 646.134216,158.898422 
	C646.182007,157.254761 646.132751,155.567917 647.728333,154.015091 
	C648.883179,153.442032 649.648132,153.526215 650.546631,154.499069 
	C652.179199,162.454300 651.648010,170.009766 649.077332,177.239273 
	C647.696228,181.123352 648.356689,183.212692 652.081970,184.923599 
	C654.260803,185.924271 656.685486,186.838318 658.359558,189.336578 
	C658.628540,191.275024 657.857422,192.356705 656.272095,193.382477 
z"/>
<path fill="#AA290A" opacity="1.000000" stroke="none" 
	d="
M638.493896,111.663193 
	C635.283081,117.646912 632.633972,118.827560 626.510742,117.154533 
	C623.797791,116.413284 621.163269,115.384796 618.247437,114.225616 
	C617.689087,113.115982 618.034851,112.443260 618.900879,111.608665 
	C621.880859,110.619888 624.372742,111.727470 626.913086,112.115234 
	C628.939209,112.424507 630.788452,112.089409 632.991943,111.170197 
	C635.009338,110.664307 636.626892,110.585884 638.493896,111.663193 
z"/>
<path fill="#0D0706" opacity="1.000000" stroke="none" 
	d="
M672.994507,168.659897 
	C669.277161,168.552948 666.503174,165.751938 662.566650,164.855560 
	C659.655518,163.890686 657.626099,162.425812 656.805908,159.389526 
	C661.667664,159.694672 666.167908,161.237961 670.218628,163.823685 
	C671.691589,164.763931 673.127319,166.145645 672.994507,168.659897 
z"/>
<path fill="#D64D08" opacity="1.000000" stroke="none" 
	d="
M638.940186,111.810303 
	C637.248962,111.985641 635.690491,112.036858 633.740723,112.088036 
	C633.688416,107.081879 637.436890,104.203621 640.713257,100.992966 
	C641.382568,102.328094 641.718567,103.492966 642.131470,105.020920 
	C642.208374,105.383995 642.243652,105.690300 642.174988,105.828323 
	C641.771545,106.201866 641.490479,106.489792 641.196106,107.127312 
	C640.810852,108.100151 640.492920,108.776108 640.102173,109.727272 
	C639.765442,110.246780 639.542969,110.524330 639.287476,111.093048 
	C639.212646,111.350647 639.072876,111.686188 638.940186,111.810303 
z"/>
<path fill="#CD4010" opacity="1.000000" stroke="none" 
	d="
M619.251953,111.425583 
	C618.820740,112.249763 618.540161,112.816704 618.130615,113.674088 
	C616.924622,113.624947 615.847595,113.285362 614.451050,112.821609 
	C614.124023,112.015816 614.116638,111.334183 614.161865,110.314270 
	C616.765076,109.289604 617.280701,106.333710 619.784546,105.108597 
	C620.815430,104.678070 621.185242,105.103622 621.541931,105.963577 
	C621.574951,106.465881 621.553589,106.668274 621.434204,107.159569 
	C621.164307,107.814590 620.976379,108.172318 620.630371,108.785553 
	C620.087280,109.735725 619.769043,110.464371 619.251953,111.425583 
z"/>
<path fill="#9F270D" opacity="1.000000" stroke="none" 
	d="
M656.629822,158.951492 
	C657.961792,161.359848 660.344238,162.395020 662.074829,164.493927 
	C662.209106,164.786835 661.953552,165.065353 661.827698,165.206299 
	C656.920044,165.013809 653.248779,162.047684 651.958496,156.968903 
	C652.946533,156.269730 653.700500,156.261047 654.667358,156.979767 
	C655.377686,157.828827 655.876404,158.343475 656.629822,158.951492 
z"/>
<path fill="#9F270D" opacity="1.000000" stroke="none" 
	d="
M656.099121,193.783951 
	C656.497009,192.565811 657.102478,191.574753 657.852478,190.271271 
	C659.696411,189.287216 660.831177,190.145172 661.935303,191.729095 
	C661.705383,193.153320 661.369324,194.221909 661.022461,195.632507 
	C659.192017,195.922028 657.770325,194.916351 656.099121,193.783951 
z"/>
<path fill="#AA290A" opacity="1.000000" stroke="none" 
	d="
M610.252563,144.561646 
	C610.078979,138.742966 610.233398,132.681183 610.669434,126.316254 
	C611.093018,132.120300 611.452698,138.231903 610.252563,144.561646 
z"/>
<path fill="#0D0706" opacity="1.000000" stroke="none" 
	d="
M654.891357,156.941284 
	C654.127136,157.187592 653.375366,157.061035 652.245605,156.881485 
	C651.246826,156.702469 650.857300,156.302994 650.538696,155.467178 
	C650.141357,154.459122 649.627441,153.965378 648.418335,153.837952 
	C652.002808,150.606522 653.210388,154.183746 654.891357,156.941284 
z"/>
<path fill="#9F270D" opacity="1.000000" stroke="none" 
	d="
M459.970978,150.880066 
	C458.808929,149.654297 458.474426,147.984497 459.893066,147.681473 
	C461.361603,147.367798 460.807892,149.266159 461.029236,150.598083 
	C460.787476,150.952011 460.552399,150.949326 459.970978,150.880066 
z"/>
<path fill="#0D0706" opacity="1.000000" stroke="none" 
	d="
M571.899902,151.237335 
	C570.815186,151.912369 569.704773,152.046082 568.969971,150.348053 
	C569.962158,150.076950 571.131409,149.744888 571.899902,151.237335 
z"/>
<path fill="#9F270D" opacity="1.000000" stroke="none" 
	d="
M663.962646,197.397186 
	C664.945496,197.009857 666.166748,196.711334 666.962158,198.411041 
	C665.847717,199.009537 664.990173,198.355606 663.962646,197.397186 
z"/>
<path fill="#9F270D" opacity="1.000000" stroke="none" 
	d="
M651.028748,143.308823 
	C652.018555,143.044769 652.787598,143.400986 652.869873,144.906372 
	C651.963562,145.020538 651.382935,144.462112 651.028748,143.308823 
z"/>
<path fill="#9F270D" opacity="1.000000" stroke="none" 
	d="
M656.809326,149.490417 
	C657.724670,149.017227 658.583313,149.172226 658.955200,150.687439 
	C658.046021,151.035477 657.406311,150.539368 656.809326,149.490417 
z"/>
<path fill="#9F270D" opacity="1.000000" stroke="none" 
	d="
M459.703339,167.639603 
	C459.093536,167.500992 458.954071,166.983475 459.445465,166.215210 
	C459.668304,166.480957 459.739624,166.905563 459.703339,167.639603 
z"/>
<path fill="#9F270D" opacity="1.000000" stroke="none" 
	d="
M652.923218,192.426025 
	C653.347778,192.319214 653.996521,192.448578 654.821655,192.874542 
	C654.381165,193.001495 653.764282,192.831833 652.923218,192.426025 
z"/>
<path fill="#9F270D" opacity="1.000000" stroke="none" 
	d="
M679.894165,203.435303 
	C680.315979,203.302414 680.966553,203.406219 681.812866,203.788147 
	C681.380127,203.934830 680.751526,203.803421 679.894165,203.435303 
z"/>
<path fill="#9F270D" opacity="1.000000" stroke="none" 
	d="
M647.862366,138.341309 
	C648.222168,138.505035 648.597839,138.980240 648.955383,139.779846 
	C648.584229,139.620422 648.231201,139.136612 647.862366,138.341309 
z"/>
<path fill="#AA290A" opacity="1.000000" stroke="none" 
	d="
M477.854736,174.356033 
	C478.056915,174.281631 478.379181,174.453812 478.791992,174.894440 
	C478.579987,174.976120 478.277435,174.789368 477.854736,174.356033 
z"/>
<path fill="#AA290A" opacity="1.000000" stroke="none" 
	d="
M478.900940,175.385254 
	C479.125183,175.308807 479.422394,175.486984 479.775452,175.930191 
	C479.545532,176.010117 479.259735,175.825012 478.900940,175.385254 
z"/>
<path fill="#9F270D" opacity="1.000000" stroke="none" 
	d="
M646.894043,136.318878 
	C647.131470,136.307907 647.412842,136.577652 647.674194,137.153473 
	C647.415405,137.172882 647.176697,136.886246 646.894043,136.318878 
z"/>
<path fill="#0D0706" opacity="1.000000" stroke="none" 
	d="
M643.764160,114.092606 
	C643.912720,114.014824 643.986389,114.504356 643.891296,114.732826 
	C643.434875,114.744232 643.374634,114.480591 643.764160,114.092606 
z"/>
<path fill="#AA290A" opacity="1.000000" stroke="none" 
	d="
M639.490112,111.282684 
	C639.323914,111.001221 639.435242,110.651794 639.787964,110.152420 
	C640.088440,110.174461 640.147522,110.346443 640.261108,110.785904 
	C640.132935,111.107147 639.950256,111.160934 639.490112,111.282684 
z"/>
<path fill="#9F270D" opacity="1.000000" stroke="none" 
	d="
M682.860901,204.348465 
	C683.044373,204.077896 683.363098,204.140594 683.819946,204.524002 
	C683.664734,204.651886 683.344177,204.597549 682.860901,204.348465 
z"/>
<path fill="#9F270D" opacity="1.000000" stroke="none" 
	d="
M646.029053,134.268921 
	C646.255554,134.279892 646.492798,134.566803 646.697998,135.143402 
	C646.457336,135.137009 646.248535,134.840942 646.029053,134.268921 
z"/>
<path fill="#FDE7A6" opacity="1.000000" stroke="none" 
	d="
M602.006470,624.742432 
	C601.075867,627.965088 599.897522,630.795166 598.489014,633.880493 
	C591.584778,635.461243 585.054138,634.875732 578.327637,632.334961 
	C578.392456,628.824707 580.537598,626.485718 582.002197,623.447876 
	C588.733337,621.917419 595.358704,621.349854 602.006470,624.742432 
z"/>
<path fill="#FDF7E5" opacity="1.000000" stroke="none" 
	d="
M708.026550,566.163452 
	C705.306763,566.626221 702.592529,566.756042 699.431519,566.805786 
	C696.887024,564.159424 694.861633,561.527710 692.637512,559.076233 
	C692.123657,558.509888 691.088074,558.292297 691.258789,557.323181 
	C691.482117,556.055420 692.620361,556.141785 693.612244,555.999695 
	C697.201904,555.485535 700.787537,554.938965 704.365601,554.349487 
	C705.226807,554.207581 706.576233,554.155518 706.517212,554.856934 
	C706.197266,558.658142 711.583862,561.654846 708.026550,566.163452 
z"/>
<path fill="#FDDE77" opacity="1.000000" stroke="none" 
	d="
M587.814575,641.721802 
	C586.086914,649.285706 581.076843,652.225037 573.458618,652.052734 
	C572.379395,646.961548 573.907532,642.291809 575.845093,637.334656 
	C580.911499,635.764709 583.843506,639.657898 587.814575,641.721802 
z"/>
<path fill="#FDE786" opacity="1.000000" stroke="none" 
	d="
M588.024780,642.029358 
	C583.707520,641.671509 580.817444,638.019653 576.380859,637.044800 
	C576.584045,635.539673 577.144165,634.074219 577.856995,632.307373 
	C584.458984,632.686829 590.908264,633.367737 597.808167,634.092285 
	C596.939819,635.394165 597.308533,637.250488 596.402588,639.011230 
	C593.375732,639.209167 590.653442,639.398132 588.262146,641.782471 
	C588.027588,642.038452 588.011047,642.026123 588.024780,642.029358 
z"/>
<path fill="#FBF2D4" opacity="1.000000" stroke="none" 
	d="
M602.462402,624.882751 
	C595.988953,622.699768 589.197754,625.179260 582.483521,623.084839 
	C583.298401,621.349792 584.492737,619.567261 585.768677,617.845337 
	C586.845947,616.391541 588.369995,615.498413 590.109619,616.230957 
	C594.457275,618.061951 599.660217,617.462646 603.792358,620.990112 
	C603.671753,622.238525 603.171143,623.434509 602.462402,624.882751 
z"/>
<path fill="#FBF5DD" opacity="1.000000" stroke="none" 
	d="
M616.515137,588.664795 
	C613.278320,588.617432 611.118652,590.197327 608.908203,591.672119 
	C607.944153,592.315369 606.970215,593.325317 605.938538,593.409851 
	C603.455322,593.613403 600.172791,596.635864 598.826416,594.004150 
	C597.741089,591.882751 601.358337,590.468567 603.661133,589.495972 
	C604.692139,589.060547 605.593445,588.203003 605.683167,586.858765 
	C605.978333,582.436218 608.583740,581.836609 612.216248,582.923340 
	C613.484985,583.302917 614.753235,583.722229 616.051819,583.957275 
	C620.459290,584.754883 619.968262,586.383057 616.515137,588.664795 
z"/>
<path fill="#FDFBF0" opacity="1.000000" stroke="none" 
	d="
M732.606384,561.816101 
	C733.280579,563.864014 733.185852,565.678223 732.481079,567.805298 
	C731.370667,568.637390 730.431824,568.715698 728.978760,568.335571 
	C726.567749,567.892517 724.631592,567.549377 722.349060,567.070190 
	C722.712952,562.181335 722.712952,562.181335 717.239868,554.540405 
	C720.585571,554.806580 723.090149,555.964661 724.649292,558.492432 
	C726.219177,561.037781 728.375183,562.024353 731.586548,562.002441 
	C732.120178,561.868408 732.263977,561.730835 732.606384,561.816101 
z"/>
<path fill="#FDF7E5" opacity="1.000000" stroke="none" 
	d="
M637.707825,547.626587 
	C640.584839,546.398804 642.638733,547.102295 644.178650,549.228577 
	C645.345520,550.839905 643.986389,552.052490 643.172302,553.192749 
	C641.648804,555.326538 639.522522,555.447571 637.432373,554.222290 
	C635.427734,553.047180 631.488159,554.233887 631.435730,551.221558 
	C631.383606,548.231018 635.254639,548.850891 637.707825,547.626587 
z"/>
<path fill="#FEEDBA" opacity="1.000000" stroke="none" 
	d="
M641.118896,563.478394 
	C641.155823,563.279114 641.317200,563.195374 641.750977,563.127930 
	C641.763428,563.294250 641.503418,563.444092 641.118896,563.478394 
z"/>
<path fill="#FBF2D4" opacity="1.000000" stroke="none" 
	d="
M732.848938,561.739502 
	C732.804993,562.038879 732.390564,562.032349 732.183472,562.019165 
	C732.017334,561.741577 732.058228,561.477173 732.194580,560.821167 
	C732.490967,560.766357 732.691895,561.103210 732.848938,561.739502 
z"/>
<path fill="#C92103" opacity="1.000000" stroke="none" 
	d="
M844.240601,507.289764 
	C843.997559,506.252655 844.000000,505.503845 844.003662,504.380859 
	C845.809448,503.841980 846.714294,505.692505 848.680725,505.980896 
	C848.857056,506.572266 848.687622,507.122528 848.278870,507.843414 
	C846.751282,508.714752 845.606201,508.248444 844.240601,507.289764 
z"/>
<path fill="#FCB010" opacity="1.000000" stroke="none" 
	d="
M421.503632,825.504395 
	C420.122864,825.808472 418.506989,825.877319 416.483887,825.939697 
	C417.636963,824.380249 419.476379,825.009705 421.503632,825.504395 
z"/>
<path fill="#D52604" opacity="1.000000" stroke="none" 
	d="
M190.764313,523.322998 
	C191.542313,520.553162 190.028809,518.728333 189.046204,516.363708 
	C196.088409,519.726501 202.475891,524.490417 208.808044,529.331482 
	C209.961929,530.213684 210.721909,531.618530 212.647247,531.967651 
	C214.644623,538.220947 216.039093,544.414062 219.313736,550.196289 
	C222.857422,556.453552 225.326096,563.333374 228.086304,570.014954 
	C229.485962,573.403076 230.655579,576.848328 234.308624,579.105469 
	C230.684525,583.994568 226.410019,588.512573 222.836960,594.001709 
	C220.114059,594.966553 219.597214,592.728943 218.585281,591.409546 
	C213.490341,584.766907 210.386658,576.995789 206.981918,569.490112 
	C203.517822,561.853516 198.936035,554.701233 196.667938,546.520813 
	C194.558228,538.911560 191.248871,531.625244 190.764313,523.322998 
z"/>
<path fill="#F26505" opacity="1.000000" stroke="none" 
	d="
M237.851959,426.590454 
	C228.824020,416.554779 220.030151,406.842438 211.259766,397.108917 
	C210.439667,396.198761 208.890198,395.272003 210.408752,393.843445 
	C211.891037,392.449036 212.792862,393.883972 213.616486,394.854462 
	C222.295319,405.080811 231.739334,414.648804 239.867813,425.346008 
	C240.545868,426.238373 242.600494,427.089294 240.891693,428.418945 
	C239.889481,429.198822 238.951813,427.618652 237.851959,426.590454 
z"/>
<path fill="#EA971B" opacity="1.000000" stroke="none" 
	d="
M259.286163,450.142883 
	C252.862137,444.658325 248.121567,438.072540 242.686295,432.112366 
	C242.068237,431.434509 241.042862,430.501526 241.989685,429.608154 
	C243.234970,428.433228 244.075211,429.831940 244.751175,430.607300 
	C249.831665,436.435028 254.853455,442.313904 260.054108,448.465942 
	C260.396790,449.357483 260.226257,449.833405 259.286163,450.142883 
z"/>
<path fill="#F1A952" opacity="1.000000" stroke="none" 
	d="
M259.020111,450.402283 
	C259.208191,449.840210 259.547028,449.577606 260.050232,449.035065 
	C264.304871,452.578674 267.665710,457.000946 270.551392,461.895996 
	C266.001221,458.950165 262.617035,454.792999 259.020111,450.402283 
z"/>
<path fill="#F1A952" opacity="1.000000" stroke="none" 
	d="
M273.197510,464.603638 
	C275.375885,465.867462 277.247345,467.269867 278.236420,470.197266 
	C275.053101,469.831726 274.433075,467.364014 272.906372,465.521637 
	C272.840637,465.031494 272.894562,464.863159 273.197510,464.603638 
z"/>
<path fill="#F1A952" opacity="1.000000" stroke="none" 
	d="
M272.956421,465.032562 
	C272.620941,464.840637 272.455139,464.481415 272.289337,464.122192 
	C272.542328,464.112305 272.795288,464.102417 273.247406,464.302490 
	C273.446533,464.512482 273.126099,464.865265 272.956421,465.032562 
z"/>
<path fill="#EA971B" opacity="1.000000" stroke="none" 
	d="
M246.483871,388.526672 
	C244.255707,386.053131 242.212753,383.888367 240.293777,381.618744 
	C239.650131,380.857483 238.003998,380.138428 239.197662,378.842560 
	C240.503265,377.425110 241.516678,378.603302 242.406281,379.668060 
	C246.858109,384.996429 251.465057,390.205627 255.678146,395.716125 
	C256.802307,397.186462 258.902313,398.207855 258.824646,401.815521 
	C253.324478,398.129181 250.755295,392.702637 246.483871,388.526672 
z"/>
<path fill="#FCCE53" opacity="1.000000" stroke="none" 
	d="
M280.906952,427.473450 
	C289.789307,435.277710 296.312988,445.499847 304.094391,454.679993 
	C295.721405,446.317322 287.390411,437.928040 280.906952,427.473450 
z"/>
<path fill="#FCCE53" opacity="1.000000" stroke="none" 
	d="
M266.823547,409.866638 
	C271.803070,414.584778 276.000641,419.805847 279.846924,425.741516 
	C273.907501,422.598236 270.885590,416.342865 266.036438,411.339172 
	C265.984070,410.607697 266.200439,410.256866 266.823547,409.866638 
z"/>
<path fill="#F1A952" opacity="1.000000" stroke="none" 
	d="
M267.008514,409.458740 
	C266.894196,410.094055 266.664368,410.423920 266.163391,410.893127 
	C264.309784,409.337494 262.677124,407.685486 261.171570,405.924744 
	C260.633881,405.295959 260.418396,404.294495 261.206696,403.681122 
	C262.111084,402.977478 262.687408,403.829681 263.188843,404.450867 
	C264.442108,406.003357 265.660583,407.584015 267.008514,409.458740 
z"/>
<path fill="#FCCE53" opacity="1.000000" stroke="none" 
	d="
M280.027161,425.978027 
	C280.469543,425.961060 280.728149,426.152130 280.989685,426.685486 
	C281.074554,426.916870 280.886475,427.119019 280.789490,427.225647 
	C280.368561,427.213531 280.116119,427.007294 279.828064,426.491150 
	C279.720947,426.268768 279.925262,426.075134 280.027161,425.978027 
z"/>
<path fill="#090605" opacity="1.000000" stroke="none" 
	d="
M486.994812,772.305420 
	C485.362427,768.507874 486.240875,764.708313 485.996979,760.962708 
	C485.959290,760.383850 486.317657,759.281189 486.573059,759.256653 
	C489.816803,758.945435 493.169037,758.124451 496.234192,759.840088 
	C499.181000,761.489319 499.361816,764.327332 498.738251,767.226746 
	C498.023865,770.548584 495.948914,772.353333 492.425262,772.309265 
	C490.774078,772.288635 489.121613,772.369080 486.994812,772.305420 
z"/>
<path fill="#090605" opacity="1.000000" stroke="none" 
	d="
M281.136169,807.116089 
	C273.991882,812.308411 267.265686,810.581421 263.863373,803.025208 
	C261.607727,798.015503 261.287994,792.685059 262.106354,787.416870 
	C262.793457,782.993835 265.668610,779.932861 270.228455,779.055969 
	C274.874817,778.162476 278.561707,780.074829 280.572357,784.185364 
	C284.161865,791.523560 286.354889,799.092834 281.136169,807.116089 
z"/>
<path fill="#FDDA66" opacity="1.000000" stroke="none" 
	d="
M274.888611,371.099548 
	C281.317993,378.125641 287.336975,385.607086 293.448212,393.012390 
	C300.631744,401.717010 308.147034,410.151459 314.910278,419.618591 
	C315.272095,420.413025 315.159393,420.814972 314.364441,421.061829 
	C303.504120,408.174286 292.991852,395.357788 282.503906,382.521423 
	C279.986786,379.440643 277.550476,376.293762 275.011810,372.867615 
	C274.804077,372.212402 274.661560,371.866791 274.888611,371.099548 
z"/>
<path fill="#F8DA7B" opacity="1.000000" stroke="none" 
	d="
M314.152832,421.299194 
	C314.279510,420.792938 314.551514,420.587830 314.941559,420.151306 
	C320.944489,425.663483 325.193756,432.653168 330.560547,438.791504 
	C330.090027,439.174744 329.619537,439.557983 329.149017,439.941223 
	C324.198761,433.827576 319.248474,427.713928 314.152832,421.299194 
z"/>
<path fill="#FCBA37" opacity="1.000000" stroke="none" 
	d="
M272.846588,369.505554 
	C271.231781,368.481384 269.962708,367.449615 268.917633,366.226440 
	C268.226288,365.417267 266.131866,364.637787 267.949005,363.261688 
	C269.252014,362.275024 270.373779,363.489502 271.148926,364.614563 
	C271.885315,365.683380 272.547363,366.803406 273.377930,368.223511 
	C273.438324,368.836273 273.362885,369.126465 272.846588,369.505554 
z"/>
<path fill="#FCBA37" opacity="1.000000" stroke="none" 
	d="
M275.119141,370.437622 
	C275.194275,370.988953 275.130371,371.299988 275.006531,372.084473 
	C274.199310,371.757233 273.452026,370.956543 272.555206,369.875122 
	C272.583649,369.413940 272.761566,369.233459 273.226624,368.799561 
	C274.002502,369.096527 274.491302,369.646973 275.119141,370.437622 
z"/>
<path fill="#FDE7A6" opacity="1.000000" stroke="none" 
	d="
M469.785126,625.179443 
	C469.532288,625.540588 469.629272,626.022461 469.541199,626.691406 
	C468.338684,627.499756 466.768524,627.760071 467.826599,629.794189 
	C467.581238,631.338379 467.098938,632.670776 466.479401,634.329956 
	C464.952454,636.556641 463.562744,638.456665 462.100708,640.686462 
	C456.362885,641.209290 451.274628,639.348999 446.195251,636.304016 
	C446.525787,632.821350 450.061554,631.164307 450.074493,627.677429 
	C450.079681,626.279968 451.008392,626.827637 451.781677,627.213806 
	C455.026093,628.833618 455.591492,626.706360 455.524292,624.292114 
	C455.305115,616.414490 464.622467,608.550659 472.658813,610.030640 
	C476.746735,610.783508 474.571320,613.265625 473.467804,614.676575 
	C471.584106,617.084961 469.960907,619.460815 469.689148,622.592224 
	C469.619080,623.399597 469.880676,623.817993 470.937164,624.103455 
	C471.237976,624.339661 471.204041,624.508606 471.005188,624.876709 
	C470.605225,625.150574 470.370117,625.225403 469.785126,625.179443 
z"/>
<path fill="#EB9112" opacity="1.000000" stroke="none" 
	d="
M410.083191,637.311157 
	C416.147125,631.268738 421.368073,624.779541 428.991852,620.961121 
	C432.753235,619.077209 436.515350,617.503418 440.819061,617.811218 
	C446.216614,618.197144 448.479706,622.819702 445.363953,627.879700 
	C444.871582,628.237427 444.637360,628.324097 444.070251,628.241577 
	C441.463318,621.655823 439.555298,620.815613 433.399963,624.353333 
	C428.093536,627.403137 423.221252,631.039917 419.160675,635.802856 
	C409.913879,646.648987 402.431641,658.425598 398.486328,672.248657 
	C398.169952,673.357117 397.844147,674.497375 396.373779,675.166992 
	C394.948059,674.368042 394.803314,673.110168 394.343872,671.612915 
	C394.089111,670.588623 394.056183,669.899414 394.195679,668.886963 
	C394.504883,667.803345 395.058624,667.156372 395.101410,666.032837 
	C394.945831,664.963501 394.733734,664.202881 394.440857,663.143677 
	C394.304047,662.202148 394.416901,661.592712 394.831848,660.729492 
	C395.190979,660.077026 395.385284,659.696411 395.667969,658.993652 
	C397.861755,652.172791 402.609161,647.217468 406.056366,641.098389 
	C407.222809,639.476257 408.347931,638.302124 410.083191,637.311157 
z"/>
<path fill="#FDCC33" opacity="1.000000" stroke="none" 
	d="
M394.746582,662.648132 
	C395.938110,663.445557 396.014709,664.348877 396.033356,665.622009 
	C395.992737,666.572632 395.818268,667.133484 395.291229,667.877136 
	C395.098175,668.830261 395.072876,669.536743 395.043457,670.596680 
	C395.267426,673.046265 395.011871,675.034729 393.467102,677.066772 
	C388.993011,678.776001 385.638763,676.116272 381.989197,674.963440 
	C379.333038,674.124451 376.889587,672.751465 374.126343,671.233032 
	C374.981049,666.800232 376.140289,662.581482 377.540436,658.073181 
	C382.575256,658.115540 387.341187,657.575562 392.476746,657.447266 
	C394.610229,658.745117 393.783539,660.824402 394.746582,662.648132 
z"/>
<path fill="#FDE698" opacity="1.000000" stroke="none" 
	d="
M395.045532,662.656494 
	C392.348602,662.539490 393.002899,660.478027 392.903259,658.411987 
	C392.849121,657.342834 392.855164,656.667358 393.040833,655.661621 
	C393.948425,652.498108 392.639496,650.628052 390.382294,649.159058 
	C388.468170,647.913452 386.358582,646.986511 384.326599,645.308655 
	C385.818817,641.531799 388.403564,638.733276 391.670288,636.097351 
	C397.535156,636.041504 403.291107,635.513733 407.258911,640.963623 
	C404.255585,647.526672 399.247925,652.442139 396.869568,659.262939 
	C396.789307,659.983398 396.644257,660.308289 396.229492,660.803528 
	C395.742462,661.473145 395.423431,661.926880 395.045532,662.656494 
z"/>
<path fill="#FDDA66" opacity="1.000000" stroke="none" 
	d="
M453.657654,652.929993 
	C450.067444,654.355164 449.959656,658.494385 446.598785,660.092773 
	C443.712372,659.390747 441.609833,657.328430 438.439575,657.274048 
	C437.914215,656.777710 437.665955,656.485046 437.162659,656.054199 
	C436.210938,655.350952 435.763397,654.522461 434.655670,653.984375 
	C434.152985,653.840271 433.953033,653.783386 433.469208,653.603394 
	C432.850555,653.236511 432.597626,652.928223 432.394775,652.248047 
	C432.362061,651.758911 432.378967,651.563110 432.483521,651.087891 
	C432.736053,650.457764 432.925934,650.121094 433.554138,649.412415 
	C436.042572,647.365601 438.114838,645.703186 440.509888,643.957092 
	C446.021637,643.666809 450.980103,644.305115 455.370605,648.141479 
	C456.081390,650.307922 455.590149,651.774719 453.657654,652.929993 
z"/>
<path fill="#FBC82A" opacity="1.000000" stroke="none" 
	d="
M373.645752,671.383789 
	C374.854309,670.738647 375.706238,669.985474 376.969391,670.890869 
	C381.527161,674.157959 386.876862,675.559937 392.588501,676.984375 
	C393.927795,678.288269 393.269135,679.254150 392.164001,679.845764 
	C389.529327,681.255859 387.456696,683.559021 384.279205,684.772034 
	C381.041290,686.258057 378.115417,687.600830 374.328766,686.939819 
	C373.563629,685.715881 373.234131,684.522461 372.757751,682.969299 
	C372.598175,678.965576 372.679230,675.328979 373.645752,671.383789 
z"/>
<path fill="#FDE786" opacity="1.000000" stroke="none" 
	d="
M455.383606,649.270447 
	C451.434296,645.057312 445.701752,646.759277 441.224426,643.958801 
	C441.557312,640.882202 444.979645,639.567017 445.711853,636.200928 
	C451.086884,637.578125 456.468597,638.381592 461.657104,640.973572 
	C461.619171,643.900208 459.787476,646.137268 458.271698,648.837402 
	C457.313873,649.580872 456.559784,649.735413 455.383606,649.270447 
z"/>
<path fill="#FDDE77" opacity="1.000000" stroke="none" 
	d="
M383.922485,645.335449 
	C388.066742,645.506104 391.009521,647.867920 393.812256,650.396362 
	C395.401550,651.830200 395.235565,653.615356 394.079315,655.704712 
	C388.107330,659.181335 384.992828,654.561707 381.077759,651.294739 
	C381.826874,649.170654 382.784760,647.396667 383.922485,645.335449 
z"/>
<path fill="#FDDA66" opacity="1.000000" stroke="none" 
	d="
M380.611877,651.168213 
	C382.496368,650.848450 383.503265,651.644531 384.629395,652.838867 
	C386.854156,655.198364 389.676971,656.571960 393.513367,656.023743 
	C393.749451,656.586609 393.578339,657.137634 393.159851,657.854614 
	C388.096649,658.304565 383.306458,661.272095 378.119812,657.971069 
	C378.639160,655.653015 379.496948,653.522400 380.611877,651.168213 
z"/>
<path fill="#FEEDBA" opacity="1.000000" stroke="none" 
	d="
M407.405457,641.165771 
	C405.566803,639.220459 403.264618,638.074219 400.788635,638.106689 
	C397.835297,638.145447 395.317871,637.131226 392.350861,636.003052 
	C393.848450,633.230835 396.234985,632.551147 399.300598,633.910034 
	C402.596008,635.370850 406.597778,634.554565 410.009399,637.118042 
	C409.502258,638.459229 408.587494,639.709534 407.405457,641.165771 
z"/>
<path fill="#FCCE53" opacity="1.000000" stroke="none" 
	d="
M427.667664,610.267822 
	C430.273346,610.187134 432.711182,609.042297 434.532837,611.184753 
	C435.258057,612.037659 434.955017,613.093384 434.292938,613.909119 
	C432.402466,616.238098 430.015137,615.825256 427.520050,615.144531 
	C425.638428,614.631165 423.696808,614.337830 421.337494,613.855774 
	C422.863007,611.258301 425.284088,611.173828 427.667664,610.267822 
z"/>
<path fill="#FDDA66" opacity="1.000000" stroke="none" 
	d="
M436.267151,643.098633 
	C435.630585,645.076843 434.854675,646.712952 434.024536,648.688538 
	C433.970306,649.028015 433.991028,649.008972 433.999237,648.998657 
	C433.539246,649.403564 433.499390,650.000854 433.168701,650.779907 
	C432.993225,651.010620 433.000000,651.000000 433.003571,650.994873 
	C431.678802,653.060608 430.780731,655.641235 427.275940,655.390259 
	C425.714447,653.397583 426.928497,652.063477 428.001099,650.840088 
	C430.288055,648.231567 431.827393,644.995056 435.044495,642.764404 
	C435.640259,642.686462 435.884033,642.721497 436.267151,643.098633 
z"/>
<path fill="#FDDA66" opacity="1.000000" stroke="none" 
	d="
M441.210571,635.034302 
	C440.778076,638.416626 438.977661,640.806641 436.685394,643.257690 
	C436.406525,643.440796 436.125031,643.151733 435.983398,643.008057 
	C434.888977,639.164185 437.442413,637.130005 439.960083,634.791748 
	C440.543488,634.684937 440.785126,634.702881 441.210571,635.034302 
z"/>
<path fill="#FDDA66" opacity="1.000000" stroke="none" 
	d="
M443.742920,628.127197 
	C444.266479,628.038940 444.436096,628.045654 444.855774,628.101562 
	C444.382263,629.736694 443.658691,631.322632 442.709656,633.150757 
	C442.240906,633.372009 441.997620,633.351013 441.586090,633.003784 
	C441.162628,630.788818 441.910858,629.344055 443.742920,628.127197 
z"/>
<path fill="#FDDA66" opacity="1.000000" stroke="none" 
	d="
M442.359131,633.292664 
	C442.252563,633.907959 442.020935,634.422974 441.591858,635.142883 
	C441.394440,635.347778 441.134430,635.124451 441.006226,635.010742 
	C440.432281,634.139221 440.558960,633.485413 441.610413,632.960327 
	C441.985901,632.989319 442.234070,633.192383 442.359131,633.292664 
z"/>
<path fill="#FDFCF9" opacity="1.000000" stroke="none" 
	d="
M383.302338,558.232788 
	C382.280548,557.875854 381.584473,557.778992 380.545593,557.781738 
	C380.004120,557.788757 379.805389,557.696106 379.361206,557.822266 
	C361.265808,560.507690 344.264954,566.113770 327.348297,572.033875 
	C323.504883,573.378906 319.650391,574.692200 315.420776,576.068298 
	C312.907684,575.672668 311.327637,574.184570 309.561462,573.093811 
	C306.747223,571.355774 303.867859,570.962891 300.398621,571.984009 
	C294.245148,572.728149 288.795349,574.594788 283.171143,577.132324 
	C282.638824,577.461060 282.415985,577.579346 281.839050,577.838867 
	C278.459747,578.351501 275.728241,580.342651 272.174988,579.396973 
	C271.747742,578.944885 271.648193,578.704651 271.700500,578.104980 
	C275.482239,574.416504 280.194916,573.181274 284.499969,571.135559 
	C301.959503,562.838928 319.950562,555.894226 338.266174,549.761169 
	C340.923218,548.871521 343.615479,548.087036 346.646820,547.133667 
	C371.320312,541.163513 395.879517,536.412781 420.675598,533.349609 
	C440.894562,530.851868 461.248779,528.599854 481.679779,529.253845 
	C498.564819,529.794312 515.458252,531.020386 531.620667,536.721741 
	C533.099731,537.243469 534.941406,537.226135 536.153992,540.381653 
	C529.787109,537.436951 523.862061,536.330444 517.544434,535.213928 
	C510.175842,536.071411 503.223877,535.649292 495.874664,534.578491 
	C486.422363,534.016479 477.384308,533.891296 468.335754,534.413635 
	C462.736206,534.736816 461.330109,535.996216 461.753143,541.675781 
	C461.960602,544.460815 460.799774,546.028320 458.293030,547.475220 
	C457.232574,547.807129 456.490601,547.899963 455.379578,547.917603 
	C452.118774,546.344543 449.305176,546.719421 446.251526,548.385803 
	C445.516602,548.657776 445.067657,548.739868 444.280212,548.753784 
	C443.510925,548.553833 443.071472,548.500488 442.321381,548.687012 
	C441.575287,548.935120 441.129608,549.034485 440.342896,549.082458 
	C437.417999,547.341797 434.962311,548.344604 432.246338,549.595154 
	C430.429260,549.997864 428.874390,550.193298 426.941864,550.279175 
	C425.618256,550.347046 424.674500,550.541931 423.369720,550.664490 
	C421.750366,550.965027 420.465912,551.129883 418.798340,551.220703 
	C417.537994,551.430542 416.632324,551.509705 415.387756,551.612305 
	C414.051636,551.868774 413.045013,552.034119 411.656555,552.157288 
	C410.744507,552.308289 410.210449,552.485657 409.360779,552.550598 
	C405.315613,553.325378 401.550446,554.069031 397.419373,554.946716 
	C392.778259,557.004700 388.429871,558.640869 383.302338,558.232788 
z"/>
<path fill="#FDFBF7" opacity="1.000000" stroke="none" 
	d="
M351.100769,605.419922 
	C352.581848,604.879395 352.975037,603.947449 353.115173,602.498901 
	C361.818573,589.872986 368.668488,576.236206 379.774475,565.269043 
	C380.930603,564.062866 382.144684,563.640381 383.727081,563.106506 
	C389.590332,561.176453 395.271118,560.000671 400.951691,559.093689 
	C403.925568,558.618896 406.011932,555.731323 409.627014,556.591919 
	C410.811249,557.348816 410.576569,557.937622 409.969818,558.711487 
	C398.884735,572.849609 388.971497,587.768433 379.857269,603.253296 
	C377.777283,606.787109 375.813202,610.389465 373.455688,614.162720 
	C369.866608,612.894043 367.374237,610.010925 363.007751,610.155334 
	C356.814209,610.360168 352.571472,612.550049 350.286713,618.372131 
	C349.625793,620.056335 349.027710,621.778442 347.936676,623.667358 
	C343.919586,628.083984 340.724518,632.644897 337.903839,637.896240 
	C335.568481,641.453125 333.572815,644.812561 331.380219,648.451294 
	C329.594727,652.649963 326.286957,655.643066 325.237305,660.246704 
	C323.976654,663.433105 322.746338,666.227661 319.926392,668.357300 
	C319.294495,668.423706 319.037598,668.383667 318.501465,668.071228 
	C319.837494,660.269775 324.447052,653.971191 326.969025,646.416199 
	C332.855774,638.611145 336.452179,629.903076 341.062042,621.410767 
	C344.334259,615.925842 347.604004,610.807251 351.100769,605.419922 
z"/>
<path fill="#FCF8EA" opacity="1.000000" stroke="none" 
	d="
M458.424011,547.805908 
	C462.044647,544.725464 458.684296,539.981323 460.674469,536.370972 
	C462.069458,533.840393 463.627716,532.889893 466.498291,532.941406 
	C475.693298,533.106506 484.893433,532.030762 494.552246,533.015503 
	C496.073944,535.817993 493.731476,535.788574 492.194855,536.355835 
	C489.615417,537.307861 486.709534,536.886658 483.776184,538.087280 
	C485.698395,540.552429 489.850739,539.562317 490.376556,542.953552 
	C490.680786,544.915710 488.932587,545.710205 487.245422,546.768188 
	C477.622131,547.305298 468.247772,547.601440 458.424011,547.805908 
z"/>
<path fill="#FBF5DD" opacity="1.000000" stroke="none" 
	d="
M347.267578,624.278137 
	C347.897308,621.501038 348.617859,618.934204 349.767303,616.576416 
	C354.368469,607.138550 365.975983,605.740906 373.048279,614.062622 
	C370.915283,618.748230 368.630524,623.081665 366.137573,627.695557 
	C363.774933,629.664856 361.561707,628.708191 359.337311,628.154663 
	C355.348938,627.162170 351.352966,626.203308 347.267578,624.278137 
z"/>
<path fill="#FEEDBA" opacity="1.000000" stroke="none" 
	d="
M346.648682,624.042847 
	C353.302673,624.066528 358.922974,627.341431 365.527405,627.978638 
	C364.348114,632.765869 362.222504,637.278931 359.060303,641.644897 
	C351.678162,641.428223 344.190460,642.147705 337.126251,638.279053 
	C338.992615,632.598389 342.223907,628.061829 346.648682,624.042847 
z"/>
<path fill="#FDE698" opacity="1.000000" stroke="none" 
	d="
M336.619995,638.100708 
	C341.986908,639.152832 347.101135,640.298645 352.381195,639.968506 
	C354.637634,639.827393 356.562927,640.312561 358.593506,641.912476 
	C357.597260,647.166687 354.339966,651.484680 352.143829,656.674805 
	C348.146515,658.143799 345.146301,655.529602 341.855957,654.560547 
	C337.819824,653.371887 334.024994,651.297363 330.417603,648.314331 
	C332.210236,644.796814 334.275574,641.543335 336.619995,638.100708 
z"/>
<path fill="#FBF5DD" opacity="1.000000" stroke="none" 
	d="
M487.449585,547.114502 
	C489.763763,543.506104 490.497833,540.941345 484.504242,540.852234 
	C482.824158,540.827209 481.175781,539.629578 481.500061,537.682495 
	C481.805054,535.851501 483.671021,536.014648 485.142822,536.008789 
	C488.549286,535.995117 491.885651,535.709473 494.927979,533.393982 
	C502.001129,534.878174 509.333801,532.937622 516.733887,535.059692 
	C516.467896,538.738892 514.758911,540.941101 510.725891,541.395813 
	C507.840668,541.721069 505.113678,543.269409 502.242645,543.971863 
	C500.623657,544.367981 500.021454,545.158569 499.959961,547.082153 
	C495.916901,547.408630 491.909790,547.314209 487.449585,547.114502 
z"/>
<path fill="#FCDD51" opacity="1.000000" stroke="none" 
	d="
M319.813873,668.344055 
	C321.286713,665.562073 322.639008,663.146362 324.053101,660.381470 
	C326.041534,657.566223 328.635986,657.471680 331.320099,658.188904 
	C337.062012,659.723145 342.805817,661.265320 348.668701,663.649048 
	C348.755005,667.243286 346.466278,669.549866 344.997375,672.617004 
	C339.310089,674.517456 334.352142,671.659607 329.197083,670.397278 
	C326.414734,669.716064 323.760437,669.062256 320.547974,669.422974 
	C320.017883,669.108948 319.855591,668.909607 319.813873,668.344055 
z"/>
<path fill="#FDDE77" opacity="1.000000" stroke="none" 
	d="
M349.109070,663.651245 
	C342.826782,663.973145 337.460052,660.900146 331.639648,659.634277 
	C329.232208,659.110779 327.101471,658.920166 324.495911,659.965393 
	C324.640106,655.518982 328.287689,652.636230 330.076538,648.398682 
	C331.525696,647.902893 332.667175,648.339722 333.789978,649.190857 
	C338.989868,653.132690 345.674255,653.752991 351.601440,656.935059 
	C351.727448,659.378357 350.388397,661.316101 349.109070,663.651245 
z"/>
<path fill="#FBC82A" opacity="1.000000" stroke="none" 
	d="
M341.059723,682.708740 
	C337.736725,683.007202 334.430359,682.979431 331.124359,683.001099 
	C326.830841,683.029175 323.005249,684.248169 319.999817,687.491455 
	C318.086487,689.556274 316.047699,691.129578 312.964294,688.765015 
	C312.907288,683.739197 314.144653,679.503601 318.118408,676.069702 
	C324.047882,675.739441 329.554260,674.250549 335.123352,675.483887 
	C337.936890,676.106995 340.519958,677.071350 341.181458,680.761719 
	C341.091736,681.592651 341.084137,681.998596 341.059723,682.708740 
z"/>
<path fill="#FDCD3D" opacity="1.000000" stroke="none" 
	d="
M341.384827,680.983154 
	C338.894897,676.432983 334.246246,675.972961 330.234833,676.363525 
	C326.308960,676.745667 322.425537,676.869934 318.024719,676.848022 
	C316.501404,673.886841 318.125916,671.696777 319.859070,669.239319 
	C322.242554,666.922607 324.815277,667.291260 326.990051,668.238342 
	C332.511414,670.642700 338.527802,671.076538 344.546692,672.969177 
	C345.062714,676.077759 343.509888,678.488586 341.384827,680.983154 
z"/>
<path fill="#FCB62B" opacity="1.000000" stroke="none" 
	d="
M409.666626,556.411987 
	C408.826782,557.337280 406.012177,555.231750 406.481689,558.882507 
	C406.622955,559.981018 404.978790,559.803894 404.052612,559.898926 
	C397.482422,560.572632 391.182495,562.507996 384.387390,564.019287 
	C383.242218,562.965576 382.852417,561.694946 382.045532,560.288147 
	C382.233276,559.477112 382.500610,558.985352 382.872253,558.233154 
	C387.391357,556.983765 391.806091,555.994873 396.637146,555.043335 
	C400.985107,557.260620 405.303101,555.115417 409.666626,556.411987 
z"/>
<path fill="#FCF8EA" opacity="1.000000" stroke="none" 
	d="
M432.391876,549.874756 
	C433.864441,545.475525 436.756927,546.368103 439.924255,548.654419 
	C437.601105,549.336304 435.200378,549.641663 432.391876,549.874756 
z"/>
<path fill="#FCF8EA" opacity="1.000000" stroke="none" 
	d="
M446.362793,548.661316 
	C448.198944,543.810364 451.601318,546.050171 454.907898,547.471558 
	C452.260376,548.143982 449.510223,548.445496 446.362793,548.661316 
z"/>
<path fill="#FCF8EA" opacity="1.000000" stroke="none" 
	d="
M423.398621,550.871765 
	C423.793854,549.937988 424.792999,549.987305 426.182739,550.120544 
	C425.630280,550.427490 424.696350,550.685425 423.398621,550.871765 
z"/>
<path fill="#FCF8EA" opacity="1.000000" stroke="none" 
	d="
M415.400665,551.773987 
	C415.797729,550.927124 416.742279,550.969543 418.054962,551.094971 
	C417.524536,551.379272 416.633789,551.611877 415.400665,551.773987 
z"/>
<path fill="#FCF8EA" opacity="1.000000" stroke="none" 
	d="
M442.343933,548.905151 
	C442.405701,548.202515 442.905090,547.934998 443.777893,548.510864 
	C443.516724,548.781860 443.091827,548.878235 442.343933,548.905151 
z"/>
<path fill="#FCF8EA" opacity="1.000000" stroke="none" 
	d="
M409.368103,552.643738 
	C409.616089,552.397644 410.151428,552.213501 410.980713,552.072266 
	C410.734924,552.312012 410.195160,552.508911 409.368103,552.643738 
z"/>
<path fill="#FC8E11" opacity="1.000000" stroke="none" 
	d="
M869.123901,652.671326 
	C866.383667,650.537537 866.923767,646.022644 870.437744,642.101074 
	C872.411011,639.898865 874.859253,638.045898 874.965149,634.350220 
	C881.205750,614.431702 887.787720,594.983887 893.544739,575.294800 
	C895.937378,567.111877 896.538635,558.408752 898.022095,549.953979 
	C898.423584,547.665833 897.824646,544.745789 901.597412,544.017944 
	C900.445251,553.475769 898.609802,562.902710 897.441528,572.411682 
	C896.045044,583.777527 891.434875,594.134949 887.811096,604.768677 
	C883.313843,617.965881 879.503418,631.404480 874.180725,644.331482 
	C872.933838,647.359558 870.524597,649.462769 869.123901,652.671326 
z"/>
<path fill="#090605" opacity="1.000000" stroke="none" 
	d="
M620.221252,718.735168 
	C620.202026,718.395630 620.225952,718.232666 620.162598,718.180054 
	C617.919922,715.045288 618.700256,712.066162 620.682129,709.348022 
	C622.948059,706.240479 625.612122,703.423462 629.036377,701.577515 
	C638.946289,696.235168 649.439697,692.617798 661.043701,691.352905 
	C664.177551,694.130554 661.707092,696.303894 660.443359,698.289734 
	C657.799744,702.444214 654.420044,706.078796 651.253174,710.311279 
	C650.886353,710.779663 650.725830,710.954224 650.287964,711.346191 
	C647.872253,712.428833 646.144348,713.855713 644.347656,715.752991 
	C643.931030,716.123962 643.758850,716.265015 643.315918,716.598145 
	C642.499084,717.152954 641.919800,717.463867 641.125977,718.042114 
	C640.681274,718.352051 640.500427,718.471680 640.038391,718.754456 
	C638.798950,719.408020 637.805115,719.825256 636.562134,720.471680 
	C636.071167,720.696899 635.871094,720.778931 635.364380,720.966125 
	C633.808899,721.405396 632.589966,721.855103 630.656860,721.997192 
	C627.281311,721.055603 624.125977,722.932983 621.358398,720.386780 
	C620.770996,719.806885 620.481506,719.461060 620.221252,718.735168 
z"/>
<path fill="#FDCD3D" opacity="1.000000" stroke="none" 
	d="
M602.830872,707.701721 
	C605.034912,700.903137 611.056885,698.585693 616.331604,695.802917 
	C633.140625,686.935242 651.463501,683.113892 670.565735,680.579346 
	C672.959229,683.200317 671.033142,685.284973 669.683716,687.824036 
	C668.762695,688.691406 667.990906,688.973450 666.779907,689.218872 
	C654.976807,690.382446 643.862427,692.353821 633.429077,697.629089 
	C626.798035,700.981934 622.385376,706.359924 617.489380,711.915771 
	C612.142029,711.726318 607.311462,710.886841 602.830872,707.701721 
z"/>
<path fill="#FDCD3D" opacity="1.000000" stroke="none" 
	d="
M681.109375,702.762268 
	C677.373108,711.498230 669.768005,716.451294 663.333862,722.862122 
	C660.051208,722.731995 658.162781,720.707214 656.227356,718.740967 
	C654.713379,717.203003 652.961060,716.112793 650.353271,716.004761 
	C649.618042,715.091309 649.967773,714.310608 650.618469,713.785156 
	C655.009827,710.239258 658.542480,705.876892 662.597107,701.601807 
	C668.849609,705.620117 669.562683,705.610474 674.013794,701.092896 
	C676.007629,698.944214 677.210693,696.575012 679.602112,694.797852 
	C680.172729,694.643738 680.414429,694.639160 680.976807,694.806213 
	C681.589294,695.366516 681.815063,695.789673 682.037598,696.604065 
	C682.528076,698.916748 681.467346,700.601746 681.109375,702.762268 
z"/>
<path fill="#EF8E08" opacity="1.000000" stroke="none" 
	d="
M617.109131,712.398499 
	C624.098938,697.859314 637.267883,693.157593 651.291443,690.186340 
	C656.066406,689.174622 660.868896,687.454346 666.416931,688.188599 
	C667.298035,689.684692 667.032837,690.976624 665.748169,692.364807 
	C664.604065,692.939453 663.788147,692.970581 662.609131,692.481201 
	C650.959045,693.863098 640.021362,696.810669 630.119080,702.551758 
	C624.649353,705.722778 619.349304,709.591980 620.092407,717.696533 
	C617.896118,717.015625 616.781372,715.293640 617.109131,712.398499 
z"/>
<path fill="#FBF2D4" opacity="1.000000" stroke="none" 
	d="
M664.732056,692.199219 
	C665.529175,690.930725 666.099121,689.927246 666.786011,688.588867 
	C667.413147,688.139954 667.923340,688.025879 668.691895,687.860474 
	C671.360962,688.095032 670.741028,689.885376 670.337769,691.139832 
	C669.033875,695.195862 667.512878,699.181946 663.311829,701.803345 
	C659.620300,707.268860 654.905579,711.287781 650.136230,715.697021 
	C642.957825,720.639771 636.037231,725.559814 626.872620,724.726807 
	C626.902344,722.706665 628.968872,723.509277 629.862244,722.258667 
	C630.010559,721.951965 629.992920,722.002197 629.970581,721.987793 
	C631.538452,721.309875 633.412048,721.454346 635.179993,720.163086 
	C635.541992,720.060852 635.489685,720.037598 635.509155,720.059509 
	C636.795410,719.435974 638.311707,719.378662 639.711304,718.180359 
	C639.977234,717.941162 639.997070,718.000488 639.976318,717.977051 
	C640.784912,717.370911 641.820862,717.139465 642.773804,716.192749 
	C642.979309,715.968201 643.000000,716.000000 642.986938,715.986450 
	C645.354309,714.734863 647.062134,712.538513 649.734375,711.147705 
	C649.963806,710.905762 649.980469,710.981323 649.944702,710.966553 
	C654.530945,706.473999 658.431641,701.414185 661.809387,695.957947 
	C662.598633,694.682922 663.363525,693.443176 664.732056,692.199219 
z"/>
<path fill="#EF8E08" opacity="1.000000" stroke="none" 
	d="
M620.223328,718.737305 
	C620.532349,718.728088 620.862732,719.060486 621.150940,719.752563 
	C620.820801,719.767822 620.532715,719.423401 620.223328,718.737305 
z"/>
<path fill="#FDF7E5" opacity="1.000000" stroke="none" 
	d="
M299.790161,571.199219 
	C306.319214,568.127258 310.548370,571.748291 314.891846,575.798889 
	C313.488342,577.946411 311.070312,578.090027 308.785004,579.206665 
	C301.366211,576.035034 295.022522,579.537048 288.167175,581.274963 
	C275.994751,583.290955 264.812714,587.240662 254.764954,593.940002 
	C249.043625,597.754639 247.954407,603.641724 248.602692,610.048584 
	C245.840576,606.540955 245.977371,598.737610 249.452469,594.430603 
	C253.706131,589.158630 258.915527,584.873230 265.644348,582.006592 
	C266.312073,582.909119 265.922913,583.364502 265.120422,583.904785 
	C264.023132,584.589661 263.244293,585.228638 261.977295,585.505127 
	C261.327087,585.597778 261.201721,585.736267 261.329651,585.974976 
	C261.367920,586.046387 261.404144,586.078552 261.440186,586.070679 
	C262.091492,585.928467 261.429504,586.337280 261.681458,585.592102 
	C263.252136,585.398560 264.162079,584.521667 265.467896,583.696411 
	C270.618622,580.537903 276.061493,579.032715 281.738098,577.200562 
	C282.011353,576.975586 282.005280,577.006592 281.990723,577.000488 
	C287.612732,574.514771 293.550232,572.981750 299.790161,571.199219 
z"/>
<path fill="#FBF2D4" opacity="1.000000" stroke="none" 
	d="
M287.979919,581.371399 
	C291.543945,579.222778 295.253540,577.605713 299.454254,576.707336 
	C303.012054,575.946472 305.405029,576.517151 308.090149,579.081116 
	C303.564301,581.754272 298.683319,584.248962 293.524445,586.948730 
	C290.930054,587.791260 288.900482,587.865479 288.663269,584.304565 
	C288.592346,583.125793 288.360931,582.379272 287.979919,581.371399 
z"/>
<path fill="#FDE7A6" opacity="1.000000" stroke="none" 
	d="
M288.403870,583.897949 
	C289.156036,585.945190 290.299591,587.084229 292.858582,587.097229 
	C290.732574,588.693359 288.218567,590.233032 285.399048,591.910034 
	C282.358154,591.815247 279.507568,592.578613 276.929047,590.982239 
	C275.708344,590.226501 274.972260,589.299194 275.068420,587.805298 
	C275.165009,586.305359 276.339722,586.079590 277.428040,585.723267 
	C280.858032,584.600525 284.327515,583.715149 288.403870,583.897949 
z"/>
<path fill="#FDF7E5" opacity="1.000000" stroke="none" 
	d="
M271.516724,577.841858 
	C271.887329,577.953125 271.922302,578.160522 271.979248,578.682739 
	C271.419983,582.000488 268.821808,581.902832 266.335754,582.244751 
	C266.013367,582.016357 265.890930,581.899536 265.823914,581.841187 
	C266.714233,579.301147 269.265778,579.068420 271.516724,577.841858 
z"/>
<path fill="#FBF2D4" opacity="1.000000" stroke="none" 
	d="
M536.052246,623.928711 
	C537.197571,627.229431 537.979675,630.306458 538.765259,633.815430 
	C534.407776,634.263550 530.373474,632.404968 526.008606,632.135315 
	C522.943054,631.945984 521.245605,631.880310 522.184448,635.630371 
	C522.536926,637.038147 522.298157,638.562073 522.419678,640.389648 
	C522.510925,641.747375 522.858826,642.688843 523.118591,644.051636 
	C523.523254,647.385071 523.294434,650.384827 524.115723,653.707031 
	C524.338501,655.577637 524.302734,657.000061 523.146606,658.578613 
	C521.644592,662.142151 522.130310,665.871094 519.954834,669.235840 
	C519.667236,670.172119 519.269409,670.509644 518.233398,670.549255 
	C516.483765,669.925293 516.158569,668.776123 516.694702,667.632385 
	C520.424805,659.675415 517.626282,651.668823 516.982361,643.679871 
	C516.715515,640.369568 515.758850,637.161682 515.392151,633.460938 
	C514.978577,632.326660 514.751282,631.553772 514.355896,630.408691 
	C514.144714,629.762451 514.074219,629.497925 513.938110,628.824829 
	C513.775940,627.284546 513.898132,626.182434 514.529541,624.749695 
	C519.490295,619.573303 525.786194,620.441650 531.649719,619.888611 
	C534.104797,619.656982 534.814209,621.919922 536.052246,623.928711 
z"/>
<path fill="#FDB916" opacity="1.000000" stroke="none" 
	d="
M517.816406,670.473633 
	C518.550842,670.258423 518.918030,670.057617 519.566895,669.717163 
	C522.128052,672.047852 525.390015,672.119019 528.305786,673.024231 
	C531.049988,673.876099 533.728638,674.759521 533.988281,678.662659 
	C528.468567,682.744690 522.158142,684.410767 515.446960,686.085022 
	C514.847656,685.837830 514.636841,685.550964 514.185669,685.143799 
	C511.347290,686.216125 508.804565,685.010742 505.608948,684.394165 
	C505.314850,681.683899 505.649658,679.425354 505.982788,676.786987 
	C509.293304,673.445129 513.797302,672.792114 517.816406,670.473633 
z"/>
<path fill="#FDD847" opacity="1.000000" stroke="none" 
	d="
M523.168030,659.048218 
	C522.885925,657.531860 522.943115,656.189331 523.034058,654.443115 
	C527.252502,650.588623 532.491089,651.101807 537.732544,650.272705 
	C541.299622,651.696594 539.944885,655.822876 542.761475,657.801880 
	C543.012329,659.380737 542.989929,660.764221 542.943848,662.561523 
	C535.942383,664.346191 529.640259,662.221741 523.168030,659.048218 
z"/>
<path fill="#FDDE77" opacity="1.000000" stroke="none" 
	d="
M588.408936,642.035645 
	C589.032410,637.426025 592.101379,637.463379 595.926575,638.964844 
	C594.057800,646.036194 592.014404,652.796753 593.036072,660.475708 
	C588.469604,658.697815 590.201965,654.960022 590.678528,651.398682 
	C591.116760,648.123169 593.584961,644.300720 588.408936,642.035645 
z"/>
<path fill="#FCDD51" opacity="1.000000" stroke="none" 
	d="
M602.895264,665.076538 
	C603.938232,664.053894 604.934448,662.842468 606.876221,663.822449 
	C607.815369,665.264404 609.697083,664.918152 610.140503,666.724304 
	C607.971252,668.042603 605.900452,669.035034 603.491028,670.119629 
	C600.986938,668.590271 603.895508,667.934998 603.822998,666.400391 
	C603.976013,665.707581 603.840454,665.462402 603.227966,665.211914 
	C602.992310,665.090759 602.926392,665.087524 602.895264,665.076538 
z"/>
<path fill="#FDD847" opacity="1.000000" stroke="none" 
	d="
M595.719482,673.707153 
	C591.268616,675.711548 586.517090,675.510010 581.355835,674.201782 
	C581.506042,673.708374 582.135193,672.999634 582.561035,673.105896 
	C586.852478,674.176270 591.165039,673.533936 595.719482,673.707153 
z"/>
<path fill="#FBF2D4" opacity="1.000000" stroke="none" 
	d="
M575.336060,671.950317 
	C574.999878,672.005920 574.633423,671.857056 574.443481,671.802612 
	C573.823853,670.709717 573.394104,669.671204 572.993530,668.293823 
	C575.199524,668.398193 577.800171,668.556396 575.336060,671.950317 
z"/>
<path fill="#F8DA7B" opacity="1.000000" stroke="none" 
	d="
M557.294128,660.849609 
	C557.022949,659.833252 557.504028,658.943542 558.713989,658.149170 
	C559.219788,658.311951 559.439209,658.611328 559.895752,659.066467 
	C559.278076,659.723450 558.423340,660.224670 557.294128,660.849609 
z"/>
<path fill="#FCDD51" opacity="1.000000" stroke="none" 
	d="
M597.499756,664.352783 
	C598.423889,664.219849 599.512939,664.368286 600.827759,664.775513 
	C599.924011,664.901001 598.794312,664.767639 597.499756,664.352783 
z"/>
<path fill="#D64D08" opacity="1.000000" stroke="none" 
	d="
M542.709351,666.955200 
	C542.701355,667.472778 542.369202,667.916321 541.935913,668.628723 
	C541.834839,668.897522 541.899841,668.964050 541.939331,668.939514 
	C541.830627,669.042175 541.682434,669.169373 541.334595,669.082092 
	C541.100220,667.921265 541.254150,667.093750 542.709351,666.955200 
z"/>
<path fill="#FCCE53" opacity="1.000000" stroke="none" 
	d="
M603.066895,665.303833 
	C603.454773,665.231506 604.360168,664.635864 604.012268,665.952637 
	C603.545471,665.962158 603.316956,665.771301 603.066895,665.303833 
z"/>
<path fill="#FBF2D4" opacity="1.000000" stroke="none" 
	d="
M573.223389,667.695190 
	C572.092957,667.716919 571.905762,667.154297 572.682251,666.218933 
	C573.095520,666.540527 573.247375,666.970215 573.223389,667.695190 
z"/>
<path fill="#F8DA7B" opacity="1.000000" stroke="none" 
	d="
M541.182129,669.053467 
	C541.135071,668.867615 541.559753,668.834045 541.769287,668.874512 
	C541.806824,669.203064 541.748413,669.753540 541.182129,669.053467 
z"/>
<path fill="#FDFCF9" opacity="1.000000" stroke="none" 
	d="
M304.967590,142.231079 
	C304.615540,139.911392 304.537384,137.875488 304.533447,135.405640 
	C304.420868,127.233604 304.513367,119.494949 304.739136,111.327675 
	C304.434631,108.839371 305.426575,107.886269 307.329651,107.346428 
	C327.010437,101.763657 346.524261,95.421112 366.825043,92.442970 
	C377.610535,90.860725 388.072357,92.741241 397.564026,98.519714 
	C403.769836,102.297760 407.765900,107.870277 410.515717,114.835464 
	C411.631866,115.560799 411.449066,116.412392 411.486267,117.590027 
	C411.341064,119.635567 411.971924,121.162071 412.308716,123.143158 
	C412.879395,127.480164 409.918610,127.875336 407.312531,128.021622 
	C401.212128,128.364090 395.219421,130.072754 389.055786,129.472809 
	C385.365234,129.113586 382.356262,132.620148 378.162292,131.080688 
	C377.294861,130.456024 376.752228,130.018723 376.465973,129.422562 
	C371.802216,119.709373 363.844086,118.099518 354.251434,120.240166 
	C349.056152,121.399513 343.892487,122.623421 338.662445,124.865219 
	C336.369873,131.326294 337.625824,137.654938 337.740631,144.348267 
	C337.835999,145.321442 337.768951,145.872681 337.386902,146.774353 
	C336.665192,147.418732 336.129913,147.508652 335.205017,147.199280 
	C334.629852,146.745438 334.452850,146.466812 334.272827,146.191864 
	C332.926422,144.135544 334.835693,140.740967 332.003662,139.531662 
	C329.909729,138.637543 327.409637,139.560837 325.092834,139.415680 
	C320.675018,139.138885 316.572174,140.434464 312.461548,141.809082 
	C310.135223,142.586990 307.785217,143.711426 304.967590,142.231079 
z"/>
<path fill="#FBF2D4" opacity="1.000000" stroke="none" 
	d="
M377.875793,130.265259 
	C379.047577,130.330444 379.822235,131.095520 380.934265,130.535309 
	C389.195923,126.373375 398.316437,128.401749 406.944977,126.907204 
	C408.868530,126.574028 411.482788,126.907997 412.031311,123.296936 
	C412.377747,122.825790 412.535706,122.925095 412.793518,123.285835 
	C412.849457,123.882805 412.805511,124.218346 412.887787,124.783417 
	C413.440613,132.744064 414.803467,140.490906 412.441895,148.164673 
	C411.849731,150.088837 411.346222,152.011276 409.497498,153.747589 
	C398.595673,177.711365 378.783630,189.518860 354.986420,196.166107 
	C340.615906,200.180237 326.217651,204.095261 311.431580,208.098892 
	C310.916199,207.903580 310.801086,207.664200 310.773468,207.036240 
	C312.316437,204.533707 314.719666,204.131088 316.900848,203.432800 
	C327.207031,200.133377 337.677429,197.405106 348.146118,194.684311 
	C356.851044,192.421921 365.553314,190.195496 373.755066,185.459442 
	C385.159424,180.213684 393.921112,172.422897 401.013489,162.172363 
	C402.249664,160.419586 403.308380,158.961868 404.093292,156.946472 
	C404.859100,155.145554 405.371735,153.617981 405.890320,151.714935 
	C406.567352,149.504303 406.982635,147.591934 407.635071,145.358246 
	C408.045013,143.715515 408.372437,142.438828 408.633423,141.143906 
	C410.005035,134.338257 409.435638,133.772507 402.339600,134.567307 
	C395.461182,135.337753 388.662933,136.700272 381.363678,137.265625 
	C380.421417,137.135666 379.903076,136.967285 379.063477,136.483185 
	C377.544586,134.512253 377.035645,132.652328 377.875793,130.265259 
z"/>
<path fill="#FCF8EA" opacity="1.000000" stroke="none" 
	d="
M304.545471,142.381256 
	C306.164978,141.782654 307.825165,142.003403 309.076508,141.390060 
	C316.492157,137.755219 324.589600,138.346069 332.426483,137.312195 
	C334.214020,137.076370 334.932861,137.729568 334.962067,139.385132 
	C335.000275,141.549194 334.991486,143.714096 334.832977,146.620239 
	C333.903198,147.939865 332.986969,148.061234 331.759827,148.311829 
	C330.482666,148.499191 329.781494,149.119202 328.670105,149.719650 
	C321.259430,151.243698 314.764526,154.647507 307.278748,155.834427 
	C305.895081,155.514420 305.341431,154.804703 305.015991,153.486511 
	C304.881226,152.939224 304.815308,152.723969 304.615540,152.198700 
	C304.453552,148.864197 304.425415,145.839722 304.545471,142.381256 
z"/>
<path fill="#F5E3AB" opacity="1.000000" stroke="none" 
	d="
M310.761871,206.827713 
	C311.014038,207.241043 311.014191,207.421494 311.022827,207.872452 
	C308.906738,209.245819 306.786652,210.368286 304.076782,209.348480 
	C303.981140,191.610504 304.064575,174.203735 304.270691,156.334991 
	C304.957520,155.558212 305.530243,155.542130 306.401978,156.171326 
	C308.043823,160.005020 307.367218,163.638000 307.466736,167.663818 
	C307.620361,171.413177 307.566437,174.714020 307.485535,178.463440 
	C307.603455,181.892776 307.553345,184.874466 307.487000,188.293610 
	C307.560272,191.589005 307.483093,194.447388 307.470276,197.710907 
	C307.428833,198.629562 307.411774,199.143219 307.413086,200.012802 
	C307.396484,202.081390 307.039764,203.804016 307.793945,205.705627 
	C308.795044,206.337463 309.702942,206.282501 310.761871,206.827713 
z"/>
<path fill="#BD330C" opacity="1.000000" stroke="none" 
	d="
M409.387024,154.224213 
	C412.305664,144.916351 413.754028,135.582169 412.969727,125.477097 
	C414.929169,127.324821 413.582367,130.059875 413.995605,132.566223 
	C414.276276,134.268738 413.290253,136.190186 415.220917,137.775330 
	C415.645538,138.636169 415.723816,139.389282 415.838501,140.518280 
	C414.708466,145.882690 413.753937,150.929672 411.578186,155.992615 
	C410.786865,155.667297 410.209137,155.048096 409.387024,154.224213 
z"/>
<path fill="#F5E3AB" opacity="1.000000" stroke="none" 
	d="
M304.759735,111.278381 
	C304.932098,118.679749 304.945740,126.460526 304.783508,134.606506 
	C303.812317,127.200623 304.584534,119.429100 304.759735,111.278381 
z"/>
<path fill="#FDFCF9" opacity="1.000000" stroke="none" 
	d="
M306.210876,155.946869 
	C305.711304,156.060974 305.336670,155.998260 304.677734,155.904297 
	C304.374115,155.165497 304.354797,154.457932 304.407349,153.401825 
	C304.514221,152.821899 304.549194,152.590515 304.885010,152.178391 
	C305.490692,152.878204 305.795502,153.758759 306.156616,154.997070 
	C306.212952,155.354828 306.335785,155.770035 306.210876,155.946869 
z"/>
<path fill="#FBF2D4" opacity="1.000000" stroke="none" 
	d="
M411.899261,123.072807 
	C410.665955,121.810471 411.020233,120.197617 411.001404,118.274139 
	C411.271088,117.864845 411.495148,117.848122 411.805237,118.157303 
	C411.884430,118.839745 411.877655,119.196289 411.999817,119.793167 
	C412.547913,120.720749 412.485474,121.476837 412.275208,122.568718 
	C412.107758,122.907326 411.969940,123.019150 411.899261,123.072807 
z"/>
<path fill="#BD330C" opacity="1.000000" stroke="none" 
	d="
M411.905884,118.084885 
	C411.752197,118.380692 411.613159,118.278168 411.260559,118.028610 
	C410.950684,117.182961 410.854401,116.484344 410.755676,115.431580 
	C411.940430,115.590088 411.977844,116.617134 411.905884,118.084885 
z"/>
<path fill="#BD330C" opacity="1.000000" stroke="none" 
	d="
M412.296204,123.077042 
	C412.091797,122.188911 412.075867,121.470505 412.094330,120.392792 
	C413.018097,120.769020 412.966980,121.773422 412.903442,123.162888 
	C412.757172,123.447098 412.620941,123.346924 412.296204,123.077042 
z"/>
<path fill="#BD330C" opacity="1.000000" stroke="none" 
	d="
M415.007782,121.240051 
	C415.251892,121.443100 415.491394,121.914948 415.676727,122.656273 
	C415.416107,122.453453 415.209656,121.981148 415.007782,121.240051 
z"/>
<path fill="#F5E3AB" opacity="1.000000" stroke="none" 
	d="
M305.012726,151.951782 
	C305.091034,152.272797 304.970032,152.535919 304.651062,152.920135 
	C304.415375,152.859100 304.351501,152.664948 304.384705,152.179749 
	C304.481720,151.888687 304.839569,151.905930 305.012726,151.951782 
z"/>
<path fill="#C21F02" opacity="1.000000" stroke="none" 
	d="
M190.600769,522.995361 
	C193.941086,534.293823 196.617981,545.925537 201.956680,556.129822 
	C208.552582,568.736938 212.753036,582.674622 222.274429,594.074829 
	C221.184204,596.847046 222.847412,600.043640 220.727509,602.847107 
	C219.973419,603.204041 219.591599,603.406677 219.329926,604.065979 
	C219.379517,604.394531 219.427795,604.277649 219.457092,604.333679 
	C218.511902,604.203430 218.555084,604.986328 218.275497,605.870850 
	C218.175919,606.185059 218.129120,606.096313 218.179276,606.095459 
	C217.527649,606.380615 217.503036,607.052307 217.211121,607.936646 
	C217.021103,608.593079 216.964706,608.960754 216.873413,609.609131 
	C216.574982,610.109009 216.311432,610.328369 215.834564,610.692993 
	C214.410965,606.193542 212.572876,601.972351 209.717804,597.944153 
	C201.229553,585.968262 195.926392,572.419861 191.277618,558.245239 
	C189.075027,548.380981 186.059967,539.057983 183.374985,529.644165 
	C182.161285,525.388916 181.180450,521.067200 180.051117,516.386597 
	C181.016495,516.066162 182.278107,516.306274 182.445236,517.261108 
	C183.228256,521.734985 186.602509,522.470459 190.600769,522.995361 
z"/>
<path fill="#FBF2D4" opacity="1.000000" stroke="none" 
	d="
M320.135010,668.770508 
	C319.368042,671.379761 318.534424,673.724609 317.620117,676.431274 
	C315.981140,680.452942 314.422882,684.112793 312.814972,688.096436 
	C311.088928,691.532959 309.412598,694.645630 307.494232,698.000854 
	C307.038361,698.287048 306.824493,698.330627 306.365967,698.156738 
	C308.889740,687.591431 313.390198,677.920837 317.986481,667.997192 
	C318.507294,667.832336 318.792328,667.865784 319.505859,667.938477 
	C319.979065,668.153931 320.023743,668.330078 320.135010,668.770508 
z"/>
<path fill="#FDE698" opacity="1.000000" stroke="none" 
	d="
M303.188263,717.607544 
	C300.642120,722.890137 302.678650,727.112732 305.178986,731.653564 
	C305.037476,732.160339 304.821655,732.293396 304.245880,732.303772 
	C299.208405,728.606812 299.576660,723.437012 300.155212,718.592896 
	C300.811249,713.099915 302.478210,707.754517 304.841614,702.638916 
	C305.283447,707.619690 303.755066,712.360779 303.188263,717.607544 
z"/>
<path fill="#FDD847" opacity="1.000000" stroke="none" 
	d="
M303.918488,732.481689 
	C304.112610,732.149048 304.339294,732.117065 304.909607,732.056213 
	C307.629944,733.358643 310.006622,734.690002 312.587433,736.135681 
	C310.612885,737.632446 309.278442,735.667053 307.401794,735.851440 
	C306.217072,735.265320 305.389557,734.746033 304.286163,734.109497 
	C303.990540,733.588928 303.970795,733.185669 303.918488,732.481689 
z"/>
<path fill="#FDE698" opacity="1.000000" stroke="none" 
	d="
M306.102051,698.201904 
	C306.313873,697.972839 306.506439,698.006470 306.975647,698.141724 
	C306.932617,698.688232 306.602783,699.078918 306.102051,698.201904 
z"/>
<path fill="#FBF2D4" opacity="1.000000" stroke="none" 
	d="
M728.710022,568.482361 
	C729.443787,568.178467 730.383545,568.121338 731.792480,568.094971 
	C731.542175,570.521301 730.185669,569.384094 728.710022,568.482361 
z"/>
<path fill="#FEF69B" opacity="1.000000" stroke="none" 
	d="
M278.313782,618.335144 
	C279.253845,618.862671 279.824768,619.330872 280.633453,619.940063 
	C277.977112,625.818420 272.528381,626.878418 267.709290,622.594604 
	C269.243530,620.702393 271.414856,620.921631 273.500610,620.701294 
	C274.515625,620.594116 276.251038,620.321472 274.298706,618.460571 
	C275.473907,618.220337 276.709290,618.248047 278.313782,618.335144 
z"/>
<path fill="#FDE698" opacity="1.000000" stroke="none" 
	d="
M381.732605,560.216614 
	C383.124420,560.870605 385.924408,560.690796 384.124329,563.747437 
	C383.189789,565.268311 381.876770,564.859741 380.394379,565.062134 
	C380.521606,563.530029 381.010437,561.997192 381.732605,560.216614 
z"/>
<path fill="#FCB62B" opacity="1.000000" stroke="none" 
	d="
M379.391449,558.028198 
	C379.302063,557.746521 379.573944,557.633606 380.067078,557.791809 
	C380.024292,557.926025 379.845764,557.970703 379.391449,558.028198 
z"/>
<path fill="#F26F06" opacity="1.000000" stroke="none" 
	d="
M906.530273,451.335938 
	C906.789062,451.844543 906.848633,452.540039 906.888794,453.584717 
	C905.979431,453.288910 905.876160,452.468201 906.530273,451.335938 
z"/>
<path fill="#E43C05" opacity="1.000000" stroke="none" 
	d="
M480.620544,866.960266 
	C481.452881,867.936096 482.125977,868.661194 483.470398,869.000977 
	C486.263397,874.195984 491.268890,876.910828 495.398193,880.902100 
	C497.117981,883.962524 499.603729,886.014282 501.857025,888.685425 
	C503.109863,891.055908 502.539795,892.755981 500.343750,894.126831 
	C487.603882,884.272888 474.730927,875.128479 463.441986,864.048340 
	C461.082825,861.732727 458.446869,859.692322 455.040344,858.229736 
	C458.257996,856.132690 461.890198,854.553955 464.789917,851.279907 
	C466.205414,849.664124 467.700684,848.659851 469.459595,847.444763 
	C474.252441,845.077332 478.843628,843.001892 481.589142,837.994568 
	C482.091095,837.704041 482.317047,837.634094 482.804199,837.804321 
	C483.890411,838.028992 484.719696,837.953735 485.539490,838.011902 
	C486.767609,838.099060 488.445923,837.541199 488.742401,839.408813 
	C488.972748,840.860107 487.453278,841.111877 486.547668,841.741272 
	C484.800385,842.955383 483.055206,844.172607 481.151184,845.691345 
	C479.993011,846.833801 478.904724,847.589172 478.006744,848.526794 
	C471.367981,855.458374 472.083038,861.136475 480.620544,866.960266 
z"/>
<path fill="#F55603" opacity="1.000000" stroke="none" 
	d="
M499.935059,894.325928 
	C501.326050,892.952759 501.267487,891.139526 502.002869,889.309692 
	C505.703735,891.807068 508.954132,895.155823 513.007385,897.513611 
	C515.152405,898.761414 516.570862,898.565735 518.668030,896.903564 
	C525.972290,891.114563 532.860901,884.907532 539.626465,878.061890 
	C541.927063,880.322815 536.192627,882.358948 539.883179,885.010132 
	C540.808777,886.246033 540.330872,887.121765 539.583435,887.827759 
	C535.138123,892.026001 530.803528,896.358948 525.272095,899.798035 
	C523.009583,901.501221 520.525635,902.723328 519.260742,904.718262 
	C516.447754,909.154968 514.039368,907.067383 511.445038,904.837402 
	C507.788971,901.694824 504.177643,898.500183 500.250427,895.172302 
	C499.953644,895.016846 499.948486,894.555969 499.935059,894.325928 
z"/>
<path fill="#FEEDBA" opacity="1.000000" stroke="none" 
	d="
M434.059723,653.207153 
	C437.750244,650.788574 436.868774,653.593933 436.940491,655.568420 
	C433.627167,662.891113 431.507019,670.105591 432.134247,677.942383 
	C432.213745,678.935425 432.754486,680.597046 431.072845,680.759277 
	C429.641418,680.897339 429.247498,679.401855 429.176697,678.292175 
	C428.996857,675.473999 429.026520,672.642334 428.854187,669.363098 
	C428.885925,668.206665 429.035828,667.503174 429.233490,666.442139 
	C429.061005,665.357422 429.112152,664.637146 429.469574,663.581238 
	C431.684448,660.241211 431.302979,656.212097 434.059723,653.207153 
z"/>
<path fill="#FDE786" opacity="1.000000" stroke="none" 
	d="
M438.058777,657.460510 
	C441.505646,655.501221 443.888672,656.901367 446.067566,659.869446 
	C446.169434,660.492004 446.082916,660.811707 445.964630,661.119202 
	C444.590210,664.691833 441.546417,666.169617 438.448151,664.764771 
	C435.381104,663.374023 437.206482,660.266846 438.058777,657.460510 
z"/>
<path fill="#FEEDBA" opacity="1.000000" stroke="none" 
	d="
M454.995941,649.366211 
	C455.778931,649.048889 456.514496,649.047241 457.618164,649.036255 
	C457.027222,654.878174 453.483215,659.919922 452.680054,666.203369 
	C451.448364,667.706665 450.209229,668.536560 450.449799,665.853027 
	C450.819916,661.723938 451.536835,657.642151 453.171143,653.365723 
	C453.812195,651.874695 454.380371,650.778259 454.995941,649.366211 
z"/>
<path fill="#FDF5A4" opacity="1.000000" stroke="none" 
	d="
M467.959351,673.350769 
	C468.424469,673.005432 468.688538,672.821045 469.012878,672.340576 
	C470.875946,670.764404 472.621521,669.402344 474.704346,668.024597 
	C475.082367,668.447327 475.123138,668.885803 475.086151,669.660217 
	C474.861725,670.860229 474.324768,671.387939 473.289612,671.860474 
	C471.181732,672.971069 470.037964,675.116516 467.327667,675.121704 
	C467.257019,674.540466 467.536255,674.067078 467.959351,673.350769 
z"/>
<path fill="#FDF5A4" opacity="1.000000" stroke="none" 
	d="
M464.073303,675.630188 
	C464.968719,675.230530 465.646179,675.088318 466.670715,674.963806 
	C464.979950,678.518738 462.265228,680.704224 457.863495,679.565857 
	C460.108856,678.717834 462.593506,678.298401 464.073303,675.630188 
z"/>
<path fill="#FCB62B" opacity="1.000000" stroke="none" 
	d="
M473.278687,672.220398 
	C473.515076,671.418091 473.990021,670.816711 474.736664,670.105713 
	C475.928741,670.063354 476.693268,670.345154 476.960419,671.699219 
	C476.172180,673.553589 475.733734,675.412903 473.425415,676.085327 
	C473.241791,674.917847 473.379486,673.669556 473.278687,672.220398 
z"/>
<path fill="#FDE786" opacity="1.000000" stroke="none" 
	d="
M435.663239,687.602295 
	C437.490875,685.321350 438.693848,687.746643 440.314362,688.070435 
	C438.654999,689.538574 437.300720,688.511597 435.663239,687.602295 
z"/>
<path fill="#FBF2D4" opacity="1.000000" stroke="none" 
	d="
M431.706726,683.187927 
	C433.202820,683.257141 433.924652,684.322266 434.246460,686.031006 
	C433.910217,686.389526 433.700134,686.362427 433.183533,686.251770 
	C432.508026,685.693237 432.139008,685.218262 431.678070,684.443481 
	C431.608582,683.930664 431.631042,683.717651 431.706726,683.187927 
z"/>
<path fill="#FDED6F" opacity="1.000000" stroke="none" 
	d="
M431.582947,682.972290 
	C431.765381,683.087585 431.770874,683.304077 431.681244,683.832153 
	C431.465485,683.908691 431.316406,683.682739 431.238770,683.434326 
	C431.209473,683.340637 431.345398,683.195190 431.582947,682.972290 
z"/>
<path fill="#FDE786" opacity="1.000000" stroke="none" 
	d="
M432.995850,686.320068 
	C433.092438,686.166870 433.307892,686.165466 433.821808,686.290344 
	C433.785065,686.435059 433.449890,686.453430 432.995850,686.320068 
z"/>
<path fill="#BD330C" opacity="1.000000" stroke="none" 
	d="
M422.259277,182.625397 
	C420.843567,182.684418 419.729401,182.349258 418.257202,182.022705 
	C417.163818,174.317307 417.997314,166.605713 418.039612,158.435059 
	C419.202087,158.220734 420.259705,158.464111 421.616455,158.852829 
	C422.910797,159.776581 423.313293,160.881821 423.286133,162.057785 
	C423.130707,168.784988 424.320374,175.562729 422.259277,182.625397 
z"/>
<path fill="#9F270D" opacity="1.000000" stroke="none" 
	d="
M418.187134,147.369888 
	C419.082672,147.790039 419.112427,148.665146 418.427856,149.799652 
	C418.169220,149.240936 418.117004,148.486389 418.187134,147.369888 
z"/>
<path fill="#FDFCF9" opacity="1.000000" stroke="none" 
	d="
M517.765015,93.758888 
	C522.291321,104.916267 522.610657,115.570648 515.467224,125.890488 
	C514.586975,126.416389 513.866882,126.749214 513.306396,126.366760 
	C506.037933,121.407188 497.879669,124.014442 490.086151,123.632271 
	C488.045929,123.532219 486.333008,124.792236 484.569061,125.723167 
	C481.781189,127.194504 479.762085,126.766907 479.223022,122.880951 
	C480.304657,119.928017 482.868622,118.689499 484.350861,116.483444 
	C488.948120,109.641235 485.404816,101.984238 477.152771,101.469185 
	C470.572968,101.058495 464.045563,101.790413 457.376465,103.613510 
	C455.576141,109.448174 456.627167,115.101677 456.426758,120.694321 
	C456.284668,124.659401 454.468872,126.870277 450.648315,126.367210 
	C441.870026,125.211349 433.179535,125.838394 424.040222,126.754929 
	C423.350983,126.517250 423.092255,126.376602 422.585419,125.870956 
	C422.046326,124.654953 422.039276,123.780579 422.206665,122.469009 
	C422.525757,110.265762 422.934998,98.491669 422.895447,86.719078 
	C422.882690,82.928452 423.903503,81.617355 427.762146,81.333252 
	C444.151611,80.126518 460.515778,78.577736 476.891174,77.177185 
	C485.269348,76.460625 493.418610,77.328140 501.392456,80.232643 
	C508.408661,82.788300 513.897095,86.973877 517.765015,93.758888 
z"/>
<path fill="#FBF5DD" opacity="1.000000" stroke="none" 
	d="
M479.704529,122.041992 
	C480.211060,125.307800 481.031372,127.170784 484.101349,124.385864 
	C486.217865,122.465858 488.650421,121.903564 491.423981,121.979630 
	C495.399902,122.088661 499.399384,122.246231 503.355011,121.942757 
	C507.752014,121.605431 511.473877,122.577385 514.810669,125.994141 
	C514.697754,126.628540 514.223511,127.192848 513.558960,127.967606 
	C512.254150,128.495346 511.168304,128.990005 509.978882,128.909103 
	C490.691986,127.597191 471.537872,130.583252 452.287109,130.752136 
	C445.523773,130.811462 438.685333,131.261078 431.928650,132.029083 
	C426.110474,132.690414 425.689056,133.393234 425.585205,139.330872 
	C425.553253,141.157639 425.629395,142.985474 425.504272,145.262833 
	C425.486267,148.116455 425.632996,150.518417 425.484192,153.365326 
	C425.577454,156.438156 425.485077,159.068787 425.523132,162.127106 
	C425.355621,164.223450 425.376953,165.896652 425.387390,167.973511 
	C425.442474,169.168594 425.400909,169.959381 425.399109,171.127686 
	C425.401917,171.751129 425.399780,171.997101 425.394043,172.605438 
	C425.325989,174.570435 425.227570,176.172256 425.308289,178.092560 
	C425.403992,178.811737 425.499481,179.208389 425.781250,179.859161 
	C426.034515,180.296646 426.140106,180.470413 426.369324,180.925262 
	C426.574371,181.616013 426.543274,182.018478 426.189453,182.623596 
	C424.890594,182.961365 423.818054,183.090363 422.351593,183.119461 
	C421.995911,175.321411 422.034119,167.623276 421.993958,159.461655 
	C421.981354,157.275238 422.047119,155.552307 422.022827,153.406296 
	C421.014282,146.303833 421.755157,139.589844 421.512390,132.501404 
	C421.508881,131.856522 421.507111,131.606552 421.505371,130.997742 
	C420.719879,129.381149 423.843658,130.593796 422.409546,128.715088 
	C422.131592,127.773613 422.181152,127.140213 422.647919,126.270317 
	C430.881622,124.970459 438.730042,122.978340 447.056458,124.808731 
	C454.358093,126.413849 454.887512,125.444168 454.966583,118.007729 
	C455.021210,112.870880 455.194214,107.735306 455.588623,102.283264 
	C458.721313,105.291374 457.325928,109.293434 457.433014,112.974808 
	C457.744720,123.690941 457.608673,123.580299 468.462891,122.697060 
	C472.094116,122.401581 475.687439,121.583572 479.704529,122.041992 
z"/>
<path fill="#BD330C" opacity="1.000000" stroke="none" 
	d="
M422.303345,129.944000 
	C422.109283,137.526825 422.104370,144.793915 422.016113,152.522110 
	C420.035767,150.291336 421.007782,147.231125 421.065582,144.387054 
	C421.214600,137.053741 420.174103,129.681107 421.967712,122.212173 
	C422.369354,122.845680 422.448059,123.652084 422.402161,124.849319 
	C422.661255,126.687561 422.424927,128.165344 422.303345,129.944000 
z"/>
<path fill="#FDFBF7" opacity="1.000000" stroke="none" 
	d="
M587.083862,117.670563 
	C589.074768,117.893311 590.666138,117.944702 592.643677,118.104866 
	C594.572937,118.843262 596.244446,118.235664 598.199463,118.786911 
	C600.795898,118.186928 602.979919,118.948067 605.576416,119.055199 
	C606.582520,119.845764 606.471863,120.679062 606.486328,121.895996 
	C606.484863,123.132874 606.502014,123.959785 606.101562,125.108963 
	C604.257324,126.395729 602.634583,126.093307 601.036072,125.503082 
	C594.407166,123.055534 587.372742,122.673882 580.510132,121.407730 
	C574.165527,120.237137 567.870667,121.282906 561.610962,121.854073 
	C556.110413,122.355980 550.619446,122.794029 545.166504,122.197289 
	C541.436584,121.789108 539.066711,122.974236 537.161377,126.471596 
	C536.674927,126.985809 536.456543,127.169571 535.838806,127.511185 
	C534.860962,127.757523 534.300049,127.693092 533.413330,127.218102 
	C533.053162,124.917984 533.036316,122.875420 533.106567,120.402756 
	C533.796143,118.551857 533.431274,117.070763 533.349487,115.320847 
	C533.264038,103.549858 533.343933,92.072334 533.292175,80.595390 
	C533.277954,77.444870 534.312927,76.353096 537.676331,76.449272 
	C561.144897,77.120399 584.488770,79.544586 607.890747,81.135666 
	C610.706299,81.327103 611.554871,82.398224 611.476135,85.141769 
	C611.304382,91.126114 611.438721,97.119240 611.474731,103.579605 
	C611.501465,104.050423 611.189392,104.021233 611.109131,104.155807 
	C609.303101,104.640465 607.561523,104.454880 605.416016,104.296768 
	C593.358215,102.581764 581.661682,101.579803 569.921631,101.006905 
	C567.171509,100.872704 565.833008,101.209183 565.805908,104.599136 
	C565.716797,115.739098 565.550476,115.738075 576.678528,116.859093 
	C577.172546,116.908859 577.667969,116.943748 578.594177,117.083580 
	C581.552551,117.913071 584.181458,116.188011 587.083862,117.670563 
z"/>
<path fill="#FBF2D4" opacity="1.000000" stroke="none" 
	d="
M535.320801,177.234558 
	C532.061829,177.516220 532.171631,175.600311 532.194702,173.695282 
	C532.262329,168.105209 532.301208,162.514786 532.260010,156.464783 
	C532.399231,147.644852 532.629761,139.284607 532.937805,130.462021 
	C533.307129,129.929047 533.598877,129.858429 534.221985,130.094025 
	C535.957703,133.225800 535.379028,136.257797 535.455811,139.664093 
	C535.291199,143.940536 535.576294,147.770203 535.479248,152.038818 
	C535.414490,153.345535 535.512573,154.214432 535.448059,155.512970 
	C535.396545,157.352966 535.364014,158.764389 535.476318,160.588058 
	C535.317444,163.945648 535.408936,166.892258 535.378906,170.205795 
	C535.384521,171.041260 535.393494,171.508209 535.466248,172.290970 
	C535.694519,173.011063 535.976624,173.322617 536.664917,173.677505 
	C539.804321,174.944397 543.034302,174.073074 546.024170,175.913498 
	C546.234619,176.515671 546.197632,176.792404 545.781616,177.261261 
	C542.173950,177.497269 538.945374,177.529678 535.320801,177.234558 
z"/>
<path fill="#FEEDBA" opacity="1.000000" stroke="none" 
	d="
M534.507690,129.977173 
	C533.929138,130.003906 533.746399,130.001343 533.289429,129.999222 
	C532.961853,129.234436 532.908447,128.469208 532.962524,127.332275 
	C533.530273,126.975601 533.990540,126.990654 534.791748,127.061615 
	C535.850464,128.125259 535.804077,129.071136 534.507690,129.977173 
z"/>
<path fill="#FDF7E5" opacity="1.000000" stroke="none" 
	d="
M533.132385,115.430801 
	C534.404846,116.414398 534.125671,117.938736 533.424255,119.726929 
	C533.139465,118.593254 533.085266,117.213852 533.132385,115.430801 
z"/>
<path fill="#FDFBF7" opacity="1.000000" stroke="none" 
	d="
M730.701538,109.695854 
	C728.163391,116.791298 727.133545,123.948280 726.811951,131.171387 
	C726.687012,133.978500 725.652039,133.608429 723.562866,132.882568 
	C722.805359,132.181229 722.572449,131.270660 721.986450,130.835861 
	C713.612061,124.622116 704.474243,120.021736 694.137451,118.113075 
	C691.356689,117.599625 688.519287,117.414551 685.701477,117.939697 
	C683.267761,118.393257 681.325867,119.510330 680.590332,122.079056 
	C679.908997,124.458450 680.906128,126.305260 682.541199,127.890015 
	C685.585327,130.840408 689.299500,132.661530 693.601990,134.113342 
	C695.139832,134.651398 696.304871,135.176697 697.733398,135.894012 
	C698.462280,136.498917 699.070374,136.502609 699.880981,136.800140 
	C700.925476,137.172928 701.715637,137.400024 702.742920,137.832397 
	C703.331116,138.411163 703.504089,138.854324 703.368164,139.714874 
	C702.139282,140.975540 700.902771,140.620728 699.321411,140.414673 
	C698.466125,140.339737 697.976379,140.298096 697.116272,140.218353 
	C696.250183,140.113480 695.761047,140.012222 694.916199,139.772675 
	C690.596069,137.385025 685.783875,137.243164 681.649475,134.391312 
	C678.605957,130.249557 674.807068,129.103134 670.172302,129.349091 
	C664.631531,129.643143 658.941650,128.690689 653.988037,132.284317 
	C653.058533,132.958633 651.809265,132.982361 650.356567,132.222534 
	C650.042786,131.979904 649.799805,131.718842 649.833252,131.543701 
	C649.702087,130.769608 649.517395,130.175293 649.299561,129.281113 
	C649.025208,128.658218 648.898071,128.308807 648.817444,127.681152 
	C648.539124,126.524620 648.504700,125.604797 648.366943,124.356895 
	C648.190796,122.288673 648.122803,120.547836 648.159424,118.381958 
	C648.730713,116.767014 648.334045,115.481712 648.766602,113.917366 
	C650.328186,103.588982 657.483887,96.168205 667.615723,94.105858 
	C675.748474,92.450432 683.786255,92.746132 691.829834,94.878517 
	C705.221558,98.428764 718.087708,103.329552 730.701538,109.695854 
z"/>
<path fill="#FEEDBA" opacity="1.000000" stroke="none" 
	d="
M650.351318,155.623749 
	C650.828674,155.646698 651.175293,156.111710 651.694824,156.702606 
	C653.596863,161.069000 657.646362,162.737411 661.378479,165.231659 
	C670.068481,171.365860 679.494995,174.871475 689.523743,176.787659 
	C693.278870,177.505142 697.147217,177.683701 700.981934,175.283798 
	C701.575562,175.157394 701.831665,175.229843 702.276550,175.648743 
	C702.447510,180.196976 699.153076,179.971176 696.461060,180.256165 
	C688.069519,181.144470 680.378540,178.384338 672.823608,175.282944 
	C668.057861,173.326538 663.593689,170.754944 659.307861,167.860748 
	C654.712097,164.757248 654.303833,165.005249 653.357727,171.064575 
	C653.316345,171.700150 653.293274,171.954666 653.213989,172.588348 
	C653.104614,173.216507 653.051392,173.465500 652.893799,174.080139 
	C650.339722,181.733597 650.505554,181.514069 656.774841,185.445343 
	C671.080750,194.416122 686.948669,198.532791 703.420410,200.389236 
	C712.423340,201.403854 721.068787,199.684189 727.627625,191.826416 
	C729.479248,189.606186 730.081360,187.206070 731.008667,184.545151 
	C732.142029,179.903275 731.348083,175.557175 731.539429,170.877945 
	C731.466309,170.029984 731.413269,169.551270 731.276550,168.731384 
	C731.151184,168.164658 731.099915,167.940125 730.976868,167.381653 
	C730.690796,164.528061 729.177917,162.556503 727.955933,160.106384 
	C726.970642,157.719254 725.118225,156.432358 723.566956,154.475937 
	C722.538940,152.849579 721.514221,151.588852 721.264648,149.602493 
	C721.350586,149.034531 721.425049,148.814529 721.735779,148.338379 
	C736.032166,158.463684 737.533875,174.637558 733.650269,187.868179 
	C730.989258,196.933578 724.021606,201.510895 715.082092,203.219421 
	C702.196167,205.682175 690.029419,202.008545 677.882141,198.494263 
	C672.604980,196.967545 667.605530,194.711533 662.386047,192.135681 
	C660.909973,191.413406 659.778564,190.742081 658.322021,190.014801 
	C654.338013,187.158325 648.338074,186.164154 646.651978,182.895859 
	C645.164490,180.012573 648.867920,174.730194 649.511658,170.393234 
	C650.210327,165.686050 650.022095,160.847214 650.351318,155.623749 
z"/>
<path fill="#FDF7E5" opacity="1.000000" stroke="none" 
	d="
M721.771484,147.809448 
	C721.960754,148.317444 721.949524,148.552643 721.922119,149.140686 
	C719.481934,150.589890 717.587402,149.012772 715.201050,148.075409 
	C712.150513,146.304108 709.217407,145.177704 705.916443,143.964020 
	C704.293152,143.093338 702.642517,142.730576 702.771240,140.472122 
	C702.972107,139.677017 702.978455,139.208740 702.982300,138.389053 
	C709.647827,140.282379 716.022949,143.100113 721.771484,147.809448 
z"/>
<path fill="#FDF7E5" opacity="1.000000" stroke="none" 
	d="
M699.937866,136.712311 
	C699.549622,136.820175 698.963989,136.694534 698.187622,136.327454 
	C698.578064,136.216934 699.159302,136.347870 699.937866,136.712311 
z"/>
<path fill="#F98C08" opacity="1.000000" stroke="none" 
	d="
M623.323608,871.924316 
	C616.507202,872.892151 610.996277,877.143066 604.270691,877.493958 
	C601.021606,877.663452 597.813049,878.648193 594.592102,879.293579 
	C593.673218,879.477661 592.530945,880.182983 592.279053,878.638367 
	C592.059998,877.295105 593.250000,877.276245 594.217285,876.988464 
	C599.584412,875.391785 604.927185,873.713318 610.655884,871.999329 
	C615.744568,870.938293 620.455750,869.940796 625.585388,868.926514 
	C626.357178,869.329895 626.501709,869.812439 626.221313,870.684387 
	C625.207153,871.268982 624.409058,871.526794 623.323608,871.924316 
z"/>
<path fill="#FC7608" opacity="1.000000" stroke="none" 
	d="
M626.377563,870.969116 
	C626.004578,870.544861 626.003784,870.078613 626.003418,869.261047 
	C628.545959,866.535339 632.021606,866.403687 635.048706,865.200928 
	C635.878784,864.871094 637.205017,864.703369 637.456543,866.043335 
	C637.684448,867.257202 636.584473,867.599609 635.613464,867.921021 
	C632.651733,868.901367 629.703430,869.921997 626.377563,870.969116 
z"/>
<path fill="#FDDA66" opacity="1.000000" stroke="none" 
	d="
M663.226562,702.186523 
	C665.607727,697.657593 669.308716,693.860535 669.157166,688.076660 
	C668.478516,685.300598 671.376221,683.852478 670.993103,680.946594 
	C671.565796,680.158752 672.122925,679.791382 672.853394,679.232666 
	C673.704041,678.449463 673.979187,677.608154 674.582397,676.578735 
	C676.542908,674.218811 677.583557,671.603760 679.878784,669.500061 
	C682.365295,668.602722 684.698669,667.741394 686.890686,668.097351 
	C691.290771,668.811951 693.208984,666.455322 694.735840,662.644043 
	C695.269592,661.574158 695.674927,660.840637 696.237305,660.222107 
	C696.901428,659.491760 697.645569,658.553223 698.719666,659.028870 
	C700.060181,659.622620 699.887756,660.984375 699.559448,662.091125 
	C698.706299,664.966919 697.050781,667.530762 696.190857,670.787720 
	C696.321289,672.043640 696.455872,672.926453 696.866211,674.016357 
	C697.404053,674.643738 697.512451,675.097412 697.268311,675.906494 
	C690.613403,677.049011 690.613403,677.049011 690.297974,684.960083 
	C689.751404,685.847839 689.380493,686.433350 688.739136,687.042297 
	C685.171021,688.620911 684.774231,692.501221 682.008240,694.853027 
	C681.425537,694.985352 681.156799,694.998901 680.484924,695.033508 
	C677.373596,695.939392 674.596069,696.760620 675.076538,700.867065 
	C674.066040,704.784729 671.283752,705.709290 667.962280,706.011780 
	C665.206421,706.262817 664.209045,704.589172 663.226562,702.186523 
z"/>
<path fill="#FDCC33" opacity="1.000000" stroke="none" 
	d="
M731.611816,685.702148 
	C728.071167,685.566223 724.928223,685.258972 721.345520,684.896606 
	C715.644348,683.101440 710.238953,683.294434 704.838013,683.753662 
	C703.359070,683.879395 701.887329,684.002319 700.408264,683.985352 
	C695.230530,683.925964 694.877197,683.451233 696.134338,677.702087 
	C697.420654,676.159973 698.830688,675.765198 700.732178,675.424500 
	C701.728394,675.224915 702.298584,675.116882 703.296936,674.923096 
	C717.684814,673.194641 731.674744,672.220581 745.618835,674.666443 
	C749.993713,675.433899 755.132324,675.424316 757.431641,681.178345 
	C757.979614,683.442871 757.474731,685.126160 756.307617,687.067139 
	C753.052856,688.638123 750.106934,687.581238 747.236877,687.138733 
	C742.178345,686.358765 737.118713,685.754333 731.611816,685.702148 
z"/>
<path fill="#FCDD51" opacity="1.000000" stroke="none" 
	d="
M696.645142,676.342773 
	C696.617493,682.995728 696.630371,682.737915 703.178955,683.065369 
	C709.033142,683.358154 715.021057,681.635803 720.825562,684.462585 
	C710.930725,683.406616 700.988220,685.196655 690.574707,685.202759 
	C689.799133,684.170410 689.380676,683.096191 689.171997,681.982788 
	C688.699280,679.461121 689.100952,677.319946 691.092285,675.303589 
	C693.399353,672.967651 694.440857,676.433228 696.645142,676.342773 
z"/>
<path fill="#FDE786" opacity="1.000000" stroke="none" 
	d="
M731.612854,685.916748 
	C738.141479,683.445740 744.920532,686.068787 751.762390,686.497986 
	C752.912903,686.570190 754.048035,686.887085 755.617432,687.080872 
	C756.373596,687.553040 756.471558,688.078247 756.053101,688.949524 
	C747.712708,689.140320 739.971130,686.763916 731.612854,685.916748 
z"/>
<path fill="#FBF2D4" opacity="1.000000" stroke="none" 
	d="
M681.601562,695.237793 
	C683.665833,692.323853 683.131165,687.781311 688.067505,687.068542 
	C688.145203,690.621765 685.606018,693.304077 684.513306,696.933655 
	C683.499756,697.662781 682.657104,697.771240 681.549316,696.974976 
	C681.373962,696.238892 681.441406,695.871399 681.601562,695.237793 
z"/>
<path fill="#FBF5DD" opacity="1.000000" stroke="none" 
	d="
M755.806213,689.472473 
	C755.875488,688.771423 755.982849,688.290344 756.067383,687.440063 
	C756.327393,685.614319 755.518127,684.005310 756.835571,682.335449 
	C757.390869,681.611267 757.847534,681.467712 758.696899,681.782959 
	C760.615112,685.373901 759.214233,687.869568 756.286377,690.077759 
	C755.921814,690.132141 755.844360,689.692444 755.806213,689.472473 
z"/>
<path fill="#FDDA66" opacity="1.000000" stroke="none" 
	d="
M681.204834,697.009399 
	C682.060730,696.754700 682.815063,696.903015 683.949341,697.144653 
	C684.285217,699.472412 682.583313,700.873596 681.371948,702.876221 
	C679.217957,701.220032 681.671692,699.308838 681.204834,697.009399 
z"/>
<path fill="#F6A110" opacity="1.000000" stroke="none" 
	d="
M525.219971,900.135986 
	C529.162354,894.378113 535.479370,891.057129 540.082764,885.486938 
	C549.225098,879.955688 556.252075,872.186584 564.530334,866.006897 
	C567.685425,863.651672 570.883606,861.354187 574.383179,858.975708 
	C575.547119,858.952026 576.390198,858.982971 577.652954,859.040833 
	C576.022644,865.741333 570.628052,869.565857 565.307983,873.862183 
	C558.142761,877.867920 552.109131,882.673340 547.493896,889.146240 
	C545.264160,892.273438 542.379211,894.732971 540.662903,898.478638 
	C538.554443,903.080200 533.035339,903.919495 528.341370,905.938538 
	C528.371582,903.552185 526.548157,902.118591 525.219971,900.135986 
z"/>
<path fill="#FDF7E5" opacity="1.000000" stroke="none" 
	d="
M650.026733,132.342285 
	C650.858398,131.887222 651.924683,132.095093 652.451294,131.655899 
	C658.428833,126.670753 665.560608,128.366302 672.370789,127.932594 
	C676.908264,127.643616 680.023987,129.189758 681.969482,133.618683 
	C681.285400,137.094452 678.764465,136.340363 676.838806,136.067017 
	C672.674133,135.475876 668.592773,135.896713 664.441956,136.106537 
	C660.388000,136.311478 657.493835,137.553009 655.291443,141.125671 
	C652.309265,138.824982 651.076416,135.813461 650.026733,132.342285 
z"/>
<path fill="#FBF2D4" opacity="1.000000" stroke="none" 
	d="
M654.936279,141.292999 
	C656.329041,131.311417 664.673706,136.034454 669.793640,134.106155 
	C673.551025,132.691055 677.483643,136.071625 681.738647,134.262512 
	C686.176880,135.521851 690.771118,135.871765 694.788086,138.721344 
	C694.085083,142.414062 691.389587,141.132050 689.354736,140.948074 
	C684.274963,140.488770 679.252808,139.465897 674.096863,140.336578 
	C671.745056,140.733704 669.610901,141.356155 667.516846,143.255142 
	C664.377686,144.583145 661.632812,143.257156 658.438232,143.273331 
	C657.466003,143.071716 656.947327,142.847122 656.093628,142.333740 
	C655.390686,142.035431 655.146851,141.838608 654.936279,141.292999 
z"/>
<path fill="#FEEDBA" opacity="1.000000" stroke="none" 
	d="
M696.883911,163.639191 
	C686.472351,158.836411 675.149597,157.185410 665.429138,150.728622 
	C663.955872,149.764084 662.822693,148.932632 661.395264,148.016632 
	C660.633362,147.723633 660.240845,147.418472 659.830994,146.649963 
	C659.879578,146.072495 660.020081,145.862320 660.501343,145.484222 
	C662.450562,144.943161 663.779541,145.656494 665.016785,146.500366 
	C672.367981,151.514511 680.669983,154.355606 689.003113,157.166641 
	C692.093384,158.209091 695.482788,158.897766 697.400024,162.492599 
	C697.408936,163.135345 697.344299,163.391220 696.883911,163.639191 
z"/>
<path fill="#FEEDBA" opacity="1.000000" stroke="none" 
	d="
M655.825928,142.393250 
	C656.175354,142.070801 656.623596,142.024078 657.409058,141.955200 
	C659.009155,142.792267 660.775269,143.257339 660.210449,145.693710 
	C659.982849,146.017578 659.888245,146.126663 659.840515,146.180847 
	C659.292358,146.462479 658.809265,146.429993 658.213623,145.777222 
	C657.364075,144.500504 656.644409,143.584732 655.825928,142.393250 
z"/>
<path fill="#FDF7E5" opacity="1.000000" stroke="none" 
	d="
M648.653809,113.880051 
	C648.819275,114.827576 648.776123,116.097878 648.498535,117.662552 
	C648.324463,116.705559 648.384827,115.454193 648.653809,113.880051 
z"/>
<path fill="#9F270D" opacity="1.000000" stroke="none" 
	d="
M658.155640,145.781006 
	C658.452515,145.622620 658.821411,145.828964 659.491516,146.135193 
	C660.139893,146.643280 660.487061,147.051514 660.967529,147.695923 
	C659.760071,147.952774 658.694763,147.530334 658.155640,145.781006 
z"/>
<path fill="#FDF7E5" opacity="1.000000" stroke="none" 
	d="
M648.188843,124.376198 
	C649.058960,124.762245 649.034302,125.715279 648.915283,127.041367 
	C648.615601,126.509567 648.367249,125.616219 648.188843,124.376198 
z"/>
<path fill="#FDF7E5" opacity="1.000000" stroke="none" 
	d="
M649.108521,129.329224 
	C649.417053,129.574966 649.681763,130.142334 649.906555,131.039124 
	C649.599426,130.795975 649.332092,130.223404 649.108521,129.329224 
z"/>
<path fill="#FEEDBA" opacity="1.000000" stroke="none" 
	d="
M545.737671,177.165161 
	C545.996460,176.971222 546.005493,176.515152 545.996948,176.287231 
	C548.548401,173.733826 551.620483,174.536224 554.530212,174.783966 
	C571.557495,176.233643 588.680786,176.630585 605.590027,179.377655 
	C608.464966,179.844696 609.559875,178.535034 609.492920,175.798584 
	C609.452393,174.140396 609.426270,172.477081 609.532715,170.390930 
	C609.293396,163.083969 609.303711,162.984756 602.538391,162.279526 
	C592.017151,161.182785 581.535034,159.678024 570.942078,159.286011 
	C568.480896,159.194916 566.008972,158.733444 563.287598,157.589966 
	C562.018188,156.413422 561.758484,155.230682 561.591064,153.549011 
	C561.441223,150.974701 561.404785,148.857422 561.533691,146.291534 
	C561.269653,136.099304 562.046875,135.214706 571.841370,135.485062 
	C579.837341,135.705765 587.728577,137.167557 595.687073,137.874985 
	C596.349548,137.933868 597.008972,138.153046 597.666382,138.127777 
	C599.664978,138.050934 602.542542,139.257858 602.872559,136.041183 
	C603.177917,133.064697 600.398010,132.963898 598.287170,132.671783 
	C584.565369,130.772949 570.773071,130.257172 556.933105,130.517792 
	C554.181030,130.569611 551.204956,131.125778 548.752197,128.435455 
	C550.012756,124.775475 552.999451,125.448776 555.466370,125.484688 
	C571.661743,125.720505 587.874573,124.651703 604.053833,126.087868 
	C604.568970,126.133606 605.008728,125.894791 605.688721,125.300140 
	C605.971741,124.239685 605.992310,123.500275 606.013794,122.391014 
	C606.153076,121.850327 606.291382,121.679489 606.656738,121.747772 
	C606.879639,128.298981 606.875549,134.611084 606.905273,141.379318 
	C596.579895,142.255920 586.403320,140.225281 576.133362,139.452438 
	C565.216125,138.630875 565.533875,138.352921 565.021606,148.978622 
	C564.795654,153.666458 566.000244,155.203720 570.722717,155.505630 
	C583.684448,156.334259 596.602600,157.826859 609.559265,158.763229 
	C612.752380,158.994003 613.765686,159.597046 613.402527,163.061340 
	C612.866333,168.176407 612.815430,173.404404 613.204590,178.535263 
	C613.530640,182.834991 611.800232,183.432129 608.144226,183.021881 
	C597.718262,181.851944 587.265808,180.918915 576.384155,179.814636 
	C574.205322,179.227417 572.415771,179.630737 570.301514,179.314484 
	C567.221497,179.060242 564.498657,178.936600 561.326477,178.730835 
	C559.163696,178.313828 557.426208,178.593216 555.359985,178.310593 
	C553.287109,178.107101 551.559692,178.038315 549.407104,177.891235 
	C548.823547,177.732483 548.665100,177.652008 548.261963,177.677048 
	C547.570496,177.810104 547.123901,177.837646 546.348877,177.788910 
	C545.839966,177.594803 545.659424,177.476959 545.737671,177.165161 
z"/>
<path fill="#F26F06" opacity="1.000000" stroke="none" 
	d="
M621.717102,107.353539 
	C621.067749,106.617462 620.820740,106.010498 620.331665,105.182739 
	C620.105347,104.233841 620.121094,103.505737 620.172241,102.415237 
	C620.792480,101.456429 621.377441,100.860008 622.093201,99.971771 
	C624.315430,98.525642 626.170898,98.927208 627.234375,100.996964 
	C628.236572,102.947433 626.797546,104.405586 625.526917,105.719322 
	C624.600586,106.677055 623.536072,107.438667 621.717102,107.353539 
z"/>
<path fill="#AA290A" opacity="1.000000" stroke="none" 
	d="
M581.334595,117.132950 
	C583.843933,114.980766 586.914551,116.587311 590.094971,115.801971 
	C589.370850,117.464729 588.273682,116.747299 587.131409,117.069077 
	C585.102112,117.803886 583.372192,117.409126 581.334595,117.132950 
z"/>
<path fill="#FDF7E5" opacity="1.000000" stroke="none" 
	d="
M580.676819,116.929367 
	C582.654541,116.987228 584.304993,117.118721 586.362427,117.182587 
	C586.894653,117.229546 587.019836,117.344124 587.314148,117.650307 
	C584.869263,118.038948 582.254028,118.297806 579.340332,117.437622 
	C579.466858,117.122055 579.908203,117.062531 580.676819,116.929367 
z"/>
<path fill="#CD4010" opacity="1.000000" stroke="none" 
	d="
M605.268799,104.391548 
	C606.730835,104.145317 608.454773,104.142220 610.603760,104.214752 
	C609.261902,105.455673 607.401794,105.131577 605.268799,104.391548 
z"/>
<path fill="#FDF7E5" opacity="1.000000" stroke="none" 
	d="
M598.254517,118.627563 
	C596.948120,118.815430 595.301147,118.765755 593.341980,118.464867 
	C594.657776,118.272438 596.285889,118.331230 598.254517,118.627563 
z"/>
<path fill="#FDF7E5" opacity="1.000000" stroke="none" 
	d="
M606.976379,121.632919 
	C606.883789,121.986893 606.448853,122.000168 606.231750,122.010666 
	C606.005676,121.307404 605.996704,120.593643 605.983887,119.524101 
	C607.550232,119.248978 607.074341,120.385330 606.976379,121.632919 
z"/>
<path fill="#AA290A" opacity="1.000000" stroke="none" 
	d="
M581.155945,114.319427 
	C581.449036,114.084312 581.891663,114.050240 582.658203,114.099915 
	C582.527466,114.814507 581.995300,115.059975 581.155945,114.319427 
z"/>
<path fill="#AA290A" opacity="1.000000" stroke="none" 
	d="
M607.146118,116.253632 
	C607.449036,116.012405 607.893250,115.984566 608.658325,116.055748 
	C608.511719,116.781525 607.971375,117.013580 607.146118,116.253632 
z"/>
<path fill="#FBF2D4" opacity="1.000000" stroke="none" 
	d="
M666.032593,615.081909 
	C664.987732,617.884583 663.570740,620.609436 661.952637,623.620850 
	C655.697571,626.852051 648.783386,626.035156 644.140503,621.414551 
	C645.760132,615.897705 648.124268,611.683044 654.716553,612.962402 
	C656.612000,613.330322 658.358215,612.666077 659.367676,610.895752 
	C660.412598,609.063293 658.499451,608.362427 657.775940,607.207397 
	C657.253967,606.374146 656.773621,605.514893 656.128906,604.361267 
	C660.047852,600.457886 664.649963,601.114929 669.668701,602.698364 
	C669.393311,605.821350 667.235474,607.650513 665.796204,609.931885 
	C664.884766,611.376770 662.317139,613.258057 666.032593,615.081909 
z"/>
<path fill="#FCDD51" opacity="1.000000" stroke="none" 
	d="
M627.234131,657.398926 
	C626.468750,657.064514 626.073914,656.959351 625.378540,656.793884 
	C624.124939,656.197693 623.568359,655.293152 622.814331,654.149292 
	C622.647339,652.585876 623.296448,651.784607 624.722534,651.165955 
	C628.577148,648.121582 633.187927,646.104919 633.842285,640.327515 
	C634.864258,639.217346 635.889587,639.310242 636.701477,639.882385 
	C640.441895,642.518127 644.818604,643.037842 649.396057,644.106567 
	C650.560791,646.334717 650.474243,648.288940 649.730225,650.662354 
	C643.679626,658.073181 636.267578,659.940918 627.234131,657.398926 
z"/>
<path fill="#FDE7A6" opacity="1.000000" stroke="none" 
	d="
M643.740601,621.215027 
	C649.059692,625.163208 655.084167,623.855469 661.307617,623.925903 
	C659.944519,627.770447 658.137512,631.633545 656.102051,635.776550 
	C654.841492,636.919067 653.646545,637.419556 651.935059,637.628662 
	C646.988281,635.634033 641.715332,636.177063 637.129517,633.219116 
	C638.520020,628.746582 642.493469,625.952393 643.740601,621.215027 
z"/>
<path fill="#FEEDBA" opacity="1.000000" stroke="none" 
	d="
M670.307007,602.868774 
	C665.594299,603.064392 661.140869,602.590881 656.405396,604.030640 
	C654.959167,598.425964 660.063843,596.976013 662.972778,594.152161 
	C664.159607,593.000061 666.229187,592.640503 667.967957,592.198792 
	C671.310547,591.349670 673.970642,593.143372 675.532043,595.597900 
	C677.057190,597.995300 673.981384,599.122437 672.760925,600.692871 
	C672.164246,601.460449 671.330688,602.043884 670.307007,602.868774 
z"/>
<path fill="#FDDE77" opacity="1.000000" stroke="none" 
	d="
M636.654785,633.137390 
	C641.673523,634.388916 646.996460,633.683472 651.720093,636.778381 
	C653.143311,639.835144 651.341736,641.810364 649.592163,643.955811 
	C643.484863,645.986816 639.148926,642.842773 634.352295,640.042725 
	C634.798218,637.794312 635.600952,635.586548 636.654785,633.137390 
z"/>
<path fill="#FDF5A4" opacity="1.000000" stroke="none" 
	d="
M624.767761,650.870728 
	C624.392639,651.779419 623.762756,652.537659 622.954773,653.538330 
	C621.771851,656.004456 620.153992,657.085205 617.341797,656.279419 
	C617.352966,654.430542 618.921997,653.824829 619.925964,652.364136 
	C621.138306,651.435852 622.179443,650.772461 623.485962,649.960144 
	C624.005188,650.114319 624.259094,650.417297 624.767761,650.870728 
z"/>
<path fill="#EB9112" opacity="1.000000" stroke="none" 
	d="
M277.008118,650.129395 
	C278.714508,649.992676 280.416687,649.972412 282.542419,649.974670 
	C281.377777,651.308167 279.529846,650.669006 277.383942,650.583984 
	C276.998169,650.478882 277.003845,650.245850 277.008118,650.129395 
z"/>
<path fill="#EB9112" opacity="1.000000" stroke="none" 
	d="
M284.355774,649.930786 
	C284.872986,648.818726 286.108734,649.013855 287.631714,648.978027 
	C287.123077,650.080078 285.881134,649.900452 284.355774,649.930786 
z"/>
<path fill="#FDE698" opacity="1.000000" stroke="none" 
	d="
M696.477539,670.976562 
	C694.206665,668.965515 696.416321,667.235352 696.871338,665.329102 
	C697.316895,663.462463 699.138062,662.036377 698.750305,659.798523 
	C696.847351,659.719299 697.056519,661.561401 696.072754,662.673950 
	C692.149597,665.010437 689.570435,661.734680 686.147339,660.583740 
	C684.153564,657.573364 686.076599,655.385437 687.031189,653.051147 
	C688.424316,649.644470 690.917236,646.572998 690.114990,642.149414 
	C689.699707,639.577759 690.025146,637.530334 691.596069,635.388123 
	C698.714172,633.915222 705.584717,632.662537 712.660645,635.963867 
	C713.030701,636.659119 713.218445,637.415039 712.956177,637.950745 
	C707.591064,648.913086 702.174561,659.850220 696.477539,670.976562 
z"/>
<path fill="#FBC82A" opacity="1.000000" stroke="none" 
	d="
M626.915527,657.482544 
	C629.507080,657.116028 632.189392,656.749573 634.786072,657.072388 
	C640.614380,657.796875 644.154053,653.731506 648.735840,651.012451 
	C650.162720,650.651917 650.597534,651.397278 651.165466,652.419312 
	C651.609680,653.465637 652.112549,654.091492 652.972656,654.809937 
	C653.468872,655.065247 653.675293,655.209900 653.924927,655.590576 
	C654.472717,657.079224 655.496155,657.841797 656.926025,658.656067 
	C663.452942,659.152771 668.862671,656.960022 673.525085,652.930664 
	C678.280945,648.820557 682.610901,644.279480 686.677734,639.046570 
	C687.199280,638.777161 687.449036,638.711121 688.024353,638.855835 
	C688.973511,639.963135 689.064331,640.964478 688.839844,642.371826 
	C687.034241,645.611023 685.075256,648.273804 681.883057,650.254517 
	C679.722046,650.815308 678.745117,652.383667 677.213379,653.758728 
	C671.376099,656.157104 667.151306,660.465210 662.237610,663.694092 
	C658.486816,666.158691 654.691345,668.319580 650.166931,669.925842 
	C644.680420,668.960205 639.107422,670.083130 634.263550,666.290833 
	C633.965332,666.025818 634.005920,665.995789 634.012573,666.020142 
	C632.185913,664.769104 630.560791,663.273010 629.056702,661.208069 
	C628.614014,660.353516 628.264221,659.828186 627.503357,659.236328 
	C627.166687,658.619141 627.067078,658.207214 626.915527,657.482544 
z"/>
<path fill="#FBF2D4" opacity="1.000000" stroke="none" 
	d="
M724.721558,610.662720 
	C723.954773,615.515320 721.209412,619.288330 719.273682,623.762146 
	C711.958923,620.592957 704.875305,620.346069 697.400452,623.973999 
	C696.020996,622.914978 696.478943,621.875610 697.222351,620.910889 
	C699.441772,618.031006 701.197327,614.791748 703.678040,612.131714 
	C705.884949,609.765076 707.492371,607.218567 708.041931,603.977783 
	C708.350647,602.157104 709.287476,600.569641 711.226318,599.281860 
	C715.387390,598.292847 719.251526,598.428101 723.484253,598.468262 
	C726.328552,602.404846 723.387451,606.478210 724.721558,610.662720 
z"/>
<path fill="#FDFBF0" opacity="1.000000" stroke="none" 
	d="
M711.394592,599.629150 
	C709.083679,609.264526 702.175354,615.749268 697.049072,623.668579 
	C696.231934,624.350098 695.440735,624.681580 694.332275,625.076538 
	C693.833191,622.190735 696.995850,620.580322 696.983948,617.327637 
	C697.704407,615.622925 698.433533,614.293030 699.265137,612.654480 
	C703.207703,609.885132 703.504150,605.408813 705.311707,601.802307 
	C706.413452,599.604126 707.224121,597.260132 708.260132,594.627747 
	C708.635376,593.809326 708.916077,593.344788 709.294678,592.627075 
	C718.791687,583.143982 729.384033,583.161682 740.790405,588.679260 
	C739.823853,589.127197 738.831726,589.496948 737.879089,590.631104 
	C737.408386,591.275024 737.043396,591.501160 736.272339,591.702393 
	C735.169128,593.111267 734.367493,594.367493 733.311401,595.822144 
	C732.804810,596.236877 732.552002,596.452332 732.149780,596.866943 
	C729.074707,601.137268 727.225830,605.769043 725.041138,610.627441 
	C720.633789,607.632263 723.711426,603.639343 724.017456,599.474243 
	C726.517395,595.578735 729.585938,592.593018 732.597595,589.415405 
	C727.296143,587.464966 719.872559,590.094360 715.331543,595.368713 
	C714.143799,596.748230 713.195312,598.339478 711.394592,599.629150 
z"/>
<path fill="#EA971B" opacity="1.000000" stroke="none" 
	d="
M688.211792,643.109741 
	C687.974243,641.818359 688.009460,640.785095 688.039795,639.364014 
	C687.492798,636.824341 689.070496,636.158813 690.842468,635.244995 
	C691.151367,635.077026 691.500183,635.092590 691.673828,635.085449 
	C691.463562,636.969971 691.079712,638.861694 690.725952,641.118164 
	C691.137634,642.376099 690.588257,642.854004 689.587280,643.391846 
	C688.978394,643.450378 688.731506,643.409119 688.211792,643.109741 
z"/>
<path fill="#FDE698" opacity="1.000000" stroke="none" 
	d="
M690.767578,635.048828 
	C690.206299,636.192200 689.261169,637.307434 688.175537,638.699463 
	C687.853210,638.961914 687.671448,638.947632 687.219604,638.888306 
	C686.936279,636.528687 687.752136,634.958984 690.767578,635.048828 
z"/>
<path fill="#FDDA66" opacity="1.000000" stroke="none" 
	d="
M657.242493,658.621643 
	C655.450500,658.987305 654.352173,658.261658 654.012207,656.136230 
	C655.012451,656.422363 656.000305,657.110413 657.640503,657.060242 
	C657.762817,657.531494 657.532959,657.959351 657.242493,658.621643 
z"/>
<path fill="#FEEDBA" opacity="1.000000" stroke="none" 
	d="
M758.923218,681.656860 
	C758.567322,681.990417 758.122803,681.986023 757.345154,681.991943 
	C756.157532,678.889648 753.960632,677.519470 750.908142,676.933167 
	C737.112732,674.283630 723.281128,673.558777 709.351257,675.764038 
	C707.551575,676.048950 705.707947,676.055847 703.440674,676.257446 
	C702.783813,676.405823 702.570923,676.488342 702.034546,676.683777 
	C700.423645,676.795105 699.136169,676.793518 697.467407,676.741089 
	C697.086121,676.690247 697.050537,676.341553 696.978516,676.181641 
	C696.947815,675.620239 696.989258,675.218689 697.086304,674.520325 
	C698.530212,673.839294 699.918396,673.455139 701.664551,672.986816 
	C713.447571,672.551331 724.839539,671.326538 736.297852,671.774719 
	C740.976013,671.957642 745.490173,672.777222 749.970032,674.055420 
	C754.008545,675.207703 757.227295,677.251831 758.923218,681.656860 
z"/>
<path fill="#FEEDBA" opacity="1.000000" stroke="none" 
	d="
M736.242493,591.855286 
	C736.363098,591.544189 736.755371,591.233276 737.415283,590.909058 
	C737.293396,591.215637 736.903748,591.535583 736.242493,591.855286 
z"/>
<path fill="#FEEDBA" opacity="1.000000" stroke="none" 
	d="
M732.281250,597.032410 
	C732.190369,596.781311 732.379639,596.495850 732.812927,596.115479 
	C732.891785,596.346436 732.726624,596.672241 732.281250,597.032410 
z"/>
<path fill="#FC7F0A" opacity="1.000000" stroke="none" 
	d="
M264.624207,708.934204 
	C264.002411,710.972595 263.031372,713.025085 262.001526,715.047607 
	C259.006348,720.930054 258.316681,721.026550 254.311462,716.082275 
	C255.782379,711.320312 260.745819,711.187317 264.624207,708.934204 
z"/>
<path fill="#FDE698" opacity="1.000000" stroke="none" 
	d="
M278.692444,700.935425 
	C277.086151,706.424988 271.760803,708.466858 267.585480,712.070068 
	C266.642212,710.159912 268.969086,709.189270 268.853821,707.010986 
	C268.827576,706.627930 268.942444,706.479065 269.003571,706.407593 
	C269.209503,705.935181 269.438995,705.592651 270.066223,705.219666 
	C272.666565,703.055176 275.006989,701.062561 278.692444,700.935425 
z"/>
<path fill="#F47C05" opacity="1.000000" stroke="none" 
	d="
M250.469406,721.971191 
	C250.878708,723.318298 251.586136,724.948486 249.339508,725.922913 
	C249.085693,724.594666 248.484406,723.001526 250.469406,721.971191 
z"/>
<path fill="#F47C05" opacity="1.000000" stroke="none" 
	d="
M248.720886,725.983887 
	C248.970413,725.971252 249.027100,726.390564 249.043274,726.600281 
	C248.612534,726.711914 248.165634,726.613831 247.718719,726.515747 
	C247.969604,726.342590 248.220474,726.169556 248.720886,725.983887 
z"/>
<path fill="#FDE698" opacity="1.000000" stroke="none" 
	d="
M282.689148,701.089600 
	C282.374756,701.908569 281.785614,701.939453 281.054474,701.156494 
	C281.418640,700.897095 281.919037,700.858215 282.689148,701.089600 
z"/>
<path fill="#FCB62B" opacity="1.000000" stroke="none" 
	d="
M270.047455,705.193176 
	C270.118866,705.440796 269.872223,705.760315 269.345154,706.207947 
	C269.286285,705.979065 269.507874,705.622070 270.047455,705.193176 
z"/>
<path fill="#FDB916" opacity="1.000000" stroke="none" 
	d="
M384.398132,684.999756 
	C386.062836,681.472473 389.918823,680.122742 392.927490,677.335449 
	C393.563538,675.193726 394.150055,673.397217 394.888000,671.275391 
	C396.247009,671.914612 395.855499,673.318237 396.122925,674.950195 
	C397.216095,676.189880 397.428864,677.407043 397.787292,678.871704 
	C398.614716,680.233093 399.711304,679.705688 401.028137,679.736206 
	C405.381744,679.865967 408.445129,677.850281 411.516693,675.585510 
	C413.423828,674.179321 414.931885,672.007019 417.846436,672.070801 
	C416.084808,680.061951 409.861053,684.510620 404.317230,689.862915 
	C398.416870,685.269653 391.358063,686.132751 384.398132,684.999756 
z"/>
<path fill="#F8DA7B" opacity="1.000000" stroke="none" 
	d="
M517.891724,670.229736 
	C515.088684,673.794739 511.131836,675.420715 506.369476,676.313232 
	C502.382050,676.116394 498.738617,676.274780 495.247650,675.008057 
	C493.452240,674.356628 492.025085,673.432373 491.112915,671.311401 
	C493.478912,669.312683 495.553253,671.975525 498.293121,671.773743 
	C498.890228,671.863220 499.127106,671.906555 499.713684,672.030945 
	C501.667236,672.693848 503.268280,672.799744 505.209045,671.947632 
	C514.892761,668.578125 516.258789,664.268188 516.114990,651.909729 
	C516.055725,646.814758 515.341125,641.679504 514.604248,636.188721 
	C514.685120,634.662292 514.816101,633.557373 515.737671,632.284424 
	C518.347107,644.589355 522.554749,657.107605 517.891724,670.229736 
z"/>
<path fill="#FCB62B" opacity="1.000000" stroke="none" 
	d="
M499.411499,672.590820 
	C496.551910,673.673157 494.269562,671.833618 491.338928,671.032837 
	C490.440308,670.583252 489.747253,670.273438 489.453369,669.742615 
	C487.600067,666.395325 485.516113,664.031067 481.414917,666.884705 
	C480.841400,667.283752 479.794189,667.001953 478.585602,667.053162 
	C480.956726,663.691406 485.645325,662.252686 487.410492,657.884460 
	C487.531586,657.985657 487.681763,658.067444 487.765747,658.193420 
	C487.852783,658.323853 487.875732,658.496948 487.962463,658.938232 
	C488.148468,659.359619 488.298737,659.494202 488.623627,659.876221 
	C488.978790,660.486938 489.154266,660.852661 489.484985,661.482666 
	C490.614929,662.869080 491.668640,663.923279 492.702759,665.421082 
	C494.311218,668.607056 497.593384,669.690857 499.411499,672.590820 
z"/>
<path fill="#FEEDBA" opacity="1.000000" stroke="none" 
	d="
M502.095337,685.231323 
	C497.079895,684.897888 493.402649,682.159058 488.498718,679.563477 
	C495.420746,677.974060 499.015839,683.667603 504.594757,683.978394 
	C504.980042,683.942505 504.854279,684.017761 504.860474,684.090820 
	C505.282318,684.452393 505.444244,684.845520 505.051819,685.526550 
	C504.406036,685.676941 504.061035,685.643921 503.458679,685.573059 
	C503.201355,685.535156 502.720703,685.601807 502.720703,685.601807 
	C502.720703,685.601807 502.311493,685.341064 502.095337,685.231323 
z"/>
<path fill="#FDE65E" opacity="1.000000" stroke="none" 
	d="
M505.198364,685.832397 
	C504.790680,685.367126 504.830261,685.024292 504.868286,684.422607 
	C507.617096,684.454468 510.367523,684.745056 513.531616,685.029602 
	C511.352173,686.879456 508.430664,685.808960 505.198364,685.832397 
z"/>
<path fill="#FDF5A4" opacity="1.000000" stroke="none" 
	d="
M475.336151,668.088074 
	C475.165039,667.725464 475.324951,667.410461 475.761169,667.056519 
	C475.914032,667.390320 475.790588,667.763000 475.336151,668.088074 
z"/>
<path fill="#FDE65E" opacity="1.000000" stroke="none" 
	d="
M502.057312,685.301941 
	C502.209381,685.034485 502.524567,685.072144 503.013062,685.384949 
	C502.879364,685.517517 502.557404,685.499878 502.057312,685.301941 
z"/>
<path fill="#FDFBF0" opacity="1.000000" stroke="none" 
	d="
M536.458740,623.688477 
	C529.326416,618.686829 522.470337,621.857727 515.273193,624.870605 
	C513.683594,626.377625 512.587769,627.934082 510.279053,628.398926 
	C508.967590,628.141541 508.156647,627.695801 507.898468,626.364136 
	C509.064453,623.992371 510.113312,621.958374 511.243103,619.588867 
	C511.638184,618.814697 511.952332,618.376160 512.377319,617.691406 
	C512.488159,617.445251 512.864685,617.240784 513.061340,617.152954 
	C514.080505,616.812744 514.893921,616.397827 514.878113,615.462952 
	C514.736450,607.110413 518.370544,599.992188 522.239258,592.566162 
	C522.573120,592.040466 522.788452,591.828491 523.071533,591.376709 
	C523.470581,591.059143 523.721558,590.882507 524.068054,590.459351 
	C524.828430,589.782227 525.450073,589.290344 526.176575,588.507019 
	C526.533569,588.065735 526.757263,587.881409 527.087524,587.492676 
	C528.802124,587.038025 530.325073,586.660400 531.216675,584.696594 
	C533.061951,583.851013 534.862915,583.506226 536.165527,581.639282 
	C536.818542,581.129028 537.306458,580.903748 537.983521,580.487366 
	C540.039673,580.125488 541.858032,579.786804 543.716064,578.522339 
	C551.622498,574.955444 560.871033,581.547729 564.812866,587.152771 
	C566.879883,590.092041 563.469543,589.463806 562.184448,590.572876 
	C556.331116,592.387390 551.084351,594.865051 546.437927,598.303650 
	C538.077393,604.491028 535.100586,613.037231 536.458740,623.688477 
z"/>
<path fill="#FEEDBA" opacity="1.000000" stroke="none" 
	d="
M543.054443,657.567017 
	C537.916748,658.419556 539.901489,654.169556 538.959229,651.445068 
	C537.470703,649.662231 537.642700,647.711487 537.115356,645.635254 
	C536.226685,641.210754 533.325439,640.807312 529.892029,641.110962 
	C527.164246,641.352112 524.485779,642.899048 521.407837,641.288696 
	C520.896423,637.342224 520.656311,633.611267 520.416199,629.880371 
	C523.833496,630.472534 527.413574,631.979431 530.623962,631.408386 
	C534.069580,630.795532 535.635071,632.859131 538.344727,634.152588 
	C541.708008,641.594238 541.956177,649.447327 543.054443,657.567017 
z"/>
<path fill="#FDFBF0" opacity="1.000000" stroke="none" 
	d="
M621.303833,107.211884 
	C622.345947,106.491219 623.489441,105.874062 624.388306,105.004089 
	C627.732483,101.767235 627.522705,101.093208 622.581726,99.723297 
	C620.543274,98.638504 620.937256,97.415421 621.617493,95.870110 
	C623.491455,91.613075 625.318481,87.321999 626.860901,82.937721 
	C627.722412,80.489021 629.020569,79.881958 631.359436,80.575943 
	C633.746765,81.284286 636.188232,81.807648 638.588806,82.474022 
	C647.748352,85.016647 647.763733,85.033302 644.065430,94.098312 
	C643.187744,96.249672 642.145081,98.333763 641.112488,100.806007 
	C638.575012,104.609200 636.103333,108.055161 633.490601,111.794563 
	C628.797729,115.280624 624.355835,112.811096 619.493225,111.754791 
	C617.521301,110.327354 618.062866,109.402596 619.877563,108.457047 
	C620.219666,107.876389 620.451904,107.588570 621.003906,107.258423 
	C621.271179,107.174614 621.292908,107.199326 621.303833,107.211884 
z"/>
<path fill="#F98C08" opacity="1.000000" stroke="none" 
	d="
M483.051788,837.828552 
	C483.065399,838.044495 482.585815,838.108032 482.346130,838.140625 
	C479.239044,842.542603 474.617126,844.729065 470.230774,847.754822 
	C468.635620,849.101074 467.754944,850.864502 465.386719,851.044312 
	C464.946686,850.265747 465.018463,849.391846 464.718842,848.672729 
	C463.857391,846.604797 459.634430,845.388794 460.884918,843.785950 
	C463.140961,840.894165 466.343536,838.245605 470.704773,837.409912 
	C474.676697,837.150513 478.395294,837.122620 482.577606,837.137329 
	C483.041321,837.179932 483.038177,837.612610 483.051788,837.828552 
z"/>
<path fill="#FCD350" opacity="1.000000" stroke="none" 
	d="
M424.710144,146.392761 
	C424.365814,144.085083 424.144806,142.102066 424.129364,140.117477 
	C424.058014,130.953751 424.062531,130.584656 432.955200,130.199051 
	C456.668518,129.170822 480.345093,127.297112 504.092438,127.042389 
	C506.935883,127.011887 509.735870,127.218239 512.923401,128.089905 
	C512.560059,129.070572 511.751465,129.963074 510.659912,130.959656 
	C509.997711,131.170212 509.661774,131.355225 509.187561,131.847244 
	C509.005951,132.075638 509.020416,132.007523 509.049255,132.026978 
	C508.224609,132.609390 507.189087,132.862350 506.240265,133.834229 
	C506.043915,134.071075 505.988800,134.029510 506.020721,134.040268 
	C502.943420,135.661346 499.692963,137.046677 496.309357,137.784042 
	C493.613434,138.371552 493.170013,139.765274 493.419983,142.373047 
	C489.045593,146.345215 484.496613,145.451553 479.963623,143.427902 
	C475.305023,141.348175 470.610199,140.482681 465.381165,142.568604 
	C463.125824,143.972198 461.070160,143.594864 458.696075,143.071686 
	C457.568665,142.712662 456.748169,142.556976 455.581421,142.895065 
	C454.819794,143.101868 454.372894,143.206360 453.565002,143.369507 
	C448.759399,145.424805 443.914032,145.294983 439.235504,146.029312 
	C436.156097,146.512665 433.050293,146.760147 430.160278,148.096588 
	C428.088867,149.054489 426.331177,148.471161 424.710144,146.392761 
z"/>
<path fill="#F5E3AB" opacity="1.000000" stroke="none" 
	d="
M506.480255,152.902802 
	C508.613525,157.164322 512.690674,159.467072 514.761963,163.814362 
	C512.980164,164.872055 511.952942,163.826523 510.592834,162.747131 
	C507.044556,159.707962 504.843964,155.916595 501.468170,152.714706 
	C498.778656,149.293793 495.398712,146.770737 494.418060,142.254517 
	C494.614777,141.656647 494.737579,141.430389 495.245728,141.179474 
	C499.155060,145.013504 502.679016,148.872208 506.480255,152.902802 
z"/>
<path fill="#F5E3AB" opacity="1.000000" stroke="none" 
	d="
M493.238556,142.155457 
	C490.926208,139.449448 490.904938,137.826706 494.573456,136.995636 
	C498.187927,136.176788 501.708435,134.942993 505.661407,133.971130 
	C503.896027,136.557205 500.759399,137.245483 497.935455,138.553406 
	C496.996063,138.988480 494.868927,138.286484 495.463806,140.874374 
	C495.479858,141.360825 495.328674,141.566849 494.922119,142.058807 
	C494.263672,142.515213 493.852997,142.535980 493.238556,142.155457 
z"/>
<path fill="#F5E3AB" opacity="1.000000" stroke="none" 
	d="
M506.370361,134.087555 
	C505.912384,132.386368 507.033112,132.068420 508.712463,132.003799 
	C508.658295,133.165100 507.685883,133.644241 506.370361,134.087555 
z"/>
<path fill="#F5E3AB" opacity="1.000000" stroke="none" 
	d="
M509.299622,132.014099 
	C509.261871,131.779892 509.517761,131.484146 510.075287,131.126038 
	C510.115662,131.359985 509.854462,131.656281 509.299622,132.014099 
z"/>
<path fill="#FDF5A4" opacity="1.000000" stroke="none" 
	d="
M675.024658,676.855469 
	C674.955994,678.044006 674.548828,678.705261 673.333984,678.999207 
	C673.016418,678.574707 673.005981,678.108093 672.996582,677.291443 
	C673.054138,676.610474 673.205139,676.330505 673.665039,675.989014 
	C674.313110,675.972900 674.668762,676.194458 675.024658,676.855469 
z"/>
<path fill="#FDF5A4" opacity="1.000000" stroke="none" 
	d="
M668.169556,677.923584 
	C668.666504,677.639709 669.493347,677.407776 670.637756,677.271179 
	C670.136658,677.569519 669.318054,677.772583 668.169556,677.923584 
z"/>
<path fill="#D64D08" opacity="1.000000" stroke="none" 
	d="
M767.935120,590.627441 
	C764.235779,590.014648 764.637024,586.452087 764.346313,584.080505 
	C763.238098,575.039551 758.556702,567.462830 755.203613,558.969177 
	C763.609192,565.308105 768.876770,573.585144 768.365051,584.746765 
	C768.281738,586.564392 768.124023,588.378662 767.935120,590.627441 
z"/>
<path fill="#FEEDBA" opacity="1.000000" stroke="none" 
	d="
M454.125427,142.229126 
	C454.805511,142.230469 455.097046,142.291351 455.631653,142.201324 
	C456.274780,141.668182 456.802734,141.478561 457.784668,141.863617 
	C459.780640,143.373550 461.779541,141.552002 463.726013,142.850311 
	C467.397675,146.093185 469.034363,150.547836 472.451324,154.093491 
	C474.991272,157.243912 477.173737,160.231979 479.558044,163.513214 
	C480.873810,165.876572 483.149597,167.424133 482.513184,170.550262 
	C482.156647,171.027573 481.957733,171.171799 481.437744,171.134979 
	C475.424438,163.450089 469.728241,155.949173 464.046753,148.437134 
	C463.554077,147.785736 463.160889,147.059341 462.717224,146.370544 
	C461.378479,144.292023 459.299286,144.552994 457.388184,144.936569 
	C455.228607,145.370010 456.074493,147.325058 456.056396,148.638214 
	C455.917389,158.733353 455.876404,168.829834 455.706238,179.374207 
	C452.969910,180.092346 450.252655,179.818802 447.355469,180.876556 
	C446.204895,180.371399 445.049652,180.620743 444.854340,179.111679 
	C445.305206,178.481491 445.695129,178.249176 446.458984,178.016571 
	C447.219879,177.875259 447.655243,177.837326 448.404846,177.804947 
	C449.699249,177.740433 450.692627,177.746552 451.775818,176.996704 
	C452.211578,176.473526 452.376038,176.115829 452.535004,175.409698 
	C452.703217,172.906113 452.610138,170.728653 452.570221,168.161346 
	C452.620361,166.428299 452.634491,165.084885 452.553040,163.323547 
	C452.469604,161.487946 452.531219,160.069473 452.515350,158.216797 
	C452.686096,154.631119 452.441315,151.499573 452.096436,148.370758 
	C451.854218,146.173859 451.956451,144.054413 454.125427,142.229126 
z"/>
<path fill="#F5E3AB" opacity="1.000000" stroke="none" 
	d="
M444.728577,178.867981 
	C445.570068,179.613388 446.115509,179.993866 446.813171,180.575439 
	C440.250702,181.491165 433.535950,182.205795 426.392212,182.876404 
	C425.953217,182.539490 425.935913,182.247040 425.936340,181.736603 
	C431.578339,177.204132 437.948059,177.502136 444.728577,178.867981 
z"/>
<path fill="#FBF2D4" opacity="1.000000" stroke="none" 
	d="
M651.302490,653.284424 
	C650.454102,652.546631 649.987366,651.942200 649.304810,651.150513 
	C649.102295,648.931885 649.115601,646.900452 649.167786,644.432800 
	C650.107483,641.898926 651.008301,639.801270 651.967468,637.349731 
	C653.085144,636.681702 654.144409,636.367615 655.538696,636.054932 
	C652.811951,641.013000 652.104187,646.491638 652.351196,652.609009 
	C652.163330,653.170837 651.923706,653.294250 651.302490,653.284424 
z"/>
<path fill="#FDDA66" opacity="1.000000" stroke="none" 
	d="
M650.992432,653.470581 
	C651.166565,653.123169 651.412292,653.095337 652.030518,653.057373 
	C652.628784,653.517700 652.854614,653.988098 653.148010,654.722900 
	C652.273010,654.993286 651.461121,654.764404 650.992432,653.470581 
z"/>
<path fill="#FDCD3D" opacity="1.000000" stroke="none" 
	d="
M434.028381,653.032104 
	C433.024628,656.487244 432.977814,660.333069 430.813599,663.822876 
	C429.283844,665.037903 427.209564,664.645508 426.212097,666.754028 
	C425.123657,668.819763 423.517456,669.130859 421.394043,669.119995 
	C420.414734,668.615173 420.214966,667.942078 420.222076,666.833740 
	C420.425659,665.766907 420.723633,665.113342 421.253326,664.174438 
	C421.719086,663.492126 422.026917,663.137634 422.619568,662.575195 
	C426.468567,659.599365 428.660461,655.476013 432.626404,652.868896 
	C433.191986,652.975159 433.430939,652.991394 434.028381,653.032104 
z"/>
<path fill="#FEEDBA" opacity="1.000000" stroke="none" 
	d="
M420.296844,665.959595 
	C420.956146,666.781433 420.947632,667.556213 420.983459,668.718750 
	C420.184906,670.022766 419.342041,670.939148 418.292572,672.097778 
	C415.255127,674.352722 412.429016,676.372070 409.592010,678.376099 
	C407.236053,680.040405 404.762878,681.361511 401.312683,680.908447 
	C400.610382,680.537903 400.445862,680.116638 400.478607,679.305664 
	C401.372101,677.433044 402.893372,676.867859 404.665894,676.097412 
	C405.180542,675.893311 405.386292,675.814575 405.898682,675.619934 
	C406.408447,675.427917 406.611633,675.351807 407.118347,675.164307 
	C408.672852,674.699341 409.775879,674.086609 410.957245,672.960083 
	C411.379120,672.605286 411.553314,672.467529 412.000916,672.135254 
	C415.114227,670.405151 416.709778,667.351379 420.296844,665.959595 
z"/>
<path fill="#FDB916" opacity="1.000000" stroke="none" 
	d="
M426.333740,666.908569 
	C425.710785,664.186279 427.463470,663.818298 430.127075,664.040161 
	C430.315521,664.625061 430.065613,665.193176 429.548492,665.922913 
	C428.404419,666.311707 427.527588,666.538879 426.333740,666.908569 
z"/>
<path fill="#FDDE77" opacity="1.000000" stroke="none" 
	d="
M633.942261,666.406128 
	C638.856812,668.126221 644.013916,669.007019 649.539307,669.641357 
	C644.220215,670.301880 638.590027,670.973083 633.942261,666.406128 
z"/>
<path fill="#FEEDBA" opacity="1.000000" stroke="none" 
	d="
M628.826172,660.477600 
	C630.573120,661.979797 632.997131,662.962585 633.889282,665.735168 
	C632.729797,666.542236 631.694092,665.907837 630.326843,665.145813 
	C629.782227,664.486145 629.565186,663.971497 629.220337,663.208252 
	C628.342163,662.372192 628.538635,661.559570 628.826172,660.477600 
z"/>
<path fill="#FDB916" opacity="1.000000" stroke="none" 
	d="
M677.283447,653.993591 
	C677.198120,651.884583 678.395630,650.632568 680.729919,650.042419 
	C681.230164,650.172485 681.381653,650.324524 681.335449,650.730774 
	C680.466187,651.793762 679.794434,652.602600 678.964355,653.687744 
	C678.400024,653.976624 677.994019,653.989258 677.283447,653.993591 
z"/>
<path fill="#D64D08" opacity="1.000000" stroke="none" 
	d="
M721.465393,708.496704 
	C721.035583,708.346863 721.007019,708.126526 720.899353,707.584167 
	C722.080872,706.987915 723.335632,706.834595 724.825867,707.704163 
	C724.020996,708.118958 722.943787,708.272583 721.465393,708.496704 
z"/>
<path fill="#FCF8EA" opacity="1.000000" stroke="none" 
	d="
M675.383911,676.977783 
	C674.803040,676.907349 674.503296,676.644897 674.041504,676.129517 
	C675.961426,669.581726 680.154297,664.230469 682.040405,657.447021 
	C682.668884,656.427307 682.988586,655.673340 683.192017,654.539062 
	C683.338623,654.055481 683.398926,653.863953 683.533325,653.383057 
	C683.757996,652.728271 683.890991,652.356506 684.088745,651.694336 
	C684.244263,651.225647 684.317444,651.041077 684.504333,650.579956 
	C684.763245,649.920593 684.903015,649.535767 685.138367,648.842896 
	C686.093323,646.704224 687.054077,644.941772 688.793518,643.301270 
	C689.471863,642.689697 689.898499,642.303650 690.540588,641.700317 
	C693.197937,644.226379 691.200012,646.805298 690.276672,649.273010 
	C689.016235,652.641479 687.352966,655.859192 685.823364,659.513062 
	C684.798828,663.468506 683.764160,667.026855 680.545410,669.837524 
	C678.595703,672.210815 678.037354,675.131409 675.383911,676.977783 
z"/>
<path fill="#FDE786" opacity="1.000000" stroke="none" 
	d="
M683.721313,652.776367 
	C684.168518,654.441956 684.313660,655.907043 682.469116,656.983032 
	C682.096863,656.835327 682.068176,656.586670 681.974365,655.966064 
	C682.199585,654.903748 682.489746,654.213257 682.868225,653.249878 
	C683.125366,652.847595 683.294189,652.718323 683.721313,652.776367 
z"/>
<path fill="#FDE698" opacity="1.000000" stroke="none" 
	d="
M267.840393,715.698364 
	C267.728058,715.930176 267.518707,715.963501 266.988770,715.995850 
	C266.717834,715.819397 266.767487,715.643738 266.933685,715.219971 
	C267.344452,715.064941 267.575500,715.240906 267.840393,715.698364 
z"/>
<path fill="#6E6D6F" opacity="1.000000" stroke="none" 
	d="
M225.171539,607.037598 
	C224.737350,607.694458 223.919937,608.413147 222.909576,609.379883 
	C222.307343,609.609497 221.898041,609.591125 221.503326,609.252441 
	C222.318359,607.804321 223.482346,607.325195 225.171539,607.037598 
z"/>
<path fill="#AA290A" opacity="1.000000" stroke="none" 
	d="
M218.435364,606.054688 
	C218.075684,605.483276 218.111664,604.829224 219.143341,604.396851 
	C219.222534,604.901245 218.958679,605.412781 218.435364,606.054688 
z"/>
<path fill="#AA290A" opacity="1.000000" stroke="none" 
	d="
M217.333221,608.040466 
	C217.256805,607.605835 217.436096,606.986328 217.922424,606.230713 
	C218.015930,606.681580 217.802414,607.268616 217.333221,608.040466 
z"/>
<path fill="#AA290A" opacity="1.000000" stroke="none" 
	d="
M219.634583,604.259460 
	C219.523193,604.025940 219.666901,603.657410 220.113342,603.200317 
	C220.240631,603.449402 220.065155,603.786865 219.634583,604.259460 
z"/>
<path fill="#FDCC33" opacity="1.000000" stroke="none" 
	d="
M617.015137,656.019043 
	C619.250916,656.667847 620.398438,654.615845 622.447510,653.886597 
	C624.049683,654.017212 624.988831,654.582886 625.045654,656.391846 
	C620.295715,660.140747 615.513367,663.547791 610.386536,667.002441 
	C609.815735,665.133728 606.483582,667.285950 606.952087,664.337769 
	C610.073486,662.936707 612.786865,661.416199 614.655212,658.251343 
	C615.461121,657.492554 616.043701,656.972473 616.813110,656.224365 
	C617.025696,656.023132 617.003601,656.005737 617.015137,656.019043 
z"/>
<path fill="#FCDD51" opacity="1.000000" stroke="none" 
	d="
M628.948730,659.906860 
	C629.087097,660.866394 629.097168,661.562500 629.099854,662.609131 
	C629.092468,662.959595 628.676575,662.895752 628.489746,662.799561 
	C627.996460,661.688843 627.690063,660.674377 627.324951,659.345459 
	C627.784363,659.235168 628.302429,659.439331 628.948730,659.906860 
z"/>
<path fill="#FEEDBA" opacity="1.000000" stroke="none" 
	d="
M468.253052,629.722534 
	C467.029602,629.861328 466.011139,629.572388 466.239929,628.257812 
	C466.454468,627.025330 467.589264,627.036072 468.960388,626.909302 
	C469.051636,627.731995 468.747101,628.585571 468.253052,629.722534 
z"/>
<path fill="#FBF5DD" opacity="1.000000" stroke="none" 
	d="
M469.447632,625.362427 
	C469.669617,625.062012 469.903992,625.065308 470.489349,625.072266 
	C470.554321,625.679749 470.140839,625.985535 469.447632,625.362427 
z"/>
<path fill="#CD4010" opacity="1.000000" stroke="none" 
	d="
M641.398254,107.258316 
	C641.280273,107.049187 641.431763,106.674156 641.844727,106.132736 
	C641.960083,106.341698 641.813904,106.717056 641.398254,107.258316 
z"/>
<path fill="#EA971B" opacity="1.000000" stroke="none" 
	d="
M509.766418,628.240845 
	C511.496216,627.190735 512.891846,626.143005 514.614014,625.061218 
	C515.068542,626.145081 515.196533,627.262939 515.320679,628.803223 
	C514.838867,629.388489 514.610901,629.733521 514.489258,630.564941 
	C509.155243,641.268372 501.703247,650.231384 495.802948,660.182800 
	C494.718719,662.011414 493.529602,663.807495 492.129333,665.838684 
	C490.748169,664.785400 490.009216,663.203003 488.190247,662.246460 
	C488.472809,661.572632 488.833679,661.130005 488.257812,660.255493 
	C488.045135,660.041748 488.031769,659.631653 488.014984,659.428345 
	C491.122192,657.631165 491.692596,654.014404 494.061584,651.401855 
	C494.007233,650.907654 493.830475,650.737122 493.925232,650.317627 
	C494.196686,650.068665 494.129211,650.005310 494.098816,650.040161 
	C497.096985,644.524292 501.475067,639.882690 504.806274,634.134033 
	C506.033508,632.452942 506.982574,630.985291 508.146027,629.261841 
	C508.655334,628.669373 509.020172,628.422180 509.766418,628.240845 
z"/>
<path fill="#FBF2D4" opacity="1.000000" stroke="none" 
	d="
M505.578430,633.744385 
	C502.761780,639.691711 499.134430,645.086609 494.412720,650.015747 
	C492.916992,646.344971 495.925903,643.896667 496.861328,640.562500 
	C496.804840,640.298035 496.623016,639.887634 496.562286,639.674072 
	C498.658752,639.156982 499.371094,637.540710 499.986633,635.412170 
	C500.847382,634.886536 501.602692,634.689392 502.599976,634.322998 
	C503.493256,633.423584 504.316010,633.322144 505.578430,633.744385 
z"/>
<path fill="#FBF2D4" opacity="1.000000" stroke="none" 
	d="
M493.992249,650.131470 
	C494.266541,650.237854 494.336365,650.407043 494.295105,650.827148 
	C493.870209,650.864990 493.292877,650.769958 493.992249,650.131470 
z"/>
<path fill="#FDF5A4" opacity="1.000000" stroke="none" 
	d="
M616.686584,656.015747 
	C617.222778,657.169189 616.547119,657.677246 615.249756,658.011658 
	C615.016602,657.101318 615.249329,656.247986 616.686584,656.015747 
z"/>
<path fill="#FDFBF0" opacity="1.000000" stroke="none" 
	d="
M506.223572,633.808838 
	C505.165863,634.004211 504.391388,634.025879 503.229431,634.100586 
	C503.672760,632.536072 504.503540,630.918579 505.607025,629.105225 
	C506.754944,628.487244 507.646881,628.182495 509.007599,628.810242 
	C508.425781,630.612793 507.466278,632.123962 506.223572,633.808838 
z"/>
<path fill="#FBF2D4" opacity="1.000000" stroke="none" 
	d="
M509.577271,629.031494 
	C508.509338,629.055725 507.633392,629.009766 506.318542,628.936584 
	C506.417236,628.050903 506.954773,627.192383 507.753967,626.180115 
	C508.612122,626.582031 509.208649,627.137634 509.952881,627.965881 
	C510.109039,628.533936 509.998566,628.774841 509.577271,629.031494 
z"/>
<path fill="#BD330C" opacity="1.000000" stroke="none" 
	d="
M683.990112,652.978149 
	C683.808716,652.935364 683.637939,652.906921 683.211792,652.927734 
	C682.843628,652.156311 682.957031,651.198669 681.456299,651.005371 
	C681.137878,650.984924 681.057739,650.505798 681.068237,650.263184 
	C683.879211,648.413391 685.118774,645.354309 687.659607,643.048706 
	C688.122864,642.891907 688.306702,642.932190 688.767883,643.024109 
	C688.798096,645.438721 686.980408,646.969543 685.907715,649.248291 
	C685.804688,649.960449 685.654297,650.300720 685.216675,650.811035 
	C685.032715,651.028381 685.002502,650.999451 685.020996,651.011353 
	C684.553345,651.415161 684.497253,652.005554 684.151978,652.768555 
	C683.968201,652.989807 684.000610,652.992493 683.990112,652.978149 
z"/>
<path fill="#FC7608" opacity="1.000000" stroke="none" 
	d="
M799.584839,448.998291 
	C799.997925,450.133759 799.741333,451.348877 800.051941,452.395721 
	C801.798584,458.283325 797.811035,460.616211 793.357910,462.964203 
	C793.218384,459.091827 795.409668,455.599701 795.189697,451.525421 
	C795.062988,449.177490 797.279419,448.978485 799.584839,448.998291 
z"/>
<path fill="#D52604" opacity="1.000000" stroke="none" 
	d="
M843.735474,507.209595 
	C845.126282,507.245087 846.257446,507.488678 847.714050,507.873169 
	C848.027893,508.454987 848.016296,508.895966 848.001099,509.667847 
	C846.609985,510.000000 845.222473,510.001221 843.418701,510.003052 
	C843.160217,509.141693 843.318054,508.279694 843.735474,507.209595 
z"/>
<path fill="#F95203" opacity="1.000000" stroke="none" 
	d="
M790.379700,499.043030 
	C789.788574,493.923889 791.342407,489.407257 794.131470,485.207611 
	C794.928894,484.006897 795.338806,482.524841 795.795959,481.129059 
	C796.234375,479.790497 795.787231,477.875946 797.669678,477.484955 
	C799.343567,477.137238 798.770935,479.796265 800.670288,479.952515 
	C799.530945,485.926819 798.195801,491.885101 796.512390,497.743317 
	C795.538574,501.132172 792.963562,499.816010 790.379700,499.043030 
z"/>
<path fill="#F95203" opacity="1.000000" stroke="none" 
	d="
M780.387024,508.004120 
	C780.518982,501.184387 783.981445,497.802551 789.616943,498.992432 
	C789.798401,502.190918 787.880066,504.631409 786.411560,507.277405 
	C784.832275,510.123016 782.587341,507.290314 780.387024,508.004120 
z"/>
<path fill="#F95203" opacity="1.000000" stroke="none" 
	d="
M802.361328,477.937927 
	C801.956177,476.586121 802.022339,475.208038 803.694336,474.158783 
	C803.802979,475.365875 804.581726,477.055206 802.361328,477.937927 
z"/>
<path fill="#D52604" opacity="1.000000" stroke="none" 
	d="
M831.708740,542.031677 
	C831.830505,542.553955 831.661011,543.107910 831.248596,543.830933 
	C829.911133,543.092529 830.171997,542.473267 831.708740,542.031677 
z"/>
<path fill="#FCB62B" opacity="1.000000" stroke="none" 
	d="
M305.421936,308.003815 
	C305.172150,307.210236 305.066956,305.966583 305.534271,305.689941 
	C313.071869,301.227173 314.266083,293.472687 316.052094,285.965881 
	C316.967438,282.118683 320.057129,279.527130 322.367065,276.600159 
	C325.823273,272.220734 329.758423,268.123566 335.673431,266.139496 
	C336.188019,267.289307 335.900421,269.106049 336.646484,269.782104 
	C340.528870,273.300171 337.528137,275.828888 335.388428,277.982422 
	C329.785614,283.621399 324.717957,289.709686 319.728088,295.861542 
	C317.668243,298.401062 316.250732,301.451172 314.324463,304.112274 
	C312.278015,306.939392 309.576172,308.702118 305.421936,308.003815 
z"/>
<path fill="#FCB62B" opacity="1.000000" stroke="none" 
	d="
M345.362122,254.969055 
	C345.430725,248.380615 354.200226,238.018677 360.630890,237.022034 
	C361.007050,240.104095 359.677704,242.196884 356.858826,243.646408 
	C353.434265,245.407349 351.761871,249.027069 349.220245,251.734970 
	C348.116455,252.910995 347.456879,254.483902 345.362122,254.969055 
z"/>
<path fill="#FC8E11" opacity="1.000000" stroke="none" 
	d="
M305.294739,281.863953 
	C305.200531,280.632996 304.417847,278.942627 306.632172,278.066895 
	C307.578156,278.488312 308.168579,278.976593 308.880798,279.731201 
	C307.868469,280.577087 306.734375,281.156647 305.294739,281.863953 
z"/>
<path fill="#F5E3AB" opacity="1.000000" stroke="none" 
	d="
M515.680725,165.588684 
	C519.486877,168.654617 522.907227,172.375473 527.382263,177.243668 
	C513.388916,177.243668 500.733276,177.228302 488.077728,177.260788 
	C486.245728,177.265488 484.856842,176.684341 483.861023,174.656128 
	C483.886902,174.072083 484.045715,173.859222 484.571045,173.495697 
	C494.252045,173.748703 503.571777,173.572067 512.889404,173.579514 
	C518.113037,173.583694 518.115295,173.532730 515.769836,168.655823 
	C515.401062,167.889023 515.210632,167.095490 515.680725,165.588684 
z"/>
<path fill="#F5E3AB" opacity="1.000000" stroke="none" 
	d="
M545.537598,176.977493 
	C545.996460,176.971222 546.018372,177.341599 546.019409,177.527100 
	C542.574219,177.583130 539.127930,177.453659 535.303101,177.179855 
	C538.309326,177.018280 541.694031,177.001022 545.537598,176.977493 
z"/>
<path fill="#F8DA7B" opacity="1.000000" stroke="none" 
	d="
M555.345337,178.321960 
	C556.765137,178.200104 558.515808,178.224304 560.571777,178.448624 
	C559.143433,178.588501 557.409790,178.528259 555.345337,178.321960 
z"/>
<path fill="#F8DA7B" opacity="1.000000" stroke="none" 
	d="
M570.283997,179.332138 
	C571.740723,179.221069 573.537231,179.258270 575.639160,179.516022 
	C574.170959,179.651184 572.397339,179.565796 570.283997,179.332138 
z"/>
<path fill="#F5E3AB" opacity="1.000000" stroke="none" 
	d="
M481.223663,171.234879 
	C481.378357,170.922043 481.639954,170.890152 482.292267,170.797821 
	C484.253967,170.489960 484.603119,171.503647 484.680542,173.065796 
	C484.469360,173.545654 484.320679,173.693054 483.950012,174.062714 
	C483.728088,174.284958 483.332886,174.162445 483.141083,174.084686 
	C482.409698,173.176575 481.870148,172.346191 481.223663,171.234879 
z"/>
<path fill="#F5E3AB" opacity="1.000000" stroke="none" 
	d="
M548.256348,177.853333 
	C548.211853,177.420303 548.473633,177.337708 548.892212,177.673889 
	C548.981995,177.812958 548.495605,177.924088 548.256348,177.853333 
z"/>
<path fill="#CD4010" opacity="1.000000" stroke="none" 
	d="
M530.544128,167.469849 
	C530.573486,167.521881 530.514771,167.417801 530.544128,167.469849 
z"/>
<path fill="#F5E3AB" opacity="1.000000" stroke="none" 
	d="
M514.982300,164.028595 
	C515.370117,164.084534 515.647156,164.264984 515.995361,164.689606 
	C516.066528,164.933762 515.875244,165.108200 515.778625,165.194366 
	C515.467041,165.185486 515.252136,165.090454 514.844971,164.700073 
	C514.652588,164.404724 514.871399,164.153107 514.982300,164.028595 
z"/>
<path fill="#FEEDBA" opacity="1.000000" stroke="none" 
	d="
M701.513550,175.361206 
	C702.737732,172.637634 702.560120,170.243515 701.222168,167.255463 
	C701.851929,166.447479 702.344910,166.429794 703.172058,166.752167 
	C705.505127,169.117126 706.806274,171.459396 705.064514,174.780106 
	C704.313538,175.662720 703.671204,176.043762 702.533447,176.180939 
	C702.007446,175.973221 701.857544,175.805344 701.513550,175.361206 
z"/>
<path fill="#FEEDBA" opacity="1.000000" stroke="none" 
	d="
M700.884827,167.108307 
	C700.249023,166.667374 699.659485,166.182449 699.245117,165.175537 
	C700.707092,164.461792 701.385681,165.007202 701.228577,166.645615 
	C701.022766,166.975418 700.931152,167.064331 700.884827,167.108307 
z"/>
<path fill="#FEEDBA" opacity="1.000000" stroke="none" 
	d="
M698.890198,165.109924 
	C698.537476,165.027115 698.238892,164.888397 697.993469,164.252014 
	C698.497131,163.759903 698.858521,163.942230 699.090759,164.620483 
	C699.050476,164.940002 698.944397,165.054001 698.890198,165.109924 
z"/>
<path fill="#FEEDBA" opacity="1.000000" stroke="none" 
	d="
M697.793396,164.214706 
	C697.385803,164.266663 697.093994,164.150742 696.661011,163.793289 
	C696.488159,163.631302 696.759033,163.272675 696.908569,163.104919 
	C697.502625,162.827316 697.862122,162.955582 698.092407,163.636780 
	C698.048035,163.951553 697.877625,164.126373 697.793396,164.214706 
z"/>
<path fill="#F26F06" opacity="1.000000" stroke="none" 
	d="
M620.985718,107.231812 
	C621.049805,107.471954 620.828430,107.769302 620.327759,108.139587 
	C620.265808,107.904686 620.483093,107.596848 620.985718,107.231812 
z"/>
<path fill="#090605" opacity="1.000000" stroke="none" 
	d="
M405.833374,676.900757 
	C404.289246,677.613647 403.008972,678.208801 401.455811,678.940247 
	C400.094269,679.838867 398.966736,680.496521 397.231354,680.211060 
	C396.710907,678.666016 396.525452,677.329407 396.276794,675.663696 
	C400.346222,659.266785 408.353485,645.321167 419.624634,633.257996 
	C424.395782,628.151611 429.785431,623.649719 436.516815,621.321167 
	C442.998444,619.079041 444.596924,620.440613 444.067596,627.573730 
	C443.417664,629.459167 442.738525,630.886108 442.022644,632.651184 
	C441.639648,633.433044 441.293335,633.876770 440.912506,634.608765 
	C438.718323,636.972168 437.537079,639.703308 435.915771,642.526611 
	C432.857025,646.707397 429.872223,650.550476 426.815552,654.744019 
	C426.744202,655.530701 426.641022,655.942139 426.272430,656.601624 
	C425.439514,657.705933 424.689819,658.470398 424.001465,659.690552 
	C423.708374,660.154663 423.584381,660.337952 423.254761,660.785400 
	C419.688446,665.026428 416.291382,668.969727 412.193665,672.725464 
	C411.936951,672.948730 411.995819,672.997986 411.978577,672.963684 
	C410.544159,673.917480 409.054077,674.783997 407.294495,675.814819 
	C407.062378,676.041626 407.004669,676.007446 407.007324,676.040894 
	C406.710022,676.316101 406.405853,676.552429 405.833374,676.900757 
z"/>
<path fill="#FDB916" opacity="1.000000" stroke="none" 
	d="
M395.401917,668.058105 
	C395.258362,667.528809 395.393188,666.933899 395.780914,666.152344 
	C397.048798,666.838928 396.857300,667.501648 395.401917,668.058105 
z"/>
<path fill="#FDB916" opacity="1.000000" stroke="none" 
	d="
M396.288818,660.850342 
	C396.180359,660.675781 396.299255,660.332153 396.625549,659.800903 
	C396.727325,659.969238 396.621735,660.325256 396.288818,660.850342 
z"/>
<path fill="#FDF5A4" opacity="1.000000" stroke="none" 
	d="
M425.861267,656.182251 
	C426.013855,655.635132 426.105377,655.383423 426.543793,655.139954 
	C429.626373,655.269104 430.416687,652.402710 432.687805,651.107056 
	C433.005737,651.427856 433.004333,651.865906 432.977997,652.631470 
	C429.976807,656.359070 427.000610,659.759216 423.704346,663.265381 
	C423.162537,663.313049 422.940735,663.254700 422.543732,662.899231 
	C422.168701,661.902405 422.332947,661.241028 422.786438,660.312500 
	C422.992004,660.036438 422.989624,659.987976 423.013885,659.988708 
	C424.116669,658.952698 425.114594,657.856750 425.861267,656.182251 
z"/>
<path fill="#FDF5A4" opacity="1.000000" stroke="none" 
	d="
M433.256226,650.855957 
	C433.154785,650.438599 433.316345,649.866577 433.742676,649.141418 
	C433.844727,649.559326 433.681976,650.130310 433.256226,650.855957 
z"/>
<path fill="#F5E3AB" opacity="1.000000" stroke="none" 
	d="
M299.672974,570.967529 
	C294.830231,574.434082 288.700500,575.431519 282.375671,577.004517 
	C286.961395,572.773743 293.170654,572.059998 299.672974,570.967529 
z"/>
<path fill="#FDE7A6" opacity="1.000000" stroke="none" 
	d="
M265.905090,582.272339 
	C268.121033,581.741516 269.799438,580.499146 271.801636,579.267212 
	C275.069244,578.316833 278.137268,577.636047 281.608337,576.965454 
	C276.910065,580.031494 271.426758,582.209351 265.377747,583.999878 
	C265.242737,583.486572 265.519745,583.007446 265.905090,582.272339 
z"/>
<path fill="#FDCD3D" opacity="1.000000" stroke="none" 
	d="
M664.616394,691.927246 
	C661.760620,699.510864 656.917297,705.857117 650.261108,711.031128 
	C648.643311,709.260864 650.513245,708.812256 651.177917,708.011841 
	C655.150879,703.227234 659.400452,698.650574 662.118042,692.563721 
	C662.930237,692.143372 663.601868,692.031799 664.616394,691.927246 
z"/>
<path fill="#FDCD3D" opacity="1.000000" stroke="none" 
	d="
M649.704956,710.575500 
	C648.867126,713.872009 646.188843,714.974670 643.317566,716.113831 
	C644.577515,713.437805 646.913940,711.731018 649.704956,710.575500 
z"/>
<path fill="#FBC82A" opacity="1.000000" stroke="none" 
	d="
M635.145813,720.059937 
	C634.366150,721.775757 632.522034,721.978516 630.318481,722.089539 
	C631.253967,720.596008 633.182434,720.780640 635.145813,720.059937 
z"/>
<path fill="#FDCD3D" opacity="1.000000" stroke="none" 
	d="
M642.646423,715.897949 
	C643.244202,717.783020 641.878113,717.926697 640.310181,718.090271 
	C640.151855,716.590942 641.405762,716.401245 642.646423,715.897949 
z"/>
<path fill="#FDCD3D" opacity="1.000000" stroke="none" 
	d="
M639.621216,717.860840 
	C639.614929,720.062500 637.827820,719.902161 635.932373,720.148193 
	C636.774231,719.314453 638.019714,718.547424 639.621216,717.860840 
z"/>
<path fill="#FDE786" opacity="1.000000" stroke="none" 
	d="
M675.393433,701.003662 
	C672.180786,697.667297 673.512146,695.718384 679.869751,694.799622 
	C678.611450,696.974426 677.141113,698.894287 675.393433,701.003662 
z"/>
<path fill="#FDE7A6" opacity="1.000000" stroke="none" 
	d="
M261.350647,586.005371 
	C261.805786,584.840332 263.046906,584.417480 264.636780,583.996582 
	C264.965729,583.965698 264.997772,583.998718 265.012543,584.017212 
	C264.364288,585.458801 263.201019,586.029541 261.350647,586.005371 
z"/>
<path fill="#FDE7A6" opacity="1.000000" stroke="none" 
	d="
M260.993256,585.991211 
	C260.902679,586.023987 260.818848,586.065430 260.876068,586.059937 
	C261.017120,586.013062 261.000000,585.999756 260.993256,585.991211 
z"/>
<path fill="#FDE786" opacity="1.000000" stroke="none" 
	d="
M537.698975,645.745789 
	C538.335510,647.464844 538.661194,648.941895 538.963196,650.738525 
	C533.915649,652.038330 528.891724,653.018555 523.467773,654.019165 
	C521.393066,651.144165 522.309692,647.955078 522.035950,644.462646 
	C527.239502,643.650940 532.341492,644.290527 537.698975,645.745789 
z"/>
<path fill="#FDE7A6" opacity="1.000000" stroke="none" 
	d="
M538.008545,645.583252 
	C532.869263,645.748474 527.582275,646.717651 522.382935,644.079224 
	C521.739685,643.247192 521.439453,642.470581 521.137817,641.383545 
	C524.379272,640.570862 527.615234,640.018188 530.866516,639.578674 
	C535.273315,638.983093 537.584167,640.832153 538.008545,645.583252 
z"/>
<path fill="#F1A952" opacity="1.000000" stroke="none" 
	d="
M516.012329,631.689819 
	C516.053223,633.061890 516.059387,634.130737 516.016235,635.598022 
	C513.188904,635.383484 513.914734,633.302979 514.191284,631.071167 
	C514.433228,630.434021 514.551880,630.188049 515.053833,629.797302 
	C515.617249,630.230591 515.797424,630.808594 516.012329,631.689819 
z"/>
<path fill="#F1A952" opacity="1.000000" stroke="none" 
	d="
M514.109863,629.850708 
	C514.323730,629.464539 514.608093,629.396362 515.095337,629.238098 
	C515.316772,629.225586 515.431763,629.424194 515.434448,629.538391 
	C515.437134,629.652588 515.204773,629.831787 515.090759,629.924072 
	C514.717529,630.093018 514.458252,630.169678 514.109863,629.850708 
z"/>
<path fill="#BD330C" opacity="1.000000" stroke="none" 
	d="
M377.970398,129.658325 
	C378.451233,131.698807 378.737915,133.447357 379.103027,135.571411 
	C381.620178,141.641510 379.080688,146.910294 377.689301,152.241638 
	C377.151093,154.303879 375.863190,156.119232 374.773956,158.392273 
	C374.491760,158.942825 374.381042,159.161942 374.093140,159.699249 
	C373.670471,160.429169 373.416382,160.835434 372.958374,161.531494 
	C372.614807,162.009430 372.466125,162.191925 372.060211,162.614609 
	C369.796234,163.873978 368.668640,166.467712 365.688721,165.861191 
	C364.325928,162.738968 367.269775,161.229813 367.727112,158.517746 
	C370.564026,151.544724 373.096405,144.946442 372.652008,137.521194 
	C372.010803,126.807678 365.678375,121.763809 355.364441,124.384193 
	C351.059967,125.477806 346.491211,125.803253 342.356079,128.561554 
	C340.799561,137.281799 341.254486,145.704819 341.988556,154.541351 
	C342.935181,159.387787 342.127228,163.904022 342.901306,168.709015 
	C344.141907,171.045792 345.811737,170.260315 347.443756,170.075974 
	C349.381287,169.857147 351.543060,169.402786 352.268005,172.481598 
	C348.436310,175.677856 343.922943,175.988327 339.602234,176.767258 
	C337.195557,177.201157 335.790253,175.597366 335.773804,173.301193 
	C335.712769,164.761368 334.893219,156.201431 336.500732,147.281509 
	C336.772797,146.466980 336.809692,146.059540 336.801483,145.347595 
	C336.261902,137.946503 336.556183,130.844070 336.958557,123.417572 
	C343.566559,121.576271 349.758881,119.749557 356.075439,118.614517 
	C367.057220,116.641174 372.478180,119.505760 377.970398,129.658325 
z"/>
<path fill="#F5E3AB" opacity="1.000000" stroke="none" 
	d="
M336.443237,146.874420 
	C336.796234,155.474335 336.965179,164.075577 336.857819,172.673386 
	C336.820496,175.661346 337.531189,176.463684 340.500732,175.490860 
	C344.105194,174.310059 347.852783,173.566010 351.832275,172.397217 
	C356.063934,169.176682 360.761536,167.800446 365.609436,166.000244 
	C368.184052,165.174255 369.452393,163.153168 371.582886,161.824341 
	C372.326416,162.237869 372.552338,162.688751 372.560242,163.613907 
	C368.660583,170.009995 362.394226,172.372772 355.792175,174.922668 
	C350.240479,175.904434 345.317688,177.690536 340.282288,179.060455 
	C338.023895,179.674850 335.396545,180.779861 333.861115,177.108765 
	C333.365356,174.381744 333.535461,172.045197 333.493927,169.273529 
	C333.490082,165.519928 333.357239,162.211029 333.519135,158.444183 
	C333.545929,154.604294 332.914734,151.169083 334.663513,147.556580 
	C334.975800,147.210403 334.964233,146.984360 334.978760,146.870316 
	C335.379059,146.795654 335.764862,146.835037 336.443237,146.874420 
z"/>
<path fill="#F5E3AB" opacity="1.000000" stroke="none" 
	d="
M336.950745,123.306396 
	C337.203278,130.101242 337.088257,137.110840 336.864807,144.581772 
	C335.417969,137.879425 335.854523,130.701462 336.950745,123.306396 
z"/>
<path fill="#FCB010" opacity="1.000000" stroke="none" 
	d="
M334.532837,176.792725 
	C335.892334,179.802032 337.881256,178.167786 339.359100,177.808151 
	C344.565552,176.541046 349.510712,174.243118 355.351746,173.860596 
	C358.386169,173.739761 360.988525,173.877655 363.597229,174.336761 
	C367.116760,174.956161 370.511719,174.693222 373.556671,172.464401 
	C375.333862,171.163544 377.507965,170.832062 379.608398,170.341537 
	C384.376190,169.228058 388.477478,166.771667 392.430634,163.980896 
	C395.146423,162.063690 397.934296,160.153992 401.853149,161.754868 
	C397.663483,171.115662 389.999146,177.086136 381.935822,182.630020 
	C380.038910,183.934235 377.885437,184.865311 375.506927,186.021210 
	C365.905243,186.843094 356.580811,187.022064 347.491913,189.285507 
	C344.086578,190.133575 340.616302,190.455444 337.096161,190.492157 
	C330.108368,190.564987 323.769165,192.756470 317.669983,196.155746 
	C314.452362,197.949036 311.298889,200.673294 306.736511,199.289047 
	C306.388275,196.003693 306.357727,192.995712 306.387421,189.543274 
	C315.440216,187.700272 320.689392,179.067917 329.453094,177.192062 
	C331.045776,176.851151 332.511780,175.801224 334.532837,176.792725 
z"/>
<path fill="#F6A110" opacity="1.000000" stroke="none" 
	d="
M306.357330,199.340851 
	C311.847595,198.821823 316.126190,195.604813 320.470795,193.062881 
	C325.290619,190.242905 330.435730,189.169983 335.627838,189.142166 
	C345.313232,189.090286 354.438843,185.486526 364.089691,185.374802 
	C367.545471,185.334824 370.981262,184.493591 374.772583,185.906189 
	C359.185852,195.465622 340.682281,197.133011 323.534393,202.947464 
	C319.605804,204.279541 315.639221,205.499603 311.352020,206.915924 
	C309.921356,207.333633 308.828766,207.606659 307.389923,207.880127 
	C305.919617,205.931015 306.810577,203.796509 306.404480,201.390793 
	C306.315826,200.561844 306.305847,200.115921 306.357330,199.340851 
z"/>
<path fill="#FDDA66" opacity="1.000000" stroke="none" 
	d="
M380.783447,136.394318 
	C389.769165,134.927383 398.512848,133.991241 407.180481,132.585907 
	C410.487274,132.049744 411.168427,133.416733 410.860229,135.974716 
	C410.484589,139.092285 409.770538,142.169052 409.078186,145.642639 
	C407.393951,147.187241 405.602539,147.079605 403.778992,147.098297 
	C399.343719,147.143723 394.944153,147.486877 390.719940,149.065964 
	C387.243469,150.365540 383.694397,150.551971 379.826111,149.060974 
	C378.959961,144.677917 380.167999,140.743530 380.783447,136.394318 
z"/>
<path fill="#FDB916" opacity="1.000000" stroke="none" 
	d="
M402.442566,161.916855 
	C398.896362,161.933929 396.129211,162.878525 393.463837,164.898132 
	C388.716156,168.495560 383.622803,171.585434 377.434418,172.084671 
	C374.040527,172.358475 372.458130,176.281830 368.634186,176.100449 
	C364.490295,175.903885 360.467041,175.420990 356.136444,174.029755 
	C361.252991,171.229691 367.059143,169.101074 371.405396,164.024612 
	C372.846466,163.127670 374.106842,162.744339 375.480804,163.012375 
	C383.081940,164.495224 389.457520,161.994766 395.439362,157.405258 
	C398.274231,155.230255 401.653839,153.203064 405.226593,156.777496 
	C404.771088,158.941849 404.062408,160.527832 402.442566,161.916855 
z"/>
<path fill="#FDCD3D" opacity="1.000000" stroke="none" 
	d="
M379.634216,149.141754 
	C389.512604,149.237595 398.429749,143.911194 408.544434,146.013474 
	C407.572968,147.562912 408.322418,149.650528 407.389984,151.650330 
	C397.421936,156.609451 387.499207,160.703857 375.947510,159.867218 
	C374.241119,155.331070 377.999512,152.752045 379.634216,149.141754 
z"/>
<path fill="#FBC22B" opacity="1.000000" stroke="none" 
	d="
M374.864014,159.042664 
	C383.664734,158.577209 392.025757,157.766296 399.679016,153.417160 
	C401.566193,152.344727 404.113586,152.434067 406.776398,151.966736 
	C406.683685,153.527084 406.172058,155.110046 405.408142,156.939880 
	C402.035370,154.617584 398.790161,156.181335 396.684845,158.094376 
	C389.591797,164.539581 381.645721,166.263428 372.119568,163.883072 
	C371.776337,163.396942 371.886688,162.967255 371.961243,162.206177 
	C371.925476,161.874771 371.979401,161.933197 371.947906,161.957458 
	C372.461761,161.613022 372.498505,161.001587 372.804749,160.194000 
	C372.959625,159.943115 372.990692,160.004364 372.965149,159.981216 
	C373.414734,159.545258 373.900238,159.150742 374.864014,159.042664 
z"/>
<path fill="#F5E3AB" opacity="1.000000" stroke="none" 
	d="
M375.277771,158.715515 
	C374.642639,159.401962 374.107178,159.764786 373.255676,160.042847 
	C376.550323,152.660919 379.251892,145.125931 379.087341,136.381729 
	C379.598053,135.962753 380.014679,135.978592 380.743530,136.022461 
	C380.768555,140.092209 381.352142,144.210007 380.000793,148.576508 
	C378.608398,152.199249 377.668610,155.628189 375.277771,158.715515 
z"/>
<path fill="#FDDA66" opacity="1.000000" stroke="none" 
	d="
M334.599915,147.148865 
	C334.963928,150.518448 334.952087,153.826477 334.896515,157.591644 
	C327.129242,161.383499 319.748871,165.486755 311.830963,168.378448 
	C310.288696,168.941681 308.622620,169.290482 306.672241,168.342941 
	C306.280579,164.401199 306.185516,160.713684 306.088196,156.574951 
	C306.085968,156.123703 306.161072,155.739456 306.187012,155.547150 
	C313.526398,153.355881 320.435791,150.025330 328.364319,148.683319 
	C329.411316,148.378647 329.992004,148.006500 330.893616,147.505005 
	C332.209076,147.263077 333.216522,147.175186 334.599915,147.148865 
z"/>
<path fill="#FDE7A6" opacity="1.000000" stroke="none" 
	d="
M330.891479,147.271790 
	C330.883911,148.193573 330.414185,148.845627 329.072876,148.706085 
	C329.103302,147.802475 329.604065,147.191925 330.891479,147.271790 
z"/>
<path fill="#FBC22B" opacity="1.000000" stroke="none" 
	d="
M334.846802,176.599304 
	C329.179504,178.647141 323.390747,179.777817 319.043304,184.359543 
	C315.923340,187.647644 312.132111,189.885498 306.848145,189.068024 
	C306.417450,186.078674 306.387268,183.058517 306.418213,179.597229 
	C312.550140,177.572250 317.122009,173.820084 321.424500,169.411621 
	C324.893219,165.857468 329.829437,165.728226 334.621246,168.675171 
	C334.797791,171.403351 334.834808,173.778198 334.846802,176.599304 
z"/>
<path fill="#FCD350" opacity="1.000000" stroke="none" 
	d="
M334.829285,168.573318 
	C329.446320,167.125519 324.641815,167.012360 320.497711,171.857864 
	C318.197113,174.547852 315.766785,177.162186 312.212311,178.704453 
	C310.281219,179.542343 308.838593,179.245132 306.806030,179.115051 
	C306.398499,175.766098 306.317657,172.376083 306.306213,168.537384 
	C310.548340,167.735596 314.384277,166.386749 318.108459,164.481018 
	C323.234070,161.858109 328.199921,158.773178 334.473480,158.039642 
	C334.867767,161.405228 334.882751,164.761673 334.829285,168.573318 
z"/>
<path fill="#FCBA37" opacity="1.000000" stroke="none" 
	d="
M306.248535,201.418243 
	C307.542297,202.923569 306.717499,205.064011 307.019043,207.481888 
	C305.129700,206.097275 306.438538,203.849411 306.248535,201.418243 
z"/>
<path fill="#F45B04" opacity="1.000000" stroke="none" 
	d="
M470.342407,847.964417 
	C472.596008,843.323914 478.323608,842.274841 481.758545,838.165161 
	C480.594971,844.101990 475.411957,845.742981 470.342407,847.964417 
z"/>
<path fill="#CD4010" opacity="1.000000" stroke="none" 
	d="
M480.336426,122.102264 
	C473.312988,124.407677 466.285492,124.108383 459.380920,124.853905 
	C456.422058,125.173393 455.643494,124.145622 455.746033,121.330574 
	C455.969604,115.194237 455.911346,109.047638 455.915558,102.436295 
	C463.012054,100.525703 470.280579,100.196838 477.524353,100.141434 
	C481.715149,100.109383 485.247681,102.191170 486.939178,106.307899 
	C488.841095,110.936745 487.377686,115.081757 484.402161,118.739189 
	C483.383575,119.991173 481.895966,120.861565 480.336426,122.102264 
z"/>
<path fill="#CD4010" opacity="1.000000" stroke="none" 
	d="
M422.268677,130.101837 
	C422.090271,128.808990 422.066376,127.358238 422.160034,125.573822 
	C422.277557,125.240150 422.598022,125.605377 422.727356,125.810982 
	C422.766846,126.752678 422.677032,127.488762 422.700012,128.582626 
	C423.004303,129.072922 423.195831,129.205429 423.083649,129.510620 
	C422.779938,129.683273 422.423157,129.943924 422.268677,130.101837 
z"/>
<path fill="#FCB010" opacity="1.000000" stroke="none" 
	d="
M445.340271,179.137970 
	C438.854370,179.134949 432.823090,180.346725 426.356140,181.345154 
	C425.641907,181.443802 425.322327,181.369385 424.560364,181.079407 
	C424.226440,180.706314 424.334961,180.548798 424.198975,180.241150 
	C423.984283,178.021820 424.014069,175.952652 424.097351,173.443756 
	C424.242279,172.837738 424.333771,172.671417 424.299866,172.249466 
	C424.156464,171.239182 424.138428,170.484543 424.173950,169.355560 
	C424.710632,167.960999 424.293091,166.745010 425.266083,165.502136 
	C434.230927,163.640015 442.856964,162.017731 452.052063,163.988525 
	C453.575592,164.899170 453.458588,166.076416 453.646118,167.587433 
	C453.760193,170.701065 453.752869,173.414398 453.683868,176.575531 
	C453.559998,177.201920 453.497742,177.380478 453.231873,177.756485 
	C452.041077,178.655426 450.927185,178.847565 449.401245,178.755203 
	C448.532776,178.532761 447.996704,178.465683 447.202118,178.726135 
	C446.526184,178.920670 446.091034,178.981857 445.340271,179.137970 
z"/>
<path fill="#FDB916" opacity="1.000000" stroke="none" 
	d="
M453.204987,164.806091 
	C443.896545,163.369110 434.939911,165.754852 425.459595,166.006058 
	C424.255219,165.350327 424.617554,164.435074 424.374817,163.334579 
	C424.268982,160.341141 424.259552,157.649689 424.339478,154.520721 
	C425.060303,153.217529 425.990601,152.772659 426.982269,152.726089 
	C434.417664,152.376785 441.867706,151.865555 449.257080,153.223495 
	C451.377533,153.613174 453.626648,154.116974 453.656586,157.529572 
	C453.822266,159.377274 453.854401,160.778702 453.842102,162.598892 
	C453.498138,163.508987 453.492859,164.072174 453.204987,164.806091 
z"/>
<path fill="#FDCC33" opacity="1.000000" stroke="none" 
	d="
M453.863861,157.530853 
	C452.020569,153.675858 447.924713,154.304489 444.610718,154.116150 
	C438.193542,153.751450 431.739868,154.028397 424.865112,154.061325 
	C424.393341,151.702713 424.357849,149.322189 424.407257,146.505249 
	C429.684479,148.774658 434.206482,144.580048 439.239075,144.547668 
	C444.017395,144.516953 449.028168,143.926254 454.090607,142.055237 
	C452.316010,146.992432 454.645508,152.099625 453.863861,157.530853 
z"/>
<path fill="#FCBE32" opacity="1.000000" stroke="none" 
	d="
M424.191956,163.450745 
	C424.519409,163.811111 424.760345,164.589630 425.008362,165.688049 
	C424.895844,166.842957 424.776245,167.677963 424.442078,168.747101 
	C424.186829,167.277100 424.146149,165.572998 424.191956,163.450745 
z"/>
<path fill="#FDFCF9" opacity="1.000000" stroke="none" 
	d="
M422.921631,129.868484 
	C422.779938,129.683273 422.644470,129.305038 422.728638,129.122711 
	C423.119263,129.265106 423.611023,129.554077 423.682434,129.924133 
	C423.760956,130.331055 423.369507,130.409958 422.921631,129.868484 
z"/>
<path fill="#FCBE32" opacity="1.000000" stroke="none" 
	d="
M424.108917,172.244995 
	C424.309723,172.164948 424.465881,172.324783 424.567657,172.513885 
	C424.598938,172.571960 424.481384,172.710175 424.291382,172.907867 
	C424.114990,172.834763 424.079163,172.665451 424.108917,172.244995 
z"/>
<path fill="#F5E3AB" opacity="1.000000" stroke="none" 
	d="
M423.936401,180.227493 
	C424.129364,180.213791 424.223541,180.381714 424.177460,180.729309 
	C423.998657,180.718292 423.932129,180.551666 423.936401,180.227493 
z"/>
<path fill="#FCD350" opacity="1.000000" stroke="none" 
	d="
M548.721069,127.553520 
	C550.520874,129.473770 552.485718,128.890320 554.220520,128.864609 
	C569.301270,128.641068 584.351685,129.043045 599.317200,131.036987 
	C601.523865,131.330978 604.533020,130.657394 604.978821,134.396271 
	C605.566956,139.329071 604.815796,140.405014 599.785706,139.948730 
	C590.394714,139.096848 581.043152,137.755600 571.641846,137.088745 
	C563.139404,136.485672 563.119751,136.762527 562.906067,145.590637 
	C560.255554,148.185852 557.452148,146.975983 554.766785,146.450211 
	C551.151001,145.742233 547.713989,145.411163 544.061279,146.751785 
	C535.922485,149.738892 535.460083,149.329269 534.647095,140.484833 
	C534.381470,137.047913 534.263550,133.986404 534.128784,130.465683 
	C534.416077,129.250031 534.720276,128.493591 535.078552,127.427338 
	C535.132629,127.117523 535.569946,127.045998 535.781250,126.979500 
	C540.148682,126.075089 544.278992,126.162346 548.721069,127.553520 
z"/>
<path fill="#FDF7E5" opacity="1.000000" stroke="none" 
	d="
M549.367065,127.581047 
	C544.947876,127.756088 540.804138,128.330368 536.363770,127.097603 
	C537.266418,122.001030 539.331848,119.578758 545.422668,120.750481 
	C553.741516,122.350815 562.327332,120.466629 570.707031,119.625595 
	C575.656555,119.128838 580.222168,120.099426 584.902466,120.582573 
	C591.778259,121.292389 598.544617,122.892319 605.555786,124.987320 
	C605.951172,126.280022 605.951172,127.580956 605.951172,129.179565 
	C603.097900,126.697266 566.114197,125.662186 549.367065,127.581047 
z"/>
<path fill="#FDB916" opacity="1.000000" stroke="none" 
	d="
M562.648560,156.994110 
	C576.683655,158.186203 590.338989,159.477463 603.999695,160.709259 
	C611.226624,161.360916 611.230835,161.314178 611.057007,169.552277 
	C607.234680,172.387314 602.983032,172.116440 598.886719,171.940353 
	C581.233521,171.181549 563.575500,171.899597 545.927063,171.525650 
	C542.383667,171.450577 539.556702,174.877350 535.516907,172.804962 
	C533.804382,169.046997 534.862549,165.425797 534.443726,161.448944 
	C534.379395,159.635635 534.366211,158.267471 534.439331,156.498138 
	C542.035767,160.197067 550.285400,156.173477 558.001709,158.213699 
	C559.479004,158.604309 560.891602,157.636459 562.648560,156.994110 
z"/>
<path fill="#FCB010" opacity="1.000000" stroke="none" 
	d="
M534.835693,171.738708 
	C536.935852,172.374695 538.826477,173.405807 540.270630,170.943619 
	C541.160156,169.426971 542.993469,170.022202 544.432739,170.019608 
	C561.236694,169.989182 578.046265,169.757050 594.841248,170.145752 
	C599.944092,170.263855 605.006836,169.738907 610.536987,170.003159 
	C610.942139,173.647125 612.273193,178.392624 610.478210,180.628937 
	C608.577698,182.996765 603.857605,180.617752 600.385376,180.207153 
	C582.609436,178.105179 564.749756,177.079926 546.442871,176.006760 
	C542.537903,175.855347 539.087341,175.651352 535.236328,175.312683 
	C534.745239,174.973923 534.654541,174.769836 534.438232,174.255188 
	C534.308289,173.542068 534.304016,173.139465 534.336182,172.436920 
	C534.451538,171.911713 534.530518,171.686493 534.835693,171.738708 
z"/>
<path fill="#FDCC33" opacity="1.000000" stroke="none" 
	d="
M534.404297,140.555969 
	C537.046265,140.962372 535.566406,143.213104 536.105530,144.763016 
	C536.801514,146.764008 537.152649,148.340363 540.119629,146.713165 
	C545.290894,143.877060 550.965576,143.317429 556.653076,145.404236 
	C558.422424,146.053436 560.205139,145.953201 562.421631,146.032562 
	C562.832886,148.083618 562.825439,150.122040 562.722412,152.587616 
	C561.682007,154.127548 560.362183,154.373383 559.033997,154.415146 
	C552.914429,154.607513 546.785950,154.460190 540.690063,155.326157 
	C538.709595,155.607498 536.730469,155.066788 534.810669,153.375092 
	C534.457336,149.008636 534.383301,145.005569 534.404297,140.555969 
z"/>
<path fill="#FBC82A" opacity="1.000000" stroke="none" 
	d="
M534.427734,153.390778 
	C543.604370,154.769379 552.676697,152.004745 562.188293,153.011139 
	C562.719299,154.057755 562.811646,155.100769 562.965088,156.531723 
	C562.165894,160.103333 559.632568,160.331192 557.159973,159.789062 
	C551.930298,158.642502 546.784668,158.572830 541.593140,159.882324 
	C538.369446,160.695465 536.293945,159.279831 534.838501,156.189240 
	C534.458435,155.321274 534.391235,154.545563 534.427734,153.390778 
z"/>
<path fill="#FCD350" opacity="1.000000" stroke="none" 
	d="
M535.034912,171.564926 
	C535.061951,172.016174 534.719177,172.089447 534.545898,172.113190 
	C534.306274,168.723984 534.239929,165.311005 534.283081,161.450928 
	C535.684448,164.307617 534.642334,167.753479 535.034912,171.564926 
z"/>
<path fill="#FCD350" opacity="1.000000" stroke="none" 
	d="
M534.258057,174.193909 
	C534.569946,174.141159 534.741272,174.395630 534.831238,174.943024 
	C534.625122,174.933044 534.414307,174.688095 534.258057,174.193909 
z"/>
<path fill="#FEEDBA" opacity="1.000000" stroke="none" 
	d="
M666.944946,143.372162 
	C667.439331,139.766602 669.963074,139.410538 672.473083,139.004639 
	C678.391907,138.047546 684.234924,138.500366 690.055908,139.805893 
	C691.502197,140.130280 693.020142,140.245880 694.725830,139.289795 
	C695.433350,139.018494 695.868713,139.031281 696.630493,139.058426 
	C697.419983,139.514618 697.940979,139.726868 698.823364,139.307495 
	C700.145935,139.429108 701.222473,139.724136 702.632446,140.082245 
	C702.992798,141.891327 704.616882,141.824066 705.807739,142.727997 
	C704.357300,146.731567 701.027771,145.470078 698.445496,145.077148 
	C693.724121,144.358734 689.251953,144.795395 684.434021,146.450256 
	C683.104370,147.014603 682.118652,147.363586 680.742798,147.766113 
	C679.856018,147.927979 679.344238,147.941360 678.455322,147.839355 
	C677.344604,147.616257 676.638428,147.348358 675.544922,147.071106 
	C672.431213,145.867920 669.115906,146.207306 666.944946,143.372162 
z"/>
<path fill="#FBF2D4" opacity="1.000000" stroke="none" 
	d="
M698.718811,139.089874 
	C698.704895,140.504654 698.226501,141.425491 697.010071,139.357407 
	C697.427246,139.063766 697.897766,139.054733 698.718811,139.089874 
z"/>
<path fill="#FDB916" opacity="1.000000" stroke="none" 
	d="
M702.020569,176.488846 
	C702.576355,175.820312 702.995422,175.499512 703.653442,175.059753 
	C712.826599,173.844391 721.493103,175.204910 729.930908,178.055237 
	C732.889343,179.054581 732.605469,181.846420 732.296143,184.775238 
	C731.739075,187.537567 730.920837,189.724289 729.424622,191.987854 
	C725.358521,191.819824 721.555115,191.407852 717.872437,190.317917 
	C715.588745,189.642029 713.284302,189.426056 710.977722,190.022568 
	C703.119751,192.054733 695.111328,191.352600 687.144165,191.401352 
	C684.615906,191.416824 682.172424,190.861267 679.842834,189.940201 
	C672.141418,186.895309 665.120361,182.344971 657.136536,179.861420 
	C654.659607,179.090912 652.551697,177.153625 651.716064,174.027039 
	C651.830933,173.624176 651.745544,173.321777 651.818726,173.182770 
	C652.037659,172.887177 652.183411,172.730591 652.182373,172.288681 
	C651.960449,169.022064 651.417786,164.926270 653.552551,163.614578 
	C655.725159,162.279648 658.376465,165.684647 660.713928,167.160934 
	C671.251160,173.816208 682.315430,178.907394 695.076843,179.117706 
	C697.580872,179.158966 700.114624,179.084000 702.020569,176.488846 
z"/>
<path fill="#FCB010" opacity="1.000000" stroke="none" 
	d="
M651.602539,173.928802 
	C653.396606,175.827698 655.368347,178.176727 657.777710,178.714935 
	C666.664917,180.700226 673.591736,187.281296 682.353027,189.109039 
	C691.493835,191.015930 700.868713,190.709641 710.007324,188.740158 
	C716.731079,187.291092 722.538452,190.170593 728.923828,191.899261 
	C722.443726,201.415161 712.698425,202.779953 702.525757,201.768066 
	C683.829895,199.908356 666.514038,193.803391 650.732971,183.466156 
	C649.157837,182.434341 648.767029,181.510681 649.417908,179.851456 
	C650.141541,178.006836 650.728027,176.108429 651.602539,173.928802 
z"/>
<path fill="#FCD350" opacity="1.000000" stroke="none" 
	d="
M677.768372,146.811859 
	C678.496216,146.804413 678.931335,146.835251 679.692200,146.897461 
	C682.959839,148.462723 685.891907,150.008286 688.769592,151.667908 
	C694.152649,154.772369 699.943604,156.016159 706.175476,156.902161 
	C713.537781,157.948898 720.922546,157.417252 728.533936,158.805023 
	C729.338074,161.699966 732.076599,163.366058 732.009888,166.627991 
	C729.440552,169.143646 726.330872,168.674301 723.423523,168.513000 
	C716.831482,168.147263 710.252136,167.552505 703.236938,167.272156 
	C702.428467,166.990967 702.026428,166.937149 701.323547,166.929382 
	C701.134155,165.949356 700.769653,165.226807 699.387207,164.939407 
	C698.885559,164.652451 698.720581,164.364914 698.301880,164.014465 
	C697.877686,163.671631 697.707336,163.391724 697.297485,163.024490 
	C696.137817,161.160263 694.339600,160.455261 692.686401,159.921677 
	C681.550964,156.327530 670.756104,151.991714 660.350464,145.963379 
	C660.307678,144.345703 658.831665,143.642517 657.927612,142.233582 
	C660.653809,141.506149 663.393311,142.424133 666.587891,142.991669 
	C669.487122,144.791107 672.672607,144.398834 675.673340,145.807938 
	C676.389587,146.442093 676.850037,146.782349 677.768372,146.811859 
z"/>
<path fill="#FDCC33" opacity="1.000000" stroke="none" 
	d="
M702.942017,167.381409 
	C708.138489,165.552353 713.390015,165.895340 718.804443,166.812775 
	C722.789429,167.488037 726.974731,166.980957 731.538208,166.999542 
	C732.005554,166.998383 732.097839,167.412537 732.094849,167.624695 
	C732.200439,168.018372 732.308899,168.199921 732.517395,168.682434 
	C733.135681,174.151657 733.430664,179.320007 732.386597,184.843048 
	C732.584290,178.815445 729.945679,178.420609 719.746521,177.108124 
	C714.733826,176.463058 709.715210,175.901901 704.316162,174.969421 
	C705.275208,172.340103 704.544250,169.984940 702.942017,167.381409 
z"/>
<path fill="#FDDA66" opacity="1.000000" stroke="none" 
	d="
M728.769287,158.736603 
	C725.723877,158.997803 722.618530,158.869217 719.533813,159.864655 
	C715.109863,161.292267 711.290283,157.595413 707.000549,158.046432 
	C700.418701,158.738449 694.546875,156.701416 689.101562,153.452835 
	C686.047485,151.630783 682.436462,150.580948 680.056335,147.282181 
	C680.799438,146.643372 681.580933,146.357925 682.676697,146.054504 
	C685.484314,146.764450 688.142883,146.383850 690.994629,147.324188 
	C700.501953,151.966309 710.592957,151.909317 720.336304,153.504974 
	C721.305664,153.663727 722.328918,153.456696 723.711304,153.745056 
	C725.633545,155.341904 727.156677,156.884842 728.769287,158.736603 
z"/>
<path fill="#FDDE77" opacity="1.000000" stroke="none" 
	d="
M724.051270,153.488861 
	C720.197510,156.593231 716.045227,154.883636 712.259766,153.885925 
	C705.246826,152.037567 697.465332,153.329849 691.052979,148.412964 
	C691.772766,147.046356 692.924133,146.724136 694.069092,146.903778 
	C700.781921,147.956924 707.495239,146.241837 714.608521,146.951355 
	C717.081604,147.686646 719.147156,148.444305 721.559387,149.347748 
	C722.601379,150.721939 723.296753,151.950348 724.051270,153.488861 
z"/>
<path fill="#FCB010" opacity="1.000000" stroke="none" 
	d="
M651.955750,172.257385 
	C652.188660,172.194672 652.358093,172.376404 652.479736,172.585953 
	C652.502197,172.624496 652.330688,172.775650 652.070374,172.959290 
	C651.886597,172.866318 651.881226,172.688858 651.955750,172.257385 
z"/>
<path fill="#FCD350" opacity="1.000000" stroke="none" 
	d="
M732.631470,168.756546 
	C732.373657,168.803955 732.208740,168.569016 732.107300,168.057739 
	C732.388611,167.978271 732.573120,168.209213 732.631470,168.756546 
z"/>
<path fill="#FDE698" opacity="1.000000" stroke="none" 
	d="
M714.811646,146.653809 
	C713.013977,148.597610 710.914490,148.671448 708.268188,148.416092 
	C702.835510,147.891907 697.299194,149.537201 691.406494,148.036530 
	C688.409485,147.408524 685.453552,149.176727 683.081299,146.413025 
	C687.131836,143.085815 691.805420,142.519485 696.613464,143.425491 
	C699.594543,143.987244 702.481384,144.259048 705.720703,143.273041 
	C709.034363,143.705887 711.952698,144.708237 714.811646,146.653809 
z"/>
<path fill="#FDE786" opacity="1.000000" stroke="none" 
	d="
M680.715271,670.077759 
	C682.115540,666.911011 682.856995,663.187561 685.518555,660.089600 
	C689.326050,659.674194 691.781799,662.768860 695.559814,662.971802 
	C694.184021,672.020447 686.524841,668.688477 680.715271,670.077759 
z"/>
<path fill="#FCDD51" opacity="1.000000" stroke="none" 
	d="
M701.953064,676.808533 
	C701.912292,676.521240 702.180908,676.354614 702.756836,676.310120 
	C702.792114,676.589905 702.524841,676.755615 701.953064,676.808533 
z"/>
<path fill="#FDDA66" opacity="1.000000" stroke="none" 
	d="
M699.767944,657.281128 
	C698.885986,656.611816 699.019470,655.959045 699.762756,655.463867 
	C699.909363,655.366272 700.421021,655.520325 700.515625,655.693909 
	C700.856079,656.318359 700.533813,656.819458 699.767944,657.281128 
z"/>
<path fill="#FDDA66" opacity="1.000000" stroke="none" 
	d="
M702.527954,651.558594 
	C702.471863,651.594116 702.583984,651.523010 702.527954,651.558594 
z"/>
<path fill="#FDDA66" opacity="1.000000" stroke="none" 
	d="
M701.454346,653.439880 
	C701.521240,653.394287 701.387512,653.485474 701.454346,653.439880 
z"/>
<path fill="#FDE7A6" opacity="1.000000" stroke="none" 
	d="
M711.580872,599.905823 
	C714.875671,592.084778 723.673401,586.453125 731.171692,587.006409 
	C732.517822,587.105774 734.054260,587.044556 734.533203,588.532593 
	C735.031372,590.080383 733.695374,591.124146 732.555176,591.598938 
	C728.981323,593.087219 728.480042,597.748901 724.375488,599.002930 
	C720.099121,600.289490 716.052002,600.003113 711.580872,599.905823 
z"/>
<path fill="#EB9112" opacity="1.000000" stroke="none" 
	d="
M396.807129,680.263672 
	C398.074554,679.689636 399.252777,679.376587 400.806976,679.070068 
	C401.117767,679.484253 401.052582,679.891907 400.945190,680.604370 
	C399.513550,680.720703 398.022034,681.643127 396.807129,680.263672 
z"/>
<path fill="#090605" opacity="1.000000" stroke="none" 
	d="
M513.796753,629.750671 
	C514.208801,629.499878 514.396790,629.544556 514.780762,629.802856 
	C515.187866,631.790283 515.398987,633.564209 515.788574,635.667358 
	C516.623413,643.533325 518.122253,650.974915 517.552856,658.643250 
	C516.977966,666.386230 513.441284,671.300964 505.496857,673.298096 
	C503.612946,673.490906 502.073700,673.531311 500.116821,673.222290 
	C499.698700,673.024963 499.622589,672.858826 499.538940,672.891479 
	C496.946289,670.916687 493.676056,669.788574 492.000793,666.325928 
	C491.941895,661.017395 496.142853,658.186829 498.281281,654.262512 
	C502.847473,645.882874 509.242981,638.611328 513.796753,629.750671 
z"/>
<path fill="#FCB62B" opacity="1.000000" stroke="none" 
	d="
M499.977417,673.270081 
	C501.221252,673.087891 502.743805,673.150818 504.709320,673.324707 
	C503.533997,674.309937 501.898651,674.133057 499.977417,673.270081 
z"/>
<path fill="#8A1101" opacity="1.000000" stroke="none" 
	d="
M487.924133,660.357910 
	C489.029480,660.013733 490.278534,659.826355 490.451813,661.105408 
	C490.628754,662.410889 489.424652,661.946838 488.355469,661.993530 
	C487.943329,661.548340 487.873230,661.111145 487.924133,660.357910 
z"/>
<path fill="#FDCC33" opacity="1.000000" stroke="none" 
	d="
M472.283142,155.183411 
	C468.691589,151.825958 466.017517,148.021729 464.152893,143.278168 
	C464.068848,141.603119 464.064606,140.040283 465.913422,140.095001 
	C470.287750,140.224457 474.791412,139.035522 478.962036,141.458878 
	C483.293365,143.975616 487.821198,144.778595 492.796661,142.200272 
	C493.406525,141.992844 493.770691,142.081757 494.400818,142.257690 
	C497.093994,145.326096 499.521179,148.307449 502.124603,151.582092 
	C500.045929,154.997055 496.848663,154.244751 493.732391,154.027084 
	C486.686493,153.534927 479.600739,152.436447 472.283142,155.183411 
z"/>
<path fill="#FDCC33" opacity="1.000000" stroke="none" 
	d="
M457.959351,141.892853 
	C457.626587,142.162048 457.120667,142.181000 456.233948,142.176788 
	C456.346039,141.410278 456.910797,140.938812 457.959351,141.892853 
z"/>
<path fill="#FDB916" opacity="1.000000" stroke="none" 
	d="
M514.379272,164.290009 
	C514.795166,164.693802 514.994141,164.936600 515.465759,165.206833 
	C516.353821,168.822632 519.930237,170.652664 521.122559,174.331085 
	C516.047363,175.468277 511.116821,174.695633 506.244568,174.862122 
	C500.945648,175.043167 495.640289,175.029892 490.338318,175.131012 
	C488.517578,175.165726 486.661011,175.451248 484.916199,173.664627 
	C484.117065,172.624420 483.616058,171.850586 482.898987,170.907074 
	C481.453156,168.836639 480.223389,166.935913 478.890198,164.718567 
	C477.539948,160.681168 479.494507,159.135162 482.801636,158.631531 
	C485.271393,158.255386 487.815155,158.129181 490.245453,158.589462 
	C496.915985,159.852783 503.780212,159.749313 510.817383,161.691223 
	C512.213135,162.626099 513.159607,163.400696 514.379272,164.290009 
z"/>
<path fill="#FBC22B" opacity="1.000000" stroke="none" 
	d="
M511.091919,161.560425 
	C501.947662,163.236908 492.988983,159.414169 483.713196,159.945786 
	C481.152710,160.092545 479.022461,160.313629 478.854401,163.962677 
	C476.588593,161.553970 474.390381,158.705978 472.027222,155.583282 
	C472.430267,152.335922 474.729584,151.935150 477.103943,152.033264 
	C483.298492,152.289291 489.548126,151.209732 495.692657,152.900085 
	C497.648529,153.438126 499.582062,152.708633 501.871765,151.952789 
	C505.172913,155.006729 508.045013,158.138031 511.091919,161.560425 
z"/>
<path fill="#FDCC33" opacity="1.000000" stroke="none" 
	d="
M453.007690,165.319000 
	C453.134216,164.464142 453.265991,163.931946 453.597717,163.208710 
	C453.840851,164.401901 453.884033,165.786148 453.847382,167.579071 
	C453.515991,167.205704 453.264465,166.423691 453.007690,165.319000 
z"/>
<path fill="#FCCE53" opacity="1.000000" stroke="none" 
	d="
M447.312317,178.910736 
	C447.434143,178.316284 447.973602,178.035568 448.869354,178.581085 
	C448.591858,178.813782 448.127594,178.887894 447.312317,178.910736 
z"/>
<path fill="#FDCC33" opacity="1.000000" stroke="none" 
	d="
M453.232056,177.884186 
	C453.058044,177.693085 453.158600,177.463211 453.476044,177.143829 
	C453.742920,177.330139 453.680817,177.593842 453.232056,177.884186 
z"/>
<path fill="#FDF5A4" opacity="1.000000" stroke="none" 
	d="
M422.055206,664.012085 
	C422.004272,664.777893 421.753418,665.284485 421.233643,665.898804 
	C420.964691,666.006592 421.000610,666.000854 420.998291,666.017578 
	C420.408722,665.527893 420.426453,664.925293 420.961945,664.061401 
	C421.422943,663.813171 421.639130,663.783020 422.055206,664.012085 
z"/>
<path fill="#FDF5A4" opacity="1.000000" stroke="none" 
	d="
M423.238770,663.235352 
	C423.209320,663.656067 422.980377,663.887451 422.476318,664.168396 
	C422.255127,664.271362 422.124786,664.128052 422.056702,664.059143 
	C421.795074,663.587280 421.861603,663.233154 422.491028,662.881836 
	C422.794037,662.835938 423.093170,663.099243 423.238770,663.235352 
z"/>
<path fill="#FDDA66" opacity="1.000000" stroke="none" 
	d="
M422.867249,662.489380 
	C422.520935,663.016357 422.305389,663.249817 422.067993,663.763306 
	C421.680115,664.473206 421.371582,664.956238 421.029510,665.736816 
	C417.911041,668.004456 416.050354,671.440918 412.285858,672.981812 
	C414.494568,667.947144 419.263824,664.739441 422.657410,660.090454 
	C422.974823,660.738586 422.957672,661.440735 422.867249,662.489380 
z"/>
<path fill="#FDDA66" opacity="1.000000" stroke="none" 
	d="
M407.416077,676.119629 
	C407.913513,674.177490 409.746338,673.507874 411.645447,672.731934 
	C411.403259,675.094971 409.750488,675.856567 407.416077,676.119629 
z"/>
<path fill="#FDDA66" opacity="1.000000" stroke="none" 
	d="
M405.897400,677.014893 
	C405.841400,676.713684 406.113281,676.408875 406.697540,676.089233 
	C406.748383,676.386658 406.486816,676.699036 405.897400,677.014893 
z"/>
<path fill="#FDE786" opacity="1.000000" stroke="none" 
	d="
M684.266235,652.880676 
	C684.123840,652.403564 684.279541,651.817322 684.737305,651.127197 
	C684.881042,651.606018 684.722656,652.188782 684.266235,652.880676 
z"/>
<path fill="#FDE786" opacity="1.000000" stroke="none" 
	d="
M685.322388,650.903381 
	C685.148682,650.663696 685.264648,650.298950 685.622925,649.756714 
	C685.780884,649.978882 685.696472,650.378601 685.322388,650.903381 
z"/>
<path fill="#FDDA66" opacity="1.000000" stroke="none" 
	d="
M425.748596,656.040405 
	C426.331726,657.886780 425.588928,659.265442 423.398956,660.010010 
	C423.154083,658.283875 424.569305,657.384888 425.748596,656.040405 
z"/>
<path fill="#090605" opacity="1.000000" stroke="none" 
	d="
M341.331390,171.228210 
	C340.927429,165.973724 340.858734,160.919937 340.723511,155.400269 
	C340.356415,145.926849 340.544159,136.917587 340.738892,127.459900 
	C346.453430,124.709648 352.272552,123.276344 358.123901,122.265503 
	C366.667175,120.789619 373.091583,126.382927 373.920471,135.464508 
	C374.652100,143.480255 373.152527,151.019241 368.905396,158.310471 
	C364.091248,165.433533 357.634430,169.215027 349.404602,170.050873 
	C346.799835,170.315414 344.422119,171.941025 341.331390,171.228210 
z"/>
<path fill="#9F270D" opacity="1.000000" stroke="none" 
	d="
M341.259460,171.314728 
	C351.169891,169.500519 360.841156,166.841629 368.494904,158.798798 
	C369.486206,161.541656 365.611938,162.516724 365.986786,165.661194 
	C362.185638,169.302048 357.574982,170.798172 352.500397,172.130997 
	C350.502563,170.342529 348.626801,171.044250 346.749573,171.603592 
	C345.013336,172.120895 343.264648,172.285568 341.259460,171.314728 
z"/>
<path fill="#9F270D" opacity="1.000000" stroke="none" 
	d="
M340.635193,127.314072 
	C340.907288,136.019135 340.897766,145.027390 340.772614,154.485016 
	C339.372467,145.841827 339.923004,136.728867 340.635193,127.314072 
z"/>
<path fill="#F5E3AB" opacity="1.000000" stroke="none" 
	d="
M372.637909,160.058426 
	C372.816315,160.544083 372.673035,161.145035 372.223083,161.863861 
	C371.399414,161.235260 371.961945,160.727524 372.637909,160.058426 
z"/>
<path fill="#170C08" opacity="1.000000" stroke="none" 
	d="
M483.192749,110.130653 
	C483.593079,115.811935 480.335175,118.025414 475.893188,119.002937 
	C473.475800,119.534920 470.964142,119.736061 468.483459,119.865044 
	C459.971893,120.307579 459.969940,120.270302 459.319397,111.968552 
	C458.822845,105.632042 458.862549,105.540192 465.459106,104.852303 
	C469.083405,104.474373 472.727112,104.012215 476.358032,104.044121 
	C479.945190,104.075630 482.896027,105.433167 483.192749,110.130653 
z"/>
<path fill="#FDDA66" opacity="1.000000" stroke="none" 
	d="
M677.869995,146.556854 
	C677.262573,148.056030 676.591248,148.050934 676.039185,146.269821 
	C676.568481,146.088867 677.123718,146.214493 677.869995,146.556854 
z"/>
</svg>
